-- phpMyAdmin SQL Dump
-- version 5.1.1
-- https://www.phpmyadmin.net/
--
-- Host: 127.0.0.1
-- Waktu pembuatan: 06 Okt 2021 pada 14.09
-- Versi server: 10.4.20-MariaDB
-- Versi PHP: 7.3.29

SET SQL_MODE = "NO_AUTO_VALUE_ON_ZERO";
START TRANSACTION;
SET time_zone = "+00:00";


/*!40101 SET @OLD_CHARACTER_SET_CLIENT=@@CHARACTER_SET_CLIENT */;
/*!40101 SET @OLD_CHARACTER_SET_RESULTS=@@CHARACTER_SET_RESULTS */;
/*!40101 SET @OLD_COLLATION_CONNECTION=@@COLLATION_CONNECTION */;
/*!40101 SET NAMES utf8mb4 */;

--
-- Database: `db_apotek`
--

-- --------------------------------------------------------

--
-- Struktur dari tabel `dokter`
--

CREATE TABLE `dokter` (
  `id_dokter` int(11) NOT NULL,
  `nama_dokter` varchar(100) NOT NULL,
  `status_delete` int(1) NOT NULL
) ENGINE=InnoDB DEFAULT CHARSET=latin1;

--
-- Dumping data untuk tabel `dokter`
--

INSERT INTO `dokter` (`id_dokter`, `nama_dokter`, `status_delete`) VALUES
(1, 'dr. cyntia', 0),
(2, 'COPY RESEP APOTEK LUAR', 0);

-- --------------------------------------------------------

--
-- Struktur dari tabel `golongan_obat`
--

CREATE TABLE `golongan_obat` (
  `id_golongan_obat` int(11) NOT NULL,
  `nama_golongan` varchar(50) NOT NULL,
  `status_delete` int(1) NOT NULL
) ENGINE=InnoDB DEFAULT CHARSET=utf8;

--
-- Dumping data untuk tabel `golongan_obat`
--

INSERT INTO `golongan_obat` (`id_golongan_obat`, `nama_golongan`, `status_delete`) VALUES
(1, 'OBAT BEBAS', 0),
(2, 'OBAT BEBAS TERBATAS', 0),
(3, 'OBAT KERAS', 0),
(4, 'ALKES', 0),
(5, 'OBAT NARKOTIK', 0),
(6, 'OBAT PSIKOTROPIK', 0),
(7, 'OTC', 0),
(8, 'HERBAL', 0);

-- --------------------------------------------------------

--
-- Struktur dari tabel `jam_shift`
--

CREATE TABLE `jam_shift` (
  `id_jam_shift` int(11) NOT NULL,
  `jam_awal` time NOT NULL,
  `jam_akhir` time NOT NULL,
  `ket_shift` varchar(25) NOT NULL,
  `status_delete` int(1) NOT NULL
) ENGINE=InnoDB DEFAULT CHARSET=utf8;

--
-- Dumping data untuk tabel `jam_shift`
--

INSERT INTO `jam_shift` (`id_jam_shift`, `jam_awal`, `jam_akhir`, `ket_shift`, `status_delete`) VALUES
(1, '08:00:00', '15:00:00', 'PAGI', 0),
(2, '15:00:01', '22:00:00', 'SORE', 0);

-- --------------------------------------------------------

--
-- Struktur dari tabel `jenis_obat`
--

CREATE TABLE `jenis_obat` (
  `id_jenis_obat` int(11) NOT NULL,
  `nama_jenis_obat` varchar(100) NOT NULL,
  `status_delete` int(1) NOT NULL
) ENGINE=InnoDB DEFAULT CHARSET=latin1;

--
-- Dumping data untuk tabel `jenis_obat`
--

INSERT INTO `jenis_obat` (`id_jenis_obat`, `nama_jenis_obat`, `status_delete`) VALUES
(1, 'TABLET', 0),
(2, 'SIRUP', 0),
(3, 'Strip', 1),
(4, 'Kapsul', 1),
(5, 'STRIP', 1),
(6, 'PCS', 1),
(7, 'ALKES', 0),
(8, 'BOTOL', 0),
(9, 'CREAM', 0),
(10, 'OINT', 0),
(11, 'GEL', 0),
(12, 'AMPUL', 0),
(13, 'VIAL', 1),
(14, 'TABLET EFFERVECENT', 0),
(15, 'SACHSET', 0),
(16, 'ENEMA', 0),
(17, 'SUPPO', 0),
(18, 'KAPSUL', 0),
(19, 'TETES MATA', 0),
(20, 'TETES TELINGA', 0),
(21, 'SALEB MATA', 0),
(22, 'INJEKSI', 0),
(23, 'INHEALER', 0),
(24, 'GARGEL', 0),
(25, 'SEMPROT HIDUNG', 0),
(26, 'NEBUL', 0);

-- --------------------------------------------------------

--
-- Struktur dari tabel `komposisi_obat`
--

CREATE TABLE `komposisi_obat` (
  `id_komposisi_obat` int(11) NOT NULL,
  `id_obat` int(11) NOT NULL,
  `nama_komposisi` varchar(70) NOT NULL,
  `takaran_komposisi` varchar(15) NOT NULL
) ENGINE=InnoDB DEFAULT CHARSET=utf8;

--
-- Dumping data untuk tabel `komposisi_obat`
--

INSERT INTO `komposisi_obat` (`id_komposisi_obat`, `id_obat`, `nama_komposisi`, `takaran_komposisi`) VALUES
(2, 2, 'ALLOPURINOL', '100 MG'),
(24, 21, 'PARACETAMOL', '160 mg'),
(25, 22, 'NN', '1'),
(63, 55, 'NN', '1'),
(66, 58, 'NN', '1'),
(179, 45, 'NN', '1'),
(180, 105, 'ALLOPURINOL', '300 MG'),
(181, 3, 'ALLOPURINOL', '100 MG'),
(184, 159, 'NN', '1'),
(185, 158, 'NN', '1'),
(186, 157, 'NN', '1'),
(187, 156, 'NN', '1'),
(189, 154, 'NN', '1'),
(190, 153, 'NN', '1'),
(191, 152, 'NN', '1'),
(192, 151, 'SIMVASTATIN', '10 MG'),
(193, 150, 'SIMVASTATIN', '20 mg'),
(194, 149, 'OMEPRZOLE', '20 mg'),
(195, 148, 'RANITIDIN', '150 MG'),
(196, 147, 'PREGABALIN', '75 mg'),
(197, 146, 'METHYLPREDNISOLON', '4'),
(198, 145, 'METHYLPREDNISOLON', '16 MG'),
(199, 144, 'METFORMIN', '500 MG'),
(200, 143, 'MELOXICAM', '7,5 MG'),
(201, 142, 'MELOXICAM', '15 MG'),
(202, 141, 'ASAM MEFENAMAT', '500 MG'),
(203, 140, 'ASAM MEFENAMAT', '500 MG'),
(204, 139, 'LORATADIN', '10 MG'),
(205, 138, 'LEVOFLOXACIN', '500 MG'),
(207, 136, 'KETOCONAZOLE', '1'),
(208, 135, 'KETOPROFEN', '100 MG'),
(209, 134, 'KETOCONAZOLE', '200 MG'),
(210, 133, 'IRBESARTAN', '300 MG'),
(211, 132, 'IRBESARTAN', '150 MG'),
(212, 131, 'VITAMIN C', '500 MG'),
(213, 130, 'VITAMIN C', '1000'),
(214, 56, 'NN', '1'),
(216, 128, 'GLIMPEPIRIDE', '3'),
(217, 127, 'GLIMPEPIRIDE', '2 MG'),
(218, 126, 'GLIMPEPIRIDE', '1 MG'),
(219, 125, 'FEMOFOBRAT', '300 MG'),
(221, 123, 'DOMPERIDON', '10 MG'),
(222, 122, 'KALIUM DIKLOFENAK', '50 MG'),
(224, 120, 'CITICOLINE', '500 MG'),
(225, 119, 'CIPROFLOXACIN', '500 MG'),
(226, 118, 'CETIRIZINE', '10 MG'),
(227, 117, 'CETIRIZINE', '10 MG'),
(229, 116, 'CELECOXIB', '100 MG'),
(230, 114, 'CEFIXIME', '100 MG'),
(231, 113, 'CEFADROXIL', '500'),
(232, 112, 'CEFADROXIL', '125 MG'),
(236, 108, 'AMLPODIPIN', '5 MG'),
(237, 107, 'AMLPODIPIN', '10 MG'),
(238, 106, 'AMLPODIPIN', '10 MG'),
(241, 103, 'ACYCLOVIR', '400'),
(242, 102, 'NN', '1'),
(243, 101, 'NN', '1'),
(244, 100, 'NN', '1'),
(245, 99, 'NN', '1'),
(246, 98, 'NN', '1'),
(248, 97, 'NN', '1'),
(249, 96, 'NN', '1'),
(250, 95, 'NN', '1'),
(251, 94, 'NN', '1'),
(253, 91, 'NN', '1'),
(254, 92, 'NN', '1'),
(255, 90, 'NN', '1'),
(257, 89, 'POVIDON IODINE', '1'),
(258, 88, 'NN', '1'),
(262, 84, 'NN', '1'),
(263, 83, 'POVIDON IODINE', '1'),
(265, 81, 'NN', '1'),
(266, 80, 'VITAMIN C', '500'),
(267, 79, 'ALOH, MGOH, SIMETICON', '1'),
(268, 78, 'NN', '1'),
(269, 77, 'POVIDON IODINE', '1'),
(270, 76, 'NN', '1'),
(271, 75, 'NN', '1'),
(274, 72, 'NN', '1'),
(275, 71, 'NN', '1'),
(276, 70, 'NN', '1'),
(277, 69, 'NN', '1'),
(278, 68, 'NN', '1'),
(279, 67, 'NN', '1'),
(281, 65, 'NN', '1'),
(283, 63, 'VITAMIN E', '100'),
(285, 61, 'BISACODIL', '10 MG'),
(286, 60, 'NN', '1'),
(289, 4, 'NN', '1'),
(290, 5, 'NN', '1'),
(291, 6, 'NN', '1'),
(292, 7, 'NN', '1'),
(293, 8, 'NN', '1'),
(294, 9, 'NN', '1'),
(298, 12, 'ALOH, MGOH, SIMETICON', '1'),
(299, 14, 'NN', '1'),
(300, 13, 'ALOH, MGOH, SIMETICON', '1'),
(301, 15, 'PARACETAMOL', '160 mg'),
(302, 16, 'PARACETAMOL', '160 mg'),
(304, 18, 'NN', '1'),
(306, 19, 'IBUPROFEN', '200 MG'),
(307, 20, 'PARACETAMOL', '160 mg'),
(309, 25, 'PSEUDOEPHEDRIN', '15 MG'),
(310, 25, 'CTM', '1 MG'),
(311, 26, 'POVIDON IODINE', '1%'),
(312, 27, 'ALOH, MGOH, SIMETICON', '1'),
(313, 28, 'ALOH, MGOH, SIMETICON', '1'),
(315, 115, 'CEFIXIME', '200 MG'),
(317, 23, 'NN', '1'),
(319, 31, 'LACTULOSA', '10 MG'),
(320, 32, 'NN', '1'),
(321, 33, 'NN', '1'),
(323, 35, 'NN', '1'),
(325, 37, 'NN', '1'),
(326, 38, 'NN', '1'),
(328, 40, 'NN', '1'),
(329, 41, 'NN', '1'),
(331, 42, 'VITAMIN C', '500'),
(334, 48, 'NN', '1'),
(336, 50, 'NN', '1'),
(337, 51, 'NN', '1'),
(338, 52, 'NN', '1'),
(339, 53, 'NN', '1'),
(340, 57, 'NN', '1'),
(341, 54, 'NN', '1'),
(342, 160, 'NN', '1'),
(345, 162, 'EPERISONE', '50 MG'),
(347, 163, 'NN', '1'),
(350, 166, 'NN', '1'),
(351, 167, 'NN', '1'),
(352, 168, 'NN', '1'),
(353, 169, 'NN', '1'),
(354, 164, 'NN', '1'),
(356, 171, 'NN', '1'),
(358, 173, 'NN', '1'),
(359, 174, 'NN', '1'),
(361, 176, 'NN', '1'),
(363, 178, 'NN', '1'),
(364, 179, 'NN', '1'),
(366, 181, 'NN', '1'),
(369, 183, 'NN', '1'),
(370, 184, 'NN', '1'),
(371, 177, 'NN', '1'),
(372, 185, 'NN', '1'),
(373, 186, 'NN', '1'),
(374, 187, 'NN', '1'),
(375, 188, 'NN', '1'),
(376, 189, 'NN', '1'),
(377, 190, 'NN', '1'),
(378, 191, 'NN', '1'),
(379, 192, 'NN', '1'),
(381, 194, 'NN', '1'),
(382, 195, 'NN', '1'),
(383, 196, 'NN', '1'),
(384, 197, 'NN', '1'),
(386, 198, 'NN', '1'),
(387, 193, 'NN', '1'),
(389, 200, 'NN', '1'),
(390, 201, 'NN', '1'),
(391, 202, 'NN', '1'),
(392, 203, 'NN', '1'),
(393, 204, 'NN', '1'),
(394, 205, 'NN', '1'),
(395, 206, 'NN', '1'),
(396, 207, 'NN', '1'),
(397, 208, 'NN', '1'),
(401, 212, 'GLUCOSAMIN', '500'),
(405, 216, 'DEQUALINIUM', '0.25'),
(406, 217, 'DEQUALINIUM', '0.25'),
(408, 219, 'DEQUALINIUM', '0.25'),
(409, 220, 'DEQUALINIUM', '0.25'),
(410, 221, 'DEQUALINIUM', '0.25'),
(411, 222, 'KALSIUM LAKTAT', '500 MG'),
(412, 223, 'NN', '1'),
(413, 224, 'PARACETAMOL', '5'),
(414, 224, 'DMP', '15'),
(415, 224, 'PHENYLPROPALMID', '15'),
(416, 224, 'CTM', '1 MG'),
(417, 225, 'NN', '1'),
(419, 227, 'PARACETAMOL', '500'),
(420, 227, 'PSEUDOEPHEDRIN', '7,5 MG'),
(421, 227, 'CTM', '2 MG'),
(422, 228, 'PERMETHRIN', '1%'),
(423, 229, 'PARACETAMOL', '500 MG'),
(424, 229, 'DMP', '10 MG'),
(425, 229, 'PHENYLPOPAAMIN', '15 MG'),
(426, 229, 'CTM', '1'),
(427, 230, 'PARACETAMOL', '500 MG'),
(428, 230, 'PHENYLPROPALAMIN', '10 MG'),
(429, 230, 'CTM', '1 MG'),
(430, 231, 'PARACETAMOL', '500 MG'),
(431, 231, 'DMP', '10 MG'),
(432, 231, 'PSEUDOEPHEDRIN', '30 MG'),
(434, 233, 'ALOH, MGOH, SIMETICON', '1'),
(435, 234, 'NN', '1'),
(436, 235, 'NN', '1'),
(438, 237, 'NN', '1'),
(440, 239, 'NN', '1'),
(441, 240, 'NN', '1'),
(443, 242, 'NN', '1'),
(448, 244, 'BISACODIL', '10 MG'),
(457, 251, 'MICONAZLE', '2%'),
(458, 252, 'NN', '1'),
(459, 253, 'NN', '1'),
(464, 255, 'ALOH, MGOH, SIMETICON', '1'),
(465, 256, 'ALOH, MGOH, SIMETICON', '1'),
(466, 257, 'VITAMIN E', '100'),
(467, 258, 'VITAMIN E', '300 IU'),
(468, 259, 'IBUPROFEN', '200 MG'),
(469, 259, 'PARACETAMOL', '350 mg'),
(470, 260, 'NN', '1'),
(471, 261, 'NN', '1'),
(472, 262, 'NN', '1'),
(473, 263, 'ALOH, MGOH, SIMETICON', '1'),
(475, 265, 'NN', '1'),
(479, 269, 'MICONAZOLE', '2 %'),
(480, 270, 'NN', '1'),
(481, 271, 'NN', '1'),
(486, 276, 'NN', '1'),
(488, 278, 'NN', '1'),
(490, 280, 'NN', '1'),
(491, 34, 'NN', '1'),
(492, 281, 'IBUPROFEN', '125 MG'),
(498, 286, 'NN', '1'),
(499, 287, 'NN', '1'),
(500, 288, 'NN', '1'),
(501, 289, 'ALOH, MGOH, SIMETICON', '1'),
(502, 290, 'NN', '1'),
(504, 291, 'NN', '1'),
(505, 292, 'NN', '1'),
(506, 293, 'NN', '1'),
(508, 295, 'NN', '1'),
(509, 296, 'NN', '1'),
(510, 297, 'NN', '1'),
(511, 298, 'NN', '1'),
(514, 301, 'NOSCAPIN', '10 MG'),
(515, 301, 'CTM', '2 MG'),
(516, 301, 'PARACETAMOL', '500 MG'),
(517, 301, 'GG', '50 MG'),
(518, 301, 'PHENYLPROPALAMIN', '12,5  MG'),
(519, 302, 'NOSCAPIN', '10 MG'),
(520, 302, 'CTM', '2 MG'),
(521, 302, 'PARACETAMOL', '500 MG'),
(522, 302, 'GG', '50 MG'),
(523, 302, 'PHENYLPROPALAMIN', '12,5  MG'),
(524, 303, 'NN', '1'),
(525, 304, 'NN', '1'),
(529, 307, 'NN', '1'),
(532, 310, 'NN', '1'),
(533, 311, 'ZINC', '10 MG'),
(534, 312, 'NN', '1'),
(536, 314, 'NN', '1'),
(539, 317, 'DIPHENHYDRAMIN', '13.5 MG'),
(540, 317, 'AMONIUM CLORIDE', '13.5 MG'),
(541, 318, 'NN', '1'),
(542, 319, 'BROMHEXINE', '1'),
(545, 322, 'NN', '1'),
(550, 326, 'NN', '1'),
(560, 327, 'NN', '1'),
(562, 329, 'NN', '1'),
(563, 161, 'TRIPOLIDIN', '12,5  MG'),
(564, 161, 'PSEUDOEPHEDRIN', '30 MG'),
(571, 334, 'NN', '1'),
(572, 335, 'NN', '1'),
(573, 336, 'NN', '1'),
(577, 337, 'NN', '1'),
(578, 339, 'NN', '1'),
(579, 340, 'NN', '1'),
(580, 341, 'NN', '1'),
(581, 277, 'VITAMIN C', '500 MG'),
(585, 345, 'NN', '1'),
(587, 347, 'NN', '1'),
(589, 346, 'NN', '1'),
(590, 349, 'NN', '1'),
(591, 348, 'NN', '1'),
(592, 350, 'NN', '1'),
(594, 352, 'NN', '1'),
(595, 353, 'NN', '1'),
(598, 356, 'NN', '1'),
(599, 357, 'NN', '1'),
(601, 359, 'NN', '1'),
(604, 362, 'NN', '1'),
(605, 363, 'NN', '1'),
(606, 364, 'NN', '1'),
(607, 365, 'NN', '1'),
(609, 367, 'NN', '1'),
(610, 368, 'NN', '1'),
(611, 369, 'NN', '1'),
(612, 370, 'NN', '1'),
(613, 371, 'NN', '1'),
(614, 372, 'NN', '1'),
(616, 374, 'NN', '1'),
(617, 375, 'NN', '1'),
(618, 376, 'NN', '1'),
(619, 377, 'NN', '1'),
(620, 378, 'PARACETAMOL', '350 MG'),
(621, 378, 'IBUPROFEN', '200 MG'),
(623, 380, 'NN', '1'),
(625, 382, 'NN', '1'),
(626, 383, 'NN', '1'),
(627, 384, 'NN', '1'),
(628, 385, 'NN', '1'),
(631, 386, 'NN', '1'),
(632, 388, 'VITAMIN C', '50 MG'),
(635, 391, 'NN', '1'),
(637, 392, 'NN', '1'),
(638, 393, 'NN', '1'),
(639, 394, 'NN', '1'),
(640, 395, 'NN', '1'),
(641, 396, 'NN', '1'),
(642, 397, 'NN', '1'),
(645, 400, 'NN', '1'),
(650, 405, 'NN', '1'),
(651, 404, 'NN', '1'),
(652, 406, 'NN', '1'),
(654, 408, 'PARACETAMOL', '500 MG'),
(655, 409, 'NN', '1'),
(656, 410, 'NN', '1'),
(657, 411, 'NN', '1'),
(658, 412, 'NN', '1'),
(659, 413, 'NN', '1'),
(664, 417, 'NN', '1'),
(665, 418, 'NN', '1'),
(667, 420, 'NN', '1'),
(670, 423, 'NN', '1'),
(671, 424, 'NN', '1'),
(673, 426, 'NN', '1'),
(674, 425, 'NN', '1'),
(675, 427, 'NN', '1'),
(677, 429, 'BISACODIL', '10 MG'),
(678, 430, 'NN', '1'),
(679, 431, 'NN', '1'),
(680, 432, 'NN', '1'),
(681, 433, 'NN', '1'),
(683, 435, 'NN', '1'),
(684, 434, 'BORAK GLISERIN', '1%'),
(685, 436, 'NN', '1'),
(686, 437, 'NN', '1'),
(687, 438, 'NN', '1'),
(690, 441, 'NN', '1'),
(691, 442, 'NN', '1'),
(692, 443, 'DEKSPHANTENOL', '1'),
(693, 444, 'CLORTIMAZOLE', '1'),
(695, 446, 'NN', '1'),
(696, 447, 'NN', '1'),
(697, 448, 'NN', '1'),
(698, 449, 'NN', '1'),
(699, 450, 'NN', '1'),
(700, 451, 'NN', '1'),
(701, 452, 'NN', '1'),
(702, 453, 'PSEUDOEPHEDRIN', '15 MG'),
(703, 453, 'TRIPOLIDIN', '12,5  MG'),
(706, 456, 'IBUPROFEN', '400'),
(707, 457, 'NN', '1'),
(708, 458, 'PARACETAMOL', '80 MG'),
(709, 459, 'PSEUDOEPHEDRIN', '7,5 MG'),
(710, 460, 'NN', '1'),
(713, 463, 'PARACETAMOL', '80 MG'),
(714, 464, 'PARACETAMOL', '125 MG'),
(715, 465, 'PARACETAMOL', '250 MG'),
(716, 466, 'NN', '1'),
(717, 467, 'NN', '1'),
(718, 468, 'NN', '1'),
(723, 473, 'NN', '1'),
(725, 474, 'VITAMIN E', '250'),
(726, 475, 'NN', '1'),
(727, 476, 'IBUPROFEN', '200 MG'),
(728, 477, 'NN', '1'),
(729, 478, 'NN', '1'),
(730, 479, 'PARACETAMOL', '500 MG'),
(731, 480, 'NN', '1'),
(732, 471, 'MICONAZOLE', '1 %'),
(733, 481, 'ALOH, MGOH, SIMETICON', '1'),
(735, 483, 'PARACETAMOL', '500 MG'),
(736, 484, 'NN', '1'),
(738, 486, 'NN', '1'),
(739, 487, 'NN', '1'),
(740, 488, 'NN', '1'),
(743, 491, 'NN', '1'),
(744, 492, 'NN', '1'),
(747, 495, 'NN', '1'),
(748, 496, 'NN', '1'),
(751, 497, 'NN', '1'),
(752, 499, 'POVIDON IODINE', '1'),
(753, 500, 'POVIDON IODINE', '1'),
(755, 501, 'NN', '1'),
(756, 502, 'NN', '1'),
(757, 503, 'NN', '1'),
(758, 504, 'NN', '1'),
(759, 505, 'NN', '1'),
(761, 507, 'NN', '1'),
(763, 509, 'NN', '1'),
(765, 511, 'PIRANTEL PAMOAT', '125 MG'),
(769, 515, 'NN', '1'),
(770, 516, 'NN', '1'),
(771, 517, 'NN', '1'),
(775, 521, 'NN', '1'),
(777, 523, 'NN', '1'),
(779, 525, 'NN', '1'),
(780, 526, 'NN', '1'),
(781, 527, 'NN', '1'),
(782, 528, 'NN', '1'),
(783, 529, 'NN', '1'),
(784, 530, 'NN', '1'),
(785, 531, 'NN', '1'),
(786, 532, 'NN', '1'),
(787, 533, 'NN', '1'),
(788, 534, 'NN', '1'),
(789, 535, 'NN', '1'),
(790, 536, 'NN', '1'),
(791, 537, 'NN', '1'),
(792, 538, 'NN', '1'),
(793, 539, 'NN', '1'),
(794, 540, 'NN', '1'),
(795, 541, 'NN', '1'),
(796, 542, 'NN', '1'),
(798, 544, 'NN', '1'),
(799, 545, 'NN', '1'),
(800, 546, 'AMBROXOL', '30 MG'),
(801, 547, 'AMOXICILIN', '500 MG'),
(802, 548, 'AMOXICILIN', '125 MG'),
(803, 549, 'AMOXICILIN', '250 MG'),
(804, 550, 'MICRONIZED FLAVONOID', '1000'),
(805, 49, 'MICRONIZED FLAVONOID', '500'),
(806, 551, 'BNZOLYPEROXIDE', '1'),
(807, 551, 'CLINDAMYCIN', '1'),
(810, 553, 'BETAMETASON', '1'),
(811, 554, 'CANDESARTAN', '8 MG'),
(813, 556, 'CEFADROXIL', '500 MG'),
(815, 558, 'CEFADROXIL', '125 MG'),
(816, 559, 'CEFADROXIL', '250 MG'),
(817, 560, 'NN', '1'),
(818, 561, 'NN', '1'),
(820, 563, 'CETIRIZINE', '10 MG'),
(821, 564, 'CETIRIZINE', '1'),
(828, 570, 'GENTAMICIN', '1'),
(829, 570, 'BRTAMETASON', '1'),
(830, 571, 'GENTAMICIN', '1'),
(831, 572, 'NN', '1'),
(832, 573, 'AMBROXOL', '30 MG'),
(833, 574, 'LEVOTHYROXINE', '100 MCG'),
(834, 575, 'NN', '1'),
(837, 578, 'METRONIDAZOLE', '500 MG'),
(838, 579, 'NATRIUM DIKLOFENAK', '1'),
(839, 580, 'NATRIUM DIKLOFENAK', '1'),
(840, 581, 'ASAM FOLAT', '1000 MCG'),
(841, 582, 'NN', '1'),
(843, 584, 'NN', '1'),
(846, 587, 'OXYMETAZOLIN', '1'),
(850, 590, 'ISOSORBIT DINITRAT', '5'),
(851, 586, 'IBUPROFEN', '400 MG'),
(853, 592, 'NYSTATIN', '1'),
(856, 594, 'SALBUTAMOL', '2 mg'),
(857, 595, 'SALBUTAMOL', '2 MG'),
(858, 595, 'GUAFENASIN', '75 mg'),
(859, 596, 'MECOBALAMIN', '500 MCG'),
(860, 597, 'NN', '1'),
(861, 598, 'CLINDAMYCIN', '1'),
(862, 599, 'ASAM MEFENAMAT', '500 MG'),
(863, 600, 'NN', '1'),
(864, 601, 'METRONIDAZOLE', '500 MG'),
(865, 602, 'KETOCONAZOLE', '200 MG'),
(868, 605, 'NN', '1'),
(869, 606, 'MUPIROCIN', '1'),
(870, 607, 'PIROXICAM', '10 MG'),
(873, 610, 'METOCLOPRAMIDE', '5 MG'),
(874, 611, 'NN', '1'),
(875, 612, 'RANITIDIN', '1'),
(878, 615, 'NN', '1'),
(879, 616, 'PARACETAMOL', '650 MG'),
(880, 617, 'CEFIXIME', '100 MG'),
(881, 618, 'NN', '1'),
(882, 619, 'PARACETAMOL', '500 MG'),
(883, 619, 'ACETYLCYSTEIN', '200 MG'),
(886, 621, 'TRIMETAZIDINE DIHYDROCHLORIDE', '35 MG'),
(888, 623, 'NN', '1'),
(889, 622, 'NN', '1'),
(891, 614, 'NN', '1'),
(892, 624, 'NATRIUM KLORIDA', '0.9%'),
(894, 626, 'NN', '1'),
(905, 629, 'NN', '1'),
(910, 634, 'AMOXICILIN', '125 MG'),
(914, 637, 'DESONIDE', '1'),
(925, 632, 'GLIMPEPIRIDE', '2 MG'),
(926, 628, 'ACARBOSE', '50 MG'),
(927, 627, 'ACARBOSE', '100 MG'),
(928, 644, 'BETAHISTIN', '6 MG'),
(930, 646, 'NN', '1'),
(931, 647, 'NN', '1'),
(934, 649, 'N-HYOSCINE', '1'),
(935, 650, 'CALCIUM LACTATE', '1'),
(939, 653, 'CANDESARTAN', '16 MG'),
(941, 654, 'CATOPRIL', '12,5  MG'),
(942, 655, 'CAPTOPRIL', '25 MG'),
(945, 656, 'NATRIUM DIKLOFENAK', '75 mg'),
(946, 658, 'NATRIUM DIKLOFENAK', '25 MG'),
(953, 662, 'NN', '1'),
(954, 661, 'NN', '1'),
(955, 660, 'NN', '1'),
(956, 659, 'NN', '1'),
(957, 663, 'NN', '1'),
(958, 664, 'dexametashon', '0.5'),
(959, 665, 'dexametashon', '0.5'),
(960, 666, 'dexametashon', '0.75'),
(963, 668, 'DIMENHYDRINAT', '50 MG'),
(965, 670, 'MOMETHASONE', '1'),
(966, 671, 'MOMETHASONE', '1'),
(969, 673, 'DESOXYMETHASON', '1'),
(970, 674, 'DESOXYMETHASON', '1'),
(972, 676, 'KALIUM DIKLOFENAK', '50 MG'),
(973, 675, 'KALIUM DIKLOFENAK', '25'),
(977, 680, 'NN', '1'),
(978, 681, 'METFORMIN', '500 MG'),
(979, 682, 'METFORMIN', '850 MG'),
(983, 686, 'VIDAGLIPTIN', '50 MG'),
(987, 689, 'METFORMIN', '500 MG'),
(988, 690, 'METFORMIN', '500 MG'),
(989, 690, 'GLIBENCLAMIDE', '2.5 MG'),
(990, 691, 'METFORMIN', '500 MG'),
(991, 691, 'GLIBENCLAMIDE', '5 MG'),
(993, 693, 'AMLODIPINE', '10 MG'),
(994, 694, 'AMLODIPINE', '5 MG'),
(995, 695, 'BETAHISTIN', '6 MG'),
(996, 696, 'LOPERAMIDE', '2 MG'),
(997, 697, 'IRBESARTAN', '300 MG'),
(1000, 699, 'KETOCONAZOLE', '2%'),
(1001, 700, 'TRIAMCINOLON', '0.1%'),
(1003, 702, 'LISINOPRIL', '10 MG'),
(1005, 704, 'METHYLPREDNISOLON', '8 MG'),
(1007, 705, 'Chlorhexidine Gluconate', '0.2%'),
(1008, 706, 'Chlorhexidine Gluconate', '0.1%'),
(1010, 708, 'ESOMEPRAZOLE', '40 MG'),
(1011, 709, 'NIFEDIPINE', '10 MG'),
(1012, 710, 'NITRO GLYCERIN', '2.5 MG'),
(1014, 712, 'AMLODIPINE', '10 MG'),
(1015, 713, 'ONDANSENTRON', '8 MG'),
(1016, 714, 'OXYTETRACYCLIN', '1%'),
(1017, 715, 'PROPANOLOL', '40 MG'),
(1018, 716, 'SUCRALFAT', '100 MG'),
(1019, 717, 'PROPYLTHIURACIL', '100 MG'),
(1021, 719, 'GLIBENCLAMIDE', '5'),
(1022, 720, 'PSEUDOEPHEDIN', '12.5'),
(1023, 720, 'TRIPOLIDIN', '2.5'),
(1024, 721, 'PSEUDOEPHEDIN', '60 MG'),
(1025, 721, 'TRIPOLIDIN', '30 MG'),
(1026, 722, 'PSEUDOEPHEDIN', '12.5'),
(1027, 722, 'TRIPOLIDIN', '2.5'),
(1028, 723, 'PSEUDOEPHEDIN', '120 MG'),
(1029, 723, 'LORATADIN', '10 MG'),
(1030, 724, 'NN', '1'),
(1032, 726, 'CIMETIDIN', '200 MG'),
(1035, 728, 'THEOPHYLIN', '30 MG'),
(1036, 729, 'ASPIRIN', '80 MG'),
(1037, 730, 'THIAMAZOLE', '10 MG'),
(1039, 732, 'NN', '1'),
(1040, 733, 'METRONIDAZOLE', '500 MG'),
(1041, 734, 'PSEUDOEPHEDIN', '60 MG'),
(1042, 734, 'TRIPOLIDIN', '12.5 MG'),
(1043, 735, 'TRIAMCINOLON', '4 MG'),
(1044, 736, 'URSODEOXYCHOLIC ACID', '250'),
(1046, 738, 'TRETINOIN', '0.025 %'),
(1047, 737, 'TRETINOIN', '0.1%'),
(1048, 739, 'TRETINOIN', '0.05 %'),
(1050, 741, 'DOMPERIDON', '1'),
(1051, 742, 'DOMPERIDON', '10 MG'),
(1052, 743, 'DOMPERIDON', '10 MG'),
(1053, 744, 'DOMPERIDON', '10 MG'),
(1054, 745, 'PIROXICAM', '20 MG'),
(1055, 746, 'ALLOPURINOL', '100 MG'),
(1056, 747, 'ALLOPURINOL', '300 MG'),
(1057, 672, 'ERGOTAMIN', '1'),
(1058, 672, 'CAFFAEIN', '1'),
(1059, 748, 'LANSOPRAZOLE', '30 MG'),
(1060, 749, 'CLORAMPHENICOL', '1'),
(1061, 750, 'IBUPROFEN', '400 MG'),
(1062, 751, 'GLIBENCLAMIDE', '5 MG'),
(1063, 698, 'KALIUM DIKLOFENAK', '50 MG'),
(1064, 752, 'NN', '1'),
(1065, 323, 'NN', '1'),
(1067, 754, 'CHOLECALCIFEROL', '5000'),
(1068, 755, 'NN', '1'),
(1069, 756, 'METAMIZOLE', '1'),
(1070, 757, 'CETIRIZINE', '10 MG'),
(1071, 758, 'CETIRIZINE', '1'),
(1072, 759, 'NN', '1'),
(1073, 760, 'NN', '1'),
(1074, 761, 'NN', '1'),
(1075, 762, 'BETAMETASON', '0.25 MG'),
(1076, 762, 'DEX-CTM', '2 MG'),
(1078, 763, 'PARACETAMOL', '60 MG'),
(1079, 764, 'PARACETAMOL', '250 MG'),
(1080, 765, 'AMBROXOL', '30 MG'),
(1081, 766, 'VITAMIN C', '1000 MG'),
(1082, 767, 'LEVOFLOXACIN', '500 MG'),
(1083, 768, 'CETIRIZINE', '10 MG'),
(1084, 769, 'FAMOTIDINE', '20 mg'),
(1085, 770, 'FAMOTIDINE', '40 MG'),
(1088, 772, 'NN', '1'),
(1089, 489, 'PARACETAMOL', '500 MG'),
(1090, 773, 'LACTULOSA', '1'),
(1091, 774, 'IVERMECTIN', '120 MG'),
(1092, 775, 'AMBROXOL', '30 MG'),
(1093, 776, 'GLIBENCLAMIDE', '5 MG'),
(1094, 777, 'PARACETAMOL', '120 MG'),
(1095, 778, 'PARACETAMOL', '1'),
(1096, 779, 'PARACETAMOL', '1'),
(1099, 781, 'ZINC', '1'),
(1100, 782, 'NN', '1'),
(1101, 783, 'NN', '1'),
(1102, 784, 'NN', '1'),
(1103, 785, 'NN', '1'),
(1104, 786, 'NN', '1'),
(1105, 787, 'NN', '1'),
(1106, 788, 'NN', '1'),
(1107, 789, 'NN', '1'),
(1108, 790, 'NN', '1'),
(1109, 791, 'NN', '1'),
(1110, 792, 'NN', '1'),
(1111, 793, 'NN', '1'),
(1112, 794, 'NN', '1'),
(1113, 795, 'NN', '1'),
(1114, 796, 'NN', '1'),
(1115, 797, 'NN', '1'),
(1116, 798, 'NN', '1'),
(1117, 799, 'NN', '1'),
(1120, 543, 'NN', '1'),
(1121, 801, 'NN', '1'),
(1122, 802, 'NN', '1'),
(1123, 803, 'NN', '1'),
(1124, 804, 'NN', '1'),
(1125, 805, 'NN', '1'),
(1126, 806, 'NN', '1'),
(1127, 807, 'NN', '1'),
(1128, 808, 'NN', '1'),
(1129, 809, 'NN', '1'),
(1130, 810, 'NN', '1'),
(1131, 811, 'NN', '1'),
(1132, 812, 'NN', '1'),
(1133, 813, 'NN', '1'),
(1134, 814, 'NN', '1'),
(1135, 815, 'NN', '1'),
(1137, 816, 'NN', '1'),
(1138, 817, 'NN', '1'),
(1139, 818, 'CAPTOPRIL', '12,5  MG'),
(1140, 609, 'METOCLOPRAMIDE', '10 MG'),
(1141, 819, 'BROMHEXINE', '1'),
(1142, 518, 'NN', '1'),
(1143, 820, 'NN', '1'),
(1144, 821, 'NN', '1'),
(1146, 822, 'NN', '1'),
(1147, 823, 'ASPIRIN', '80 MG'),
(1148, 824, 'UREA', '10 %'),
(1149, 825, 'GENTAMYCIN', '1'),
(1151, 827, 'LOPERAMIDE', '2 MG'),
(1152, 828, 'BACITRACIN', '1'),
(1153, 828, 'NEOMYCIN', '1'),
(1154, 829, 'TRIMETROPIN', '80 MG'),
(1155, 829, 'SULFAMETOKSASOL', '400 MG'),
(1156, 830, 'MELOXICAM', '15 MG'),
(1157, 831, 'MELOXICAM', '7,5 MG'),
(1158, 232, 'NN', '1'),
(1159, 832, 'AMLODIPINE', '10 MG'),
(1160, 226, 'DIMENHYDRINATE', '50 MG'),
(1163, 833, 'METHYLPREDNISOLON', '4 MG'),
(1164, 834, 'PROGESTERONE', '100'),
(1166, 835, 'NATRIUM KLORIDA', '0.9%'),
(1169, 836, 'ACYCLOVIR', '2%'),
(1172, 838, 'GLUKOSA', '40 %'),
(1173, 839, 'BETAMETASON', '0.1 %'),
(1174, 840, 'CYPROTERONE ACETAT', '2 MG'),
(1175, 840, 'ETHINLESTRADIOL', '0.035 MG'),
(1176, 643, 'BENZOYL PEROXIDE', '1'),
(1177, 642, 'BENZOYL PEROXIDE', '2.5%'),
(1179, 841, 'CLINDAMYCIN', '1'),
(1180, 841, 'TERAINOIT', '1'),
(1181, 842, 'NN', '1'),
(1184, 285, 'NN', '1'),
(1185, 284, 'NN', '1'),
(1186, 283, 'NN', '1'),
(1188, 844, 'NN', '1'),
(1189, 845, 'NN', '1'),
(1191, 847, 'MOMETASON', '1'),
(1192, 846, 'NATRIUM KLORIDA', '1'),
(1193, 848, 'NN', '1'),
(1194, 849, 'CLIDINIUM BROMIDE', '2.5 MG'),
(1195, 849, 'CHLORDIAZEPOXIDE', '5 MG'),
(1196, 850, 'PSEUDOEPHEDRIN', '60 MG'),
(1197, 850, 'TRIPOLIDIN', '125 MG'),
(1198, 851, 'ERDOSTEIN', '1'),
(1199, 852, 'FLUOCINOLON', '1'),
(1200, 852, 'NEOMYCIN', '1'),
(1201, 853, 'NN', '1'),
(1202, 854, 'KRILL', 'OIL'),
(1203, 855, 'PARACETAMOL', '350 MG'),
(1204, 855, 'IBUPROFEN', '200 MG'),
(1205, 856, 'FUSIDIC ACID', '1'),
(1206, 857, 'FLUOCINOLON', '1'),
(1207, 857, 'NEOMYCIN', '1'),
(1208, 282, 'IBUPROFEN', '250 MG'),
(1211, 482, 'PARACETAMOL', '500 MG'),
(1212, 859, 'NN', '1'),
(1213, 860, 'NN', '1'),
(1214, 861, 'OMEPRZOLE', '20 MG'),
(1215, 862, 'NN', '1'),
(1216, 180, 'NN', '1'),
(1217, 863, 'NN', '1'),
(1218, 249, 'NN', '1'),
(1219, 864, 'NN', '1'),
(1223, 238, 'NN', '1'),
(1224, 254, 'ALOH, MGOH, SIMETICON', '1'),
(1225, 867, 'NN', '1'),
(1226, 692, 'TAMSULOSIN', '0.2'),
(1228, 868, 'TAMSULOSINE', '0.4'),
(1231, 869, 'NN', '1'),
(1232, 300, 'NN', '1'),
(1233, 870, 'NN', '1'),
(1234, 871, 'ZINC', '1'),
(1235, 872, 'LEVOCETIRIZINE', '10 MG'),
(1236, 873, 'CLORTIMAZOLE', '1'),
(1237, 873, 'NEOMYCIN', '1'),
(1238, 874, 'BISOPROLOL', '2.5 MG'),
(1239, 398, 'NN', '1'),
(1240, 440, 'NN', '1'),
(1241, 401, 'NN', '1'),
(1242, 279, 'NN', '1'),
(1243, 591, 'MICONAZOLE', '1'),
(1245, 875, 'KETOCONAZOLE', '1'),
(1246, 64, 'VITAMIN E', '100'),
(1247, 414, 'NN', '1'),
(1249, 358, 'NN', '1'),
(1250, 876, 'NN', '1'),
(1251, 877, 'NN', '1'),
(1252, 878, 'NN', '1'),
(1253, 879, 'NN', '1'),
(1254, 880, 'NN', '1'),
(1255, 881, 'NN', '1'),
(1256, 882, 'NN', '1'),
(1257, 883, 'ERDOSTEIN', '300 MG'),
(1258, 884, 'METAMPIRON', '1'),
(1259, 884, 'VITAMIN B KOMPLEK', '1'),
(1260, 885, 'PARACETAMOL', '375 MG'),
(1261, 885, 'TRAMADOL', '37.5 MG'),
(1262, 886, 'ALPRAZOLAM', '0.5 MG'),
(1263, 887, 'ALPRAZOLAM', '1 MG'),
(1264, 888, 'NN', '1'),
(1265, 889, 'NN', '1'),
(1266, 890, 'ALOH, MGOH, SIMETICON', '1'),
(1267, 213, 'NN', '1'),
(1268, 891, 'NN', '1'),
(1269, 892, 'CHOLECALCIFEROL', '1000 MG'),
(1271, 893, 'NN', '1'),
(1272, 894, 'NN', '1'),
(1274, 895, 'AMOXICILIN', '500 MG'),
(1275, 896, 'ALOH, MGOH, SIMETICON', '1'),
(1277, 898, 'NN', '1'),
(1278, 899, 'NN', '1'),
(1279, 900, 'CATOPRIL', '25 MG'),
(1280, 555, 'CATOPRIL', '50 MG'),
(1281, 901, 'dexametashon', '0.5'),
(1282, 568, 'dexametashon', '1'),
(1283, 583, 'GENTAMICIN', '1'),
(1284, 513, 'NN', '1'),
(1286, 902, 'ORALIT', '1'),
(1287, 267, 'NN', '1'),
(1288, 903, 'OMEPRZOLE', '1'),
(1289, 904, 'ONDANSENTRON', '4 MG'),
(1290, 905, 'VITAMIN B KOMPLEKS', '1'),
(1291, 906, 'GENTAMICIN', '1'),
(1292, 907, 'DEKSKETOPROFEN', '25 MG'),
(1293, 630, 'ACETYLCYSTEIN', '200 MG'),
(1294, 455, 'IBUPROFEN', '200 MG'),
(1295, 908, 'NN', '1'),
(1296, 909, 'ASAM TRANEKSAMAT', '500 MG'),
(1297, 633, 'AMBROXOL', '30 MG'),
(1298, 910, 'AMBROXOL', '30 MG'),
(1299, 562, 'NN', '1'),
(1300, 911, 'NN', '1'),
(1301, 912, 'NN', '1'),
(1302, 913, 'NN', '1'),
(1303, 914, 'NN', '1'),
(1304, 199, 'NN', '1'),
(1305, 342, 'NN', '1'),
(1306, 343, 'NN', '1'),
(1308, 915, 'NN', '1'),
(1309, 916, 'NN', '1'),
(1310, 917, 'NN', '1'),
(1311, 918, 'NN', '1'),
(1312, 919, 'NN', '1'),
(1313, 920, 'NN', '1'),
(1314, 921, 'NN', '1'),
(1315, 701, 'ASAM MEFENAMAR', '500 MG'),
(1316, 638, 'DESONIDE', '1'),
(1317, 638, 'NEOMYCIN', '1'),
(1318, 552, 'BETAMETASON', '1'),
(1319, 552, 'NEOMYCIN', '1'),
(1321, 641, 'BETAMETASON', '1'),
(1322, 641, 'NEOMYCIN', '1'),
(1323, 640, 'BETAMETASON', '1'),
(1324, 639, 'BETAMETASON', '1'),
(1325, 355, 'NN', '1'),
(1326, 520, 'NN', '1'),
(1327, 360, 'NN', '1'),
(1330, 922, 'CANDESARTAN', '8 MG'),
(1331, 923, 'ONDANSENTRON', '4 MG'),
(1332, 924, 'DIAZEPAM', '5 MG'),
(1333, 925, 'OMEPRZOLE', '20 mg'),
(1334, 926, 'LANSOPRAZOLE', '30 MG'),
(1335, 927, 'ASAM MEFENAMAT', '500 MG'),
(1336, 928, 'MECOBALAMIN', '500 MCG'),
(1337, 929, 'ATORVASTATIN', '10 MG'),
(1338, 930, 'ATORVASTATIN', '20 mg'),
(1339, 566, 'CLOPIDOGREL', '75 mg'),
(1341, 931, 'NN', '1'),
(1342, 932, 'NN', '1'),
(1345, 934, 'NN', '1'),
(1346, 933, 'NN', '1'),
(1347, 935, 'NN', '1'),
(1348, 936, 'KALIUM DIKLOFENAK', '50 MG'),
(1349, 937, 'ASTAXANTHIN', '4 MG'),
(1350, 937, 'SELENIUM', '15 MCG'),
(1351, 514, 'NN', '1'),
(1352, 46, 'NN', '1'),
(1353, 938, 'NN', '1'),
(1354, 331, 'NN', '1'),
(1355, 330, 'PSEUDOEPHEDRIN', '15 MG'),
(1356, 330, 'TRIPOLIDIN', '12,5  MG'),
(1358, 243, 'DMP', '10 MG'),
(1359, 243, 'GG', '50 MG'),
(1360, 243, 'CTM', '1 MG'),
(1361, 243, 'PHENYLPROPALAMIN', '12.5 MG'),
(1362, 940, 'NN', '1'),
(1363, 941, 'NN', '1'),
(1364, 942, 'NN', '1'),
(1365, 172, 'NN', '1'),
(1367, 944, 'NN', '1'),
(1369, 946, 'NN', '1'),
(1370, 943, 'NN', '1'),
(1371, 945, 'NN', '1'),
(1372, 947, 'NN', '1'),
(1373, 948, 'NN', '1'),
(1374, 949, 'NN', '1'),
(1375, 950, 'NN', '1'),
(1376, 951, 'NN', '1'),
(1378, 953, 'NN', '1'),
(1379, 952, 'NN', '1'),
(1380, 954, 'CHOLECALCIFEROL', '5000'),
(1381, 955, 'VITAMIN E', '400 IU'),
(1382, 956, 'VITAMIN C', '1000 MG'),
(1383, 957, 'NN', '1'),
(1384, 958, 'CHOLECALCIFEROL', '1000 MG'),
(1385, 959, 'FAVIPIRAVIR', '200 MG'),
(1386, 800, 'ACETYLCYSTEIN', '200 MG'),
(1387, 576, 'ALOH, MGOH, SIMETICON', '1'),
(1388, 246, 'ALOH, MGOH, SIMETICON', '1'),
(1389, 960, 'NN', '1'),
(1390, 961, 'CLOPIDOGREL', '75 mg'),
(1391, 962, 'CODEIN', '10 MG'),
(1392, 963, 'CODEIN', '20 mg'),
(1393, 964, 'RABEPRAZOLE', '20 mg'),
(1394, 965, 'NN', '1'),
(1395, 490, 'NN', '1'),
(1397, 462, 'LACTULOSA', '1'),
(1398, 966, 'LACTULOSA', '1'),
(1399, 967, 'MICONAZOLE', '1'),
(1400, 968, 'MICONAZOLE', '1'),
(1401, 969, 'MICONAZOLE', '1'),
(1402, 970, 'PERMETHRIN', '1'),
(1403, 971, 'GENTAMICIN', '1'),
(1404, 971, 'FLUOCINOLON', '1'),
(1406, 565, 'FLUOCINOLON', '1'),
(1407, 211, 'ASAM FOLAT', '400'),
(1408, 44, 'PARACETAMOL', '160 mg'),
(1411, 973, 'NN', '1'),
(1412, 381, 'NN', '1'),
(1414, 974, 'NN', '1'),
(1415, 975, 'RANITIDIN', '1'),
(1416, 306, 'NN', '1'),
(1417, 976, 'LEVOCETIRIZINE', '10 MG'),
(1418, 93, 'NN', '1'),
(1419, 508, 'NN', '1'),
(1420, 977, 'PARACETAMOL', '650 MG'),
(1421, 978, 'PARACETAMOL', '650 MG'),
(1422, 979, 'PARACETAMOL', '650 MG'),
(1424, 980, 'PARACETAMOL', '650 MG'),
(1425, 982, 'PARACETAMOL', '650 MG'),
(1426, 983, 'PARACETAMOL', '650 MG'),
(1427, 985, 'PARACETAMOL', '650 MG'),
(1428, 984, 'PARACETAMOL', '650 MG'),
(1429, 986, 'PARACETAMOL', '650 MG'),
(1430, 988, 'PARACETAMOL', '650 MG'),
(1432, 990, 'PARACETAMOL', '650 MG'),
(1433, 989, 'PARACETAMOL', '650 MG'),
(1434, 987, 'PARACETAMOL', '650 MG'),
(1435, 991, 'PARACETAMOL', '650 MG'),
(1436, 992, 'AZITHROMICIN', '500 MG'),
(1438, 993, 'AZITHROMICIN', '200 MG'),
(1439, 994, 'NN', '1'),
(1440, 981, 'PARACETAMOL', '650 MG'),
(1441, 62, 'NN', '1'),
(1442, 1, 'ALLOPURINOL', '300 MG'),
(1443, 995, 'NN', '1'),
(1444, 333, 'NN', '1'),
(1445, 17, 'NN', '1'),
(1447, 11, 'NN', '1'),
(1455, 110, 'ATORVASTATIN', '20 mg'),
(1456, 996, 'NN', '1'),
(1458, 494, 'MICONAZOLE', '2%'),
(1459, 137, 'LANSOPRAZOLE', '30 MG'),
(1460, 997, 'ASAM MEFENAMAT', '500 MG'),
(1461, 998, 'NN', '1'),
(1462, 972, 'NN', '1'),
(1463, 999, 'VALSARTAN', '80 MG'),
(1464, 1000, 'NN', '1'),
(1465, 74, 'NN', '1'),
(1466, 73, 'NN', '1'),
(1467, 1001, 'NN', '1'),
(1468, 399, 'NN', '1'),
(1469, 1002, 'NN', '1'),
(1470, 30, 'NN', '1'),
(1472, 299, 'NN', '1'),
(1473, 1003, 'NN', '1'),
(1474, 332, 'PSEUDOEPHEDRIN', '30 MG'),
(1475, 332, 'TRIPOLIDIN', '12,5  MG'),
(1476, 1004, 'PSEUDOEPHEDRIN', '60 MG'),
(1477, 1004, 'TRIPOLIDIN', '12,5  MG'),
(1478, 1005, 'NN', '1'),
(1479, 1006, 'ZINC', '20 mg'),
(1480, 1007, 'ZINC', '20 mg'),
(1482, 1008, 'FLAVOXATE HYDROCLORIDA', '200 MG'),
(1483, 390, 'NN', '1'),
(1484, 389, 'NN', '1'),
(1485, 248, 'NN', '1'),
(1487, 1010, 'NN', '1'),
(1488, 87, 'NN', '1'),
(1489, 688, 'GLICAZIDE', '80 MG'),
(1490, 711, 'KETOCONAZOLE', '1'),
(1491, 214, 'NN', '1'),
(1492, 780, 'PSEUDOEPHEDRIN', '60 MG'),
(1493, 780, 'TRIPOLIDIN', '12,5  MG'),
(1494, 215, 'NN', '1'),
(1495, 1011, 'NN', '1'),
(1498, 247, 'NN', '1'),
(1499, 121, 'CITICOLINE', '500 MG'),
(1500, 1012, 'NN', '1'),
(1501, 39, 'NN', '1'),
(1502, 753, 'ORLISTAT', '240 MG'),
(1503, 1013, 'NN', '1'),
(1505, 1014, 'NN', '1'),
(1506, 1015, 'PARACETAMOL', '500 MG'),
(1507, 1016, 'NN', '1'),
(1509, 1017, 'NN', '1'),
(1510, 1018, 'NATRIUM DIKLOFENAK', '1'),
(1511, 1019, 'SALBUTAMOL', '2 MG'),
(1512, 182, 'NN', '1'),
(1513, 1020, 'SALBUTAMOL', '4 MG'),
(1514, 1021, 'NN', '1'),
(1515, 1022, 'GABAPENTIN', '100 MG'),
(1516, 1023, 'BETAMETASON', '1'),
(1517, 1023, 'NEOMYCIN', '1'),
(1518, 1024, 'ACETYLCYSTEIN', '600 MG'),
(1519, 1025, 'LEVOFLOXACIN', '500 MG'),
(1521, 1027, 'NN', '1'),
(1522, 1028, 'NN', '1'),
(1523, 403, 'NN', '1'),
(1525, 1030, 'NN', '1'),
(1526, 1031, 'METAMIZOLE', '500 MG'),
(1527, 1032, 'ASAM VALPROAR', '250 MG'),
(1528, 1033, 'NATRIUM DIKLOFENAK', '100 MG'),
(1529, 1034, 'NATRIUM DIKLOFENAK', '75 mg'),
(1530, 1035, 'NN', '1'),
(1531, 707, 'REBAMIPIDE', '100 MG'),
(1532, 1036, 'CLOBETASOL', '1'),
(1534, 604, 'NN', '1'),
(1535, 1038, 'DOMPERIDON', '10 MG'),
(1536, 1039, 'RABEPRAZOLE', '10 MG'),
(1537, 1040, 'NN', '1'),
(1538, 1041, 'ACETOSAL', '100 MG'),
(1539, 1042, 'NN', '1'),
(1540, 1043, 'NN', '1'),
(1541, 1044, 'NN', '1'),
(1542, 1045, 'TRIAMCINOLON', '4 MG'),
(1543, 1046, 'NN', '1'),
(1544, 1047, 'METHISOPRONOL', '1'),
(1545, 1048, 'CLORTIMAZOLE', '1'),
(1546, 1049, 'METFORMIN', '500 MG'),
(1547, 1050, 'NN', '1'),
(1549, 1051, 'NN', '1'),
(1550, 1052, 'NN', '1'),
(1551, 1053, 'NN', '1'),
(1552, 1054, 'OXYTETRACICLIN', '1'),
(1554, 1055, 'NATRIUM DIKLOFENAK', '50'),
(1555, 1056, 'dexametashon', '0.75'),
(1556, 657, 'dexametashon', '0.5'),
(1557, 1057, 'NN', '1'),
(1558, 1058, 'LOPERAMIDE', '2 MG'),
(1559, 124, 'DOMPERIDON', '1'),
(1560, 1059, 'NN', '1'),
(1561, 165, 'NN', '1'),
(1562, 1060, 'PARACETAMOL', '160 MG'),
(1563, 577, 'NN', '1'),
(1564, 439, 'NN', '1'),
(1565, 1061, 'ROSUVASTATIN', '20 MG'),
(1566, 1062, 'NN', '1'),
(1567, 1063, 'ASAM FOLAT', '1'),
(1568, 1064, 'AMBROXOL', '30 MG'),
(1569, 1065, 'ONDANSENTRON', '1'),
(1570, 1066, 'FAMOTIDIN', '40 MG'),
(1572, 1068, 'NN', '1'),
(1573, 1069, 'CHILCHICINE', '0.5 MG'),
(1574, 1070, 'METHISOPRONOL', '500 MG'),
(1575, 635, 'MEDROXYPROGESTERONE ACETATE', '1'),
(1576, 635, 'ESTRADIOL CIPIONATE', '1'),
(1577, 608, 'PIROXICAM', '20 mg'),
(1578, 1071, 'WALFARIN', '2 MG'),
(1579, 325, 'NN', '1'),
(1580, 1072, 'NN', '1'),
(1581, 1073, 'NN', '1'),
(1583, 155, 'NN', '1'),
(1584, 1075, 'NN', '1'),
(1585, 1076, 'NN', '1'),
(1586, 1077, 'NN', '1'),
(1587, 1078, 'NN', '1'),
(1588, 1079, 'CHOLECALCIFEROL', '1'),
(1589, 1080, 'KALIUM DIKLOFENAK', '50 MG'),
(1590, 236, 'POVIDON IODINE', '1'),
(1591, 1081, 'NN', '1'),
(1592, 1082, 'NN', '1'),
(1593, 1083, 'NN', '1'),
(1594, 1084, 'NN', '1'),
(1595, 1085, 'NN', '1'),
(1596, 1086, 'NN', '1'),
(1597, 1087, 'NN', '1'),
(1598, 320, 'NN', '1'),
(1599, 416, 'NN', '1'),
(1600, 1088, 'NN', '1'),
(1602, 837, 'LEVONOGESTREL', '150 MG'),
(1603, 837, 'ETHNYLLESTRADIOL', '30 MG'),
(1605, 308, 'ALOH, MGOH, SIMETICON', '1'),
(1606, 1090, 'NATRIUM DIKLOFENAK', '50 MG'),
(1607, 1091, 'LANSOPRAZOLE', '30 MG'),
(1608, 1092, 'TRIMETROPIN', '160 mg'),
(1609, 1092, 'SULFAMETOXAXOL', '800 MG'),
(1610, 1093, 'NN', '1'),
(1611, 210, 'NN', '1'),
(1613, 1094, 'NN', '1'),
(1614, 1095, 'TRIMETROPIN', '1'),
(1615, 1095, 'SULFAMETOKSASOL', '1'),
(1617, 1097, 'METOCLOPRAMIDE', '10 MG'),
(1618, 1098, 'METOCLOPRAMIDE', '1'),
(1619, 1099, 'NN', '1'),
(1622, 1100, 'NN', '1'),
(1623, 1102, 'NN', '1'),
(1624, 1101, 'NN', '1'),
(1625, 685, 'FUSIDIC ACID', '1'),
(1626, 645, 'CALCIUM LACTATE', '1'),
(1627, 1103, 'HYDROQUINON', '1'),
(1628, 1104, 'MOMETASON', '1'),
(1629, 1105, 'MOMETASON', '1'),
(1630, 59, 'NN', '1'),
(1631, 1106, 'NN', '1'),
(1632, 1107, 'NN', '1'),
(1633, 1108, 'NN', '1'),
(1634, 1109, 'NN', '1'),
(1635, 1110, 'NN', '1'),
(1636, 1111, 'CANDESARTAN', '16 MG'),
(1637, 1112, 'NN', '1'),
(1638, 1113, 'NN', '1'),
(1639, 1114, 'NN', '1'),
(1640, 1115, 'NN', '1'),
(1641, 1116, 'NN', '1'),
(1642, 1117, 'NYSTATIN', '1'),
(1643, 524, 'NN', '1'),
(1644, 677, 'NN', '1'),
(1645, 589, 'SUCRALFATE', '1'),
(1646, 1118, 'LACTULOSA', '10 MG'),
(1647, 1119, 'LACTULOSA', '10 MG'),
(1648, 454, 'NN', '1'),
(1650, 1120, 'LEVOFLOXACIN', '500 MG'),
(1651, 569, 'dexametashon', '1'),
(1652, 569, 'DEX-CTM', '1'),
(1653, 585, 'HYYDROCORTISON', '1'),
(1654, 771, 'TRIAMCINOLON', '1'),
(1656, 1121, 'NN', '1'),
(1657, 1122, 'NN', '1'),
(1658, 1123, 'NN', '1'),
(1659, 1124, 'ORLISTAT', '120 MG'),
(1660, 1125, 'NN', '1'),
(1661, 82, 'NN', '1'),
(1662, 344, 'NN', '1'),
(1663, 1126, 'NN', '1'),
(1664, 1127, 'NN', '1'),
(1665, 1128, 'NN', '1'),
(1666, 1129, 'SILDENAFIL', '50 MG'),
(1667, 620, 'PARACETAMOL', '500 MG'),
(1668, 620, 'ACETYLCYSTEIN', '200 MG'),
(1670, 593, 'METHYLPREDNISOLON', '8 MG'),
(1671, 1130, 'METHYLPREDNISOLON', '8 MG'),
(1672, 313, 'ALOH, MGOH, SIMETICON', '1'),
(1673, 939, 'NN', '1'),
(1674, 10, 'NN', '1'),
(1675, 1089, 'NN', '1'),
(1676, 29, 'NN', '1'),
(1677, 1131, 'NN', '1'),
(1678, 652, 'CANDESARTAN', '8 MG'),
(1679, 651, 'CANDESARTAN', '16 MG'),
(1680, 567, 'NN', '1'),
(1681, 218, 'DEQUALINIUM', '0.25'),
(1682, 1132, 'CHOLECALCIFEROL', '1000 MCG'),
(1683, 1133, 'NN', '1'),
(1686, 1136, 'SUCRALFATE', '1'),
(1687, 1137, 'NN', '1'),
(1688, 1037, 'DOMPERIDON', '10 MG'),
(1690, 1138, 'VALSARTAN', '160 mg'),
(1691, 625, 'ZINC', '20 mg'),
(1692, 1139, 'ACYCLOVIR', '1'),
(1693, 1140, 'NN', '1'),
(1695, 1141, 'NN', '1'),
(1696, 328, 'KAOLIN, PEKTIN', '1'),
(1697, 1142, 'NN', '1'),
(1698, 1143, 'NN', '1'),
(1699, 1144, 'NN', '1'),
(1700, 1145, 'NN', '1'),
(1701, 1146, 'NN', '1'),
(1702, 1147, 'NN', '1'),
(1703, 1148, 'NN', '1'),
(1704, 1149, 'NN', '1'),
(1705, 305, 'BROMHEXINE', '4 MG'),
(1706, 305, 'GG', '100 MG'),
(1707, 648, 'N-HYOSCINE', '1'),
(1708, 648, 'PARACETAMOL', '500 MG'),
(1710, 361, 'NN', '1'),
(1712, 461, 'PARACETAMOL', '125 MG'),
(1713, 272, 'NN', '1'),
(1715, 1150, 'NN', '1'),
(1716, 472, 'PARACETAMOL', '600 MG'),
(1717, 351, 'NN', '1'),
(1718, 354, 'NN', '1'),
(1719, 519, 'NN', '1'),
(1720, 1151, 'NN', '1'),
(1721, 366, 'NN', '1'),
(1722, 407, 'NN', '1'),
(1723, 897, 'ALOH, MGOH, SIMETICON', '1'),
(1724, 718, 'CHLORAMPHENICOL', '1'),
(1725, 1152, 'NN', '1'),
(1726, 1067, 'LEVOFLOXACIN', '500 MG'),
(1729, 1155, 'CLOBAZAM', '10 MG'),
(1730, 1154, 'AMITRIPTYLYN', '25 MG'),
(1731, 1156, 'DIPAGLIFLOZIN', '10 MG'),
(1733, 1157, 'NN', '1'),
(1734, 36, 'NN', '1'),
(1735, 636, 'LEVOFLOXACIN', '1'),
(1736, 1158, 'SUCRALFATE', '1'),
(1737, 669, 'NN', '1'),
(1738, 268, 'PARACETAMOL', '80 MG'),
(1739, 470, 'NN', '1'),
(1740, 469, 'NN', '1'),
(1741, 1159, 'MINOXIDIL', '2%'),
(1742, 1153, 'METFORMIN', '500 MG'),
(1743, 1153, 'GLIMPEPIRIDE', '2 MG'),
(1744, 1160, 'ERDOSTEIN', '1'),
(1745, 1161, 'FLUNARIZIN', '5 MG'),
(1746, 1162, 'ASAM TRANEKSAMAT', '500 MG'),
(1747, 1163, 'CHLORAMPHENICOL', '1'),
(1748, 1163, 'DEXAMETHASON', '1'),
(1749, 1164, 'TICAGRELOR', '90 MG'),
(1750, 1165, 'DROSPIRENONE', '1'),
(1751, 1165, 'ETHINLESTRADIOL', '1'),
(1753, 1167, 'SUCRALFATE', '1'),
(1754, 727, 'THEOPHYLIN', '1'),
(1755, 727, 'SALBUTAMOL', '1'),
(1756, 1168, 'URSODEOXYCHOLIC ACID', '250 MG'),
(1757, 703, 'BETAHISTIN', '6 MG'),
(1760, 1170, 'nn', '1'),
(1761, 1171, 'METAMPIRON', '500 MG'),
(1762, 1171, 'DIAZEPAM', '2 MG'),
(1764, 1173, 'NN', '1'),
(1769, 1176, 'NN', '1'),
(1770, 1177, 'NN', '1'),
(1771, 1134, 'NN', '1'),
(1772, 1135, 'NN', '1'),
(1773, 428, 'NN', '1'),
(1774, 86, 'NN', '1'),
(1776, 1178, 'NN', '1'),
(1777, 1179, 'NN', '1'),
(1778, 1180, 'NN', '1'),
(1779, 1181, 'NN', '1'),
(1780, 1182, 'NN', '1'),
(1781, 1183, 'VITAMIN C', '1000 MG'),
(1782, 1184, 'ERDOSTEIN', '30 MG'),
(1783, 1185, 'LORATADIN', '10 MG'),
(1784, 1186, 'BETAMETASON', '1'),
(1785, 1186, 'DEX-CTM', '1'),
(1786, 1187, 'AMBROXOL', '30 MG'),
(1787, 1188, 'CEFIXIME', '1'),
(1788, 1189, 'AZITHROMICIN', '500 MG'),
(1789, 1190, 'AZITHROMICIN', '200 MG'),
(1790, 506, 'NATRIUM DIKLOFENAK', '1'),
(1792, 1191, 'GEMFIBROZIL', '300 MG'),
(1793, 241, 'PIRANTEL PAMOAT', '1'),
(1794, 485, 'NN', '1'),
(1795, 1192, 'NN', '1'),
(1796, 294, 'NN', '1'),
(1797, 1193, 'NN', '1'),
(1798, 1194, 'NN', '1'),
(1799, 1195, 'MUPIROCIN', '1'),
(1800, 725, 'GENTAMICIN', '1'),
(1802, 1196, 'CIPROFLOXACIN', '500 MG'),
(1803, 1197, 'DESONIDE', '1'),
(1804, 1198, 'DESONIDE', '1'),
(1805, 1199, 'DESONIDE', '1'),
(1806, 1199, 'NEOMYCIN', '1'),
(1807, 1200, 'NN', '1'),
(1808, 1201, 'NN', '1'),
(1810, 1203, 'VITAMIN C', '500 MG'),
(1811, 209, 'NN', '1'),
(1813, 1204, 'ACETYLCYSTEIN', '600 MG'),
(1814, 1205, 'ACETYLCYSTEIN', '200 MG'),
(1815, 1206, 'NN', '1'),
(1816, 1207, 'MAGESTEROL', '1'),
(1817, 1208, 'MAGESTEROL', '1'),
(1818, 498, 'POVIDON IODINE', '1'),
(1819, 1209, 'POVIDON IODINE', '1'),
(1820, 1175, 'NN', '1'),
(1821, 588, 'DESOXYMETHASON', '1'),
(1822, 1210, 'KRILL', '1'),
(1823, 1211, 'KETOPROFEN', '100 MG'),
(1824, 740, 'NATRIUM DIKLOFENAK', '50 MG'),
(1825, 47, 'ALOH, MGOH, SIMETICON', '1'),
(1826, 1212, 'NN', '1'),
(1828, 1213, 'NN', '1'),
(1829, 1214, 'NN', '1'),
(1830, 170, 'NN', '1'),
(1831, 1215, 'ERYTROMICIN', '500 MG'),
(1832, 1172, 'THIAMPHENICOL', '500 MG'),
(1833, 1216, 'NN', '1'),
(1834, 321, 'NN', '1'),
(1835, 379, 'NN', '1'),
(1836, 387, 'NN', '1'),
(1837, 66, 'NN', '1'),
(1838, 522, 'NN', '1'),
(1839, 1217, 'NN', '1'),
(1840, 1218, 'NN', '1'),
(1841, 1219, 'NN', '1'),
(1842, 266, 'NN', '1'),
(1843, 843, 'NN', '1'),
(1844, 1202, 'NN', '1'),
(1845, 1220, 'LANSOPRAZOLE', '20 mg'),
(1846, 1221, 'FLUNARIZIN', '10 MG'),
(1847, 866, 'PSEUDOEPHEDRIN', '120 MG'),
(1848, 866, 'LORATADIN', '5 MG'),
(1849, 1222, 'ERDOSTEIN', '300 MG'),
(1851, 275, 'NN', '1'),
(1852, 1224, 'NN', '1'),
(1853, 1225, 'VITAMIN B KOMPLEKS', '1'),
(1854, 1226, 'GABAPENTIN', '300 MG'),
(1855, 1227, 'SUCRALFATE', '1'),
(1856, 1228, 'ONDANSENTRON', '4 MG'),
(1857, 1229, 'ONDANSENTRON', '8 MG'),
(1858, 1230, 'NN', '1'),
(1859, 1231, 'NN', '1'),
(1860, 1232, 'NN', '1'),
(1862, 684, 'KETOCONAZOLE', '200 MG'),
(1864, 1233, 'NN', '1'),
(1865, 109, 'ATORVASTATIN', '10 MG'),
(1866, 104, 'ALLOPURINOL', '100 MG'),
(1867, 679, 'FENOFOBRAT', '200'),
(1868, 865, 'PREGABALIN', '75 mg'),
(1869, 858, 'CELECOXIB', '200 MG'),
(1870, 510, 'NN', '1'),
(1871, 557, 'KALIUM DIKLOFENAK', '50'),
(1872, 373, 'CTM', '4 MG'),
(1874, 1235, 'SIPAGLIPTIN', '50 MG'),
(1875, 1235, 'METFORMIN', '1000 MG'),
(1878, 419, 'NN', '1'),
(1880, 1169, 'NN', '1'),
(1899, 1166, 'NN', '1'),
(1900, 687, 'VIDAGLIPTIN', '50 MG'),
(1901, 687, 'METFORMIN', '500 MG'),
(1902, 1238, 'ATORVASTATIN', '10 MG'),
(1903, 1240, 'NN', '1'),
(1904, 1029, 'NN', '1'),
(1905, 111, 'BISOPROLOL', '5 MG'),
(1906, 512, 'PIRANTEL PAMOAT', '250 MG'),
(1907, 1074, 'NN', '1'),
(1909, 1239, 'ALOH, MGOH, SIMETICON', '1'),
(1910, 826, 'NN', '1'),
(1911, 1249, 'GENTAMICIN', '1'),
(1912, 1251, 'AMOXICILIN', '1'),
(1913, 1251, 'CLAVULANAT ACID', '1'),
(1914, 1250, 'AMOXICILIN', '1'),
(1915, 1250, 'CLAVULANAT ACID', '1'),
(1916, 1248, 'CLOBETASOL', '1'),
(1917, 1246, 'CLOBETASOL', '1'),
(1918, 1245, 'NN', '1'),
(1919, 1247, 'CLOBETASOL', '1'),
(1920, 1244, 'NN', '1'),
(1921, 1242, 'NN', '1'),
(1922, 1241, 'VITAMIN B KOMPLEKS', '1'),
(1923, 1241, 'VITAMIN E', '1'),
(1924, 1174, 'NN', '1'),
(1925, 1243, 'NYSTATIN', '1'),
(1926, 175, 'NN', '1'),
(1927, 264, 'IBUPROFEN', '250'),
(1928, 1223, 'NN', '1'),
(1929, 273, 'NN', '1'),
(1930, 613, 'NN', '1'),
(1931, 731, 'DESOXYMETHASON', '1'),
(1932, 683, 'KETOCONAZOLE', '1'),
(1933, 1234, 'NN', '1'),
(1934, 1096, 'VITAMIN B KOMPLEKS', '1'),
(1935, 631, 'METFORMIN', '500 MG'),
(1936, 631, 'GLIMPEPIRIDE', '2 MG'),
(1938, 1026, 'ESOMEPRAZOLE', '20 mg'),
(1939, 43, 'NN', '1'),
(1940, 316, 'ALOH, MGOH, SIMETICON', '1'),
(1941, 315, 'ALOH, MGOH, SIMETICON', '1'),
(1942, 338, 'NN', '1'),
(1943, 309, 'NN', '1'),
(1944, 667, 'AMLPODIPIN', '5 MG'),
(1945, 493, 'MICONAZOLE', '2%'),
(1946, 1236, 'GLIMPEPIRIDE', '2 MG'),
(1947, 445, 'CLORTIMAZOLE', '1'),
(1948, 129, 'NN', '1'),
(1949, 250, 'NN', '1'),
(1950, 603, 'MICONAZOLE', '1'),
(1951, 1237, 'GENTAMICIN', '1'),
(1952, 1252, 'NN', '1'),
(1953, 274, 'NN', '1'),
(1954, 402, 'NN', '1'),
(1955, 324, 'NN', '1'),
(1956, 24, 'NN', '1'),
(1957, 422, 'NN', '1'),
(1959, 245, 'NN', '1'),
(1960, 85, 'NN', '1'),
(1961, 1009, 'dexametashon', '0.5'),
(1962, 415, 'NN', '1'),
(1963, 421, 'NN', '1'),
(1964, 678, 'FAMOTIDIN', '40 MG');

-- --------------------------------------------------------

--
-- Struktur dari tabel `kredit`
--

CREATE TABLE `kredit` (
  `id_kredit` int(11) NOT NULL,
  `nama_pelanggan` varchar(100) NOT NULL,
  `nomor_telepon` varchar(12) NOT NULL,
  `alamat_pelanggan` text NOT NULL
) ENGINE=InnoDB DEFAULT CHARSET=utf8;

--
-- Dumping data untuk tabel `kredit`
--

INSERT INTO `kredit` (`id_kredit`, `nama_pelanggan`, `nomor_telepon`, `alamat_pelanggan`) VALUES
(3, 'NY. SHERLY', '0853', 'JL. WIJAYAKUSUMA X');

-- --------------------------------------------------------

--
-- Struktur dari tabel `kredit_det`
--

CREATE TABLE `kredit_det` (
  `id_kredit_det` int(11) NOT NULL,
  `id_kredit` int(11) NOT NULL,
  `id_obat` int(11) NOT NULL,
  `id_supplier` int(11) NOT NULL,
  `banyak_obat` int(11) NOT NULL,
  `diskon` int(11) NOT NULL,
  `sub_total` int(11) NOT NULL,
  `tanggal_jatuh_tempo` date NOT NULL,
  `status_kredit` int(11) NOT NULL,
  `created_at` timestamp NULL DEFAULT NULL,
  `updated_at` timestamp NULL DEFAULT NULL
) ENGINE=InnoDB DEFAULT CHARSET=utf8;

--
-- Dumping data untuk tabel `kredit_det`
--

INSERT INTO `kredit_det` (`id_kredit_det`, `id_kredit`, `id_obat`, `id_supplier`, `banyak_obat`, `diskon`, `sub_total`, `tanggal_jatuh_tempo`, `status_kredit`, `created_at`, `updated_at`) VALUES
(11, 3, 109, 5, 30, 5, 91000, '2021-11-01', 0, '2021-10-05 19:06:38', '2021-10-05 19:06:38'),
(12, 3, 679, 3, 10, 5, 52000, '2021-11-01', 0, '2021-10-05 19:06:38', '2021-10-05 19:06:38');

--
-- Trigger `kredit_det`
--
DELIMITER $$
CREATE TRIGGER `kredit_event` AFTER INSERT ON `kredit_det` FOR EACH ROW BEGIN
    	UPDATE obat SET stok_obat = stok_obat - NEW.banyak_obat WHERE id_obat = NEW.id_obat;
END
$$
DELIMITER ;

-- --------------------------------------------------------

--
-- Struktur dari tabel `margin_obat`
--

CREATE TABLE `margin_obat` (
  `id_margin_obat` int(1) NOT NULL,
  `margin_upds` int(11) NOT NULL,
  `margin_resep` int(11) NOT NULL,
  `margin_relasi` int(11) NOT NULL
) ENGINE=InnoDB DEFAULT CHARSET=utf8;

--
-- Dumping data untuk tabel `margin_obat`
--

INSERT INTO `margin_obat` (`id_margin_obat`, `margin_upds`, `margin_resep`, `margin_relasi`) VALUES
(1, 15, 23, 10);

-- --------------------------------------------------------

--
-- Struktur dari tabel `migrations`
--

CREATE TABLE `migrations` (
  `id` int(10) UNSIGNED NOT NULL,
  `migration` varchar(255) COLLATE utf8mb4_unicode_ci NOT NULL,
  `batch` int(11) NOT NULL
) ENGINE=InnoDB DEFAULT CHARSET=utf8mb4 COLLATE=utf8mb4_unicode_ci;

--
-- Dumping data untuk tabel `migrations`
--

INSERT INTO `migrations` (`id`, `migration`, `batch`) VALUES
(1, '2014_10_12_000000_create_users_table', 1);

-- --------------------------------------------------------

--
-- Struktur dari tabel `obat`
--

CREATE TABLE `obat` (
  `id_obat` int(11) NOT NULL,
  `kode_obat` varchar(20) NOT NULL,
  `id_jenis_obat` int(11) NOT NULL,
  `nama_obat` varchar(70) NOT NULL,
  `id_golongan_obat` int(11) NOT NULL,
  `id_pabrik_obat` int(11) NOT NULL,
  `stok_obat` int(11) NOT NULL,
  `satuan_obat` varchar(70) NOT NULL,
  `dosis_satuan` text NOT NULL,
  `tanggal_expired` date NOT NULL,
  `harga_modal` int(11) NOT NULL,
  `harga_modal_ppn` int(11) NOT NULL,
  `hja_upds` int(11) DEFAULT NULL,
  `hja_resep` int(11) DEFAULT NULL,
  `hja_relasi` int(11) DEFAULT NULL,
  `status_delete` int(1) NOT NULL
) ENGINE=InnoDB DEFAULT CHARSET=latin1;

--
-- Dumping data untuk tabel `obat`
--

INSERT INTO `obat` (`id_obat`, `kode_obat`, `id_jenis_obat`, `nama_obat`, `id_golongan_obat`, `id_pabrik_obat`, `stok_obat`, `satuan_obat`, `dosis_satuan`, `tanggal_expired`, `harga_modal`, `harga_modal_ppn`, `hja_upds`, `hja_resep`, `hja_relasi`, `status_delete`) VALUES
(1, 'OMF-TBT-00000000004', 1, 'ALOFAR 300', 3, 6, 100, 'TAB', '300', '2023-02-01', 737, 811, 933, 998, 892, 0),
(2, 'OMF-TBT-00000000002', 1, 'ALOFAR 100', 3, 6, 300, 'TAB', '100', '2023-04-01', 331, 364, 1000, 1000, NULL, 1),
(3, 'OMF-TBT-00000000006', 1, 'ALOFAR 100', 3, 6, 80, 'TAB', '100', '2023-04-01', 331, 364, 419, 448, 400, 0),
(4, 'OMF-AKS-00000000006', 7, 'BYE BYE FEVER BABY @10', 4, 43, 17, 'PCS', '1', '2023-01-01', 6464, 7110, 8176, 8745, 7821, 0),
(5, 'OMF-TBT-00000000005', 1, 'C2FIT @4TAB', 1, 10, 19, 'STRP', '1', '2022-05-05', 20000, 22000, 25300, 27060, 24200, 0),
(6, 'OMF-BTL-00000000006', 8, 'M. TELON PLUS KONICARE 125 ML', 7, 44, 2, 'BTL', '1', '2022-06-01', 43424, 47766, 54931, 58752, 52543, 0),
(7, 'OMF-BTL-00000000006', 8, 'M. TELON PLUS KONICARE 60 ML', 7, 44, 2, 'BTL', '1', '2022-12-01', 21761, 23937, 27528, 29443, 26331, 0),
(8, 'OMF-BTL-00000000006', 8, 'M. TELON PLUS KONICARE 30 ML', 7, 44, 2, 'BTL', '1', '2022-12-01', 13572, 14929, 17168, 18363, 16422, 0),
(9, 'OMF-ONT-00000000007', 10, 'ICHTIOL SALF', 7, 45, 5, 'PCS', '1', '2022-12-01', 5767, 6344, 7296, 7803, 6978, 0),
(10, 'OMF-SRP-00000000007', 2, 'APIALYS SYR', 7, 1, 2, 'BTL', '1', '2023-04-01', 33000, 36300, 41745, 44649, 39930, 0),
(11, 'OMF-SRP-00000000007', 2, 'APIALYS DROP', 7, 1, 5, 'BTL', '1', '2022-11-01', 40926, 45019, 51772, 55373, 49521, 0),
(12, 'OMF-SRP-00000000007', 2, 'PROMAG SYR BTL', 7, 5, 0, 'BTL', '1', '2022-12-01', 11339, 12473, 14343, 15341, NULL, 1),
(13, 'OMF-SRP-00000000007', 2, 'PROMAG SYR BTL', 7, 5, 2, 'BTL', '1', '2022-12-01', 11339, 12473, 14344, 15342, 13720, 0),
(14, 'OMF-SRP-00000000007', 2, 'BODREXIN FLU & BATUK SYR', 2, 30, 1, 'BTL', '1', '2023-05-01', 9152, 10067, 11577, 12382, 11074, 0),
(15, 'OMF-SRP-00000000009', 2, 'BODREXIN DEMAM SYR', 1, 30, 0, 'BTL', '1', '2022-11-01', 9937, 10931, 12570, 13444, NULL, 1),
(16, 'OMF-SRP-00000000009', 2, 'BODREXIN DEMAM SYR', 1, 30, 1, 'BTL', '1', '2022-11-01', 9937, 10931, 12571, 13445, 12024, 0),
(17, 'OMF-TBT-00000000007', 14, 'IMBOOST EFF ALL VAR', 7, 3, 3, 'PCS', '1', '2022-11-01', 32000, 35200, 40480, 43296, 38720, 0),
(18, 'OMF-SCT-00000000008', 15, 'L-BIO SACH @30', 1, 1, 26, 'SACH', '1', '2022-11-01', 8352, 9187, 10565, 11300, 10106, 0),
(19, 'OMF-TBT-00000000008', 1, 'PRORIS TAB', 2, 46, 90, 'TAB', '200', '2022-12-01', 807, 888, 1021, 1092, 977, 0),
(20, 'OMF-SRP-00000000009', 2, 'TERMOREX SYR 60 ML', 1, 49, 1, 'BTL', '1', '2022-11-01', 12073, 13280, 15272, 16334, 14608, 0),
(21, 'OMF-SRP-00000000009', 2, 'TERMOREX SYR 60 ML', 1, 49, 0, '0', '1', '2022-11-01', 12073, 13280, 16000, 16000, NULL, 1),
(22, 'OMF-SRP-00000000009', 2, 'TERMOREX PLUS SYR 60 ML', 2, 49, 0, 'BTL', '1', '2022-11-01', 14211, 15632, 19000, 19000, NULL, 1),
(23, 'OMF-SRP-00000000009', 2, 'TERMOREX PLUS SYR 60 ML', 2, 49, 1, 'BTL', '1', '2022-11-01', 14211, 15632, 17977, 19227, 17195, 0),
(24, 'OMF-SRP-00000000009', 2, 'TERMOREX PLUS SYR 30 ML', 2, 49, 1, 'BTL', '1', '2023-04-04', 7650, 8415, 9678, 10351, 9257, 0),
(25, 'OMF-SRP-00000000009', 2, 'RHINOS JUNIOR', 2, 26, 3, 'BTL', '1', '2022-11-01', 42848, 47133, 54203, 57974, 51846, 0),
(26, 'OMF-BTL-00000000009', 8, 'BETADIN GARGEL 190 ML', 7, 50, 122, 'BTL', '1', '2022-12-01', 28994, 31893, 36677, 39228, 35082, 0),
(27, 'OMF-TBT-00000000009', 1, 'PROMAG TAB STRIP', 7, 5, 8, 'STRP', '1', '2022-12-01', 6575, 7232, 8317, 8895, 7955, 0),
(28, 'OMF-SCT-00000000010', 15, 'PROMAG SACH', 7, 5, 18, 'SACH', '1', '2022-12-01', 1793, 1972, 2268, 2426, 2169, 0),
(29, 'OMF-TBT-00000000010', 1, 'BECOM-C TAB @100', 7, 22, 10, 'STRP', '1', '2022-12-01', 21992, 24191, 27820, 29755, 26610, 0),
(30, 'OMF-SRP-00000000011', 2, 'OBH COMBI BATUK BERDAHAK SYR 100 ML ALL VAR', 7, 11, 9, 'BTL', '1', '2022-10-01', 10300, 11330, 13030, 13936, 12463, 0),
(31, 'OMF-SRP-00000000011', 2, 'DULCOLACTL SYR 60 ML', 1, 9, 2, 'BTL', '1', '2022-10-01', 64773, 71250, 81938, 87638, 78375, 0),
(32, 'OMF-TBT-00000000011', 1, 'ENZYPLEX STRIP', 1, 51, 0, 'STRP', '1', '2022-10-01', 7914, 8705, 10011, 10707, 9576, 0),
(33, 'OMF-TBT-00000000012', 14, 'REDOXON @15', 7, 54, 3, 'PCS', '1', '2022-08-01', 40226, 44249, 50886, 54426, 48674, 0),
(34, 'OMF-TBT-00000000013', 14, 'ESTER C EFF', 7, 53, 3, 'PCS', '1', '2022-08-01', 38688, 42557, 48941, 52345, 46813, 0),
(35, 'OMF-TBT-00000000014', 14, 'ENERVON-C EFF', 7, 14, 3, 'PCS', '1', '2022-08-01', 28310, 31141, 35812, 38303, 34255, 0),
(36, 'OMF-TBT-00000000015', 1, 'SELEFIT BTL @15', 7, 39, 6, 'BTL', '1', '2022-08-01', 46000, 50600, 58190, 62238, 55660, 0),
(37, 'OMF-TBT-00000000016', 1, 'RENOVIT GOLD BTL @30', 7, 49, 1, 'BTL', '1', '2022-08-01', 83516, 91868, 105648, 112998, 101055, 0),
(38, 'OMF-BTL-00000000017', 8, 'DETTOL HANDSANITIZER 200 ML', 7, 56, 1, 'PCS', '1', '2022-08-01', 40003, 44003, 50603, 54124, 48403, 0),
(39, 'OMF-BTL-00000000017', 8, 'ANTIS HANDSANITIZER 50 ML', 7, 56, 106, 'BTL', '1', '2022-12-01', 7320, 8052, 9260, 9904, 8857, 0),
(40, 'OMF-ONT-00000000017', 10, 'SOFFEL LOT BOTOL 80 ML ALL VAR', 7, 55, 2, 'PCS', '1', '2022-12-01', 10020, 11022, 12675, 13557, 12124, 0),
(41, 'OMF-BTL-00000000017', 8, 'SOFFEL SPRAY BOTOL 80 ML ALL VAR', 7, 55, 2, 'PCS', '1', '2022-08-01', 12282, 13510, 15536, 16617, 14861, 0),
(42, 'OMF-TBT-00000000017', 1, 'MAX-C 500MG @100TAB', 1, 53, 215, 'TAB', '500', '2023-03-01', 1740, 1914, 2201, 2354, 2105, 0),
(43, 'OMF-TBT-00000000018', 1, 'VITALONG C + ZINC BTL@30', 7, 28, 12, 'BTL', '1', '2023-09-09', 42000, 46200, 53130, 56826, 50820, 0),
(44, 'OMF-SRP-00000000019', 2, 'SANMOL SYR 60 ML', 1, 22, 6, 'BTL', '1', '2022-08-01', 11700, 12870, 14800, 15830, 14157, 0),
(45, 'OMF-SCT-00000000019', 15, 'LACTO-B SACH', 1, 10, 0, 'SACH', '1', '2022-08-01', 6851, 7536, 8666, 9269, 8290, 0),
(46, 'OMF-SRP-00000000019', 2, 'LACOLDIN SYR', 2, 1, 4, 'BTL', '1', '2023-01-01', 20000, 22000, 25300, 27060, 24200, 0),
(47, 'OMF-SRP-00000000019', 2, 'LAGESIL SYR', 1, 1, 3, 'BTL', '1', '2022-08-01', 25000, 27500, 31625, 33825, 30250, 0),
(48, 'OMF-SRP-00000000019', 2, 'STIMUNO SYR 60 ML ALL VAR', 7, 26, 5, 'BTL', '1', '2022-08-01', 24985, 27484, 31607, 33805, 30232, 0),
(49, 'OMF-TBT-00000000019', 1, 'ARDIUM 500 MG @60', 1, 58, 20, 'TAB', '500', '2022-05-01', 10634, 11697, 13452, 14387, 12867, 0),
(50, 'OMF-BTL-00000000020', 8, 'PHISOHEX 50 ML', 7, 9, 0, 'BTL', '1', '2021-08-01', 22509, 24760, 28474, 30455, 27236, 0),
(51, 'OMF-CEM-00000000020', 9, 'KANNA CR', 7, 59, 1, 'PCS', '1', '2022-08-01', 17000, 18700, 21505, 23001, 20570, 0),
(52, 'OMF-TBT-00000000020', 1, 'ESTER C STRIP @4', 7, 53, 30, 'STRP', '1', '2022-08-01', 8000, 8800, 10120, 10824, 9680, 0),
(53, 'OMF-TBT-00000000021', 1, 'CAVIT-D3 TAB @100', 7, 23, 80, 'TAB', '1', '2022-08-01', 2750, 3025, 3479, 3721, 3328, 0),
(54, 'OMF-TBT-00000000022', 1, 'IMBOOST KIDS TAB HISAP', 7, 3, 2, 'BTL', '1', '2022-12-01', 35000, 38500, 44275, 47355, 42350, 0),
(55, 'OMF-TBT-00000000023', 14, 'PROTECAL EFF ALL VAR', 7, 54, 5, 'PCS', '1', '2022-08-01', 36500, 40150, 46172, 49384, 44165, 0),
(56, 'OMF-TBT-00000000024', 1, 'VITALONG C BTL@30', 7, 28, 8, 'BTL', '1', '2022-08-01', 46000, 50600, 58190, 62238, 55660, 0),
(57, 'OMF-TBT-00000000025', 1, 'PRENATAL STRIP @100', 7, 7, 100, 'TAB', '1', '2023-01-01', 874, 961, 1105, 1182, 1057, 0),
(58, 'OMF-KPL-00000000026', 4, 'VERMINT @30', 7, 60, 3, 'PCS', '1', '2022-12-01', 34552, 38007, 43708, 46749, 41808, 0),
(59, 'OMF-KPL-00000000026', 8, 'VERMINT @12', 7, 60, 3, 'BTL', '1', '2022-08-01', 21000, 23100, 26565, 28413, 25410, 0),
(60, 'OMF-SCT-00000000026', 15, 'CEREBROFORT MARINE GUMMY ALL VAR', 7, 5, 54, 'SACH', '1', '2022-08-01', 10483, 11531, 13261, 14183, 12684, 0),
(61, 'OMF-TBT-00000000026', 1, 'DUCOLAX TAB @10', 7, 61, 0, 'PCS', '10', '2022-08-01', 15835, 17418, 20031, 21424, 19160, 0),
(62, 'OMF-EEA-00000000027', 16, 'MICROLAX ENEMA', 1, 46, 5, 'PCS', '1', '2022-08-01', 18750, 20625, 23719, 25369, 22688, 0),
(63, 'OMF-TBT-00000000027', 1, 'NATUR E 100 IU @16', 7, 14, 0, 'BOX', '1', '2022-12-01', 17112, 18823, 21647, 23153, NULL, 1),
(64, 'OMF-TBT-00000000028', 1, 'NATUR E 100 IU @16', 7, 14, 2, 'BOX', '1', '2022-12-01', 15134, 16647, 19144, 20476, 18312, 0),
(65, 'OMF-TBT-00000000031', 1, 'NATUR E ADVANCE @16', 7, 14, 2, 'BOX', '1', '2022-12-01', 37004, 40704, 46810, 50066, 44774, 0),
(66, 'OMF-TBT-00000000032', 1, 'NATUR E ADVANCE @32', 7, 14, 1, 'BOX', '1', '2022-08-01', 62185, 68403, 78664, 84136, 75244, 0),
(67, 'OMF-SRP-00000000031', 2, 'VICKS FORMULA 44 DEWASA 100 ML', 2, 14, 1, 'BTL', '1', '2022-08-01', 27500, 30250, 34788, 37208, 33275, 0),
(68, 'OMF-TBT-00000000033', 1, 'EVER E 250 STRP@16', 7, 49, 2, 'BOX', '1', '2022-08-01', 26780, 29458, 33877, 36233, 32404, 0),
(69, 'OMF-SCT-00000000034', 15, 'EGOJI GUMMY ALL', 7, 10, 43, 'SACH', '1', '2022-06-01', 7901, 8691, 9995, 10690, 9560, 0),
(70, 'OMF-CEM-00000000034', 9, 'SRITI CR', 7, 62, 4, 'PCS', '1', '2022-08-01', 8000, 8800, 10120, 10824, 9680, 0),
(71, 'OMF-CEM-00000000034', 9, 'HOT IN CREAM PUTIH PUMP 120 ML', 7, 63, 1, 'PCS', '1', '2024-03-01', 25000, 27500, 31625, 33825, 30250, 0),
(72, 'OMF-CEM-00000000034', 9, 'COUNTERPAIN CR 5 GR', 7, 48, 1, 'PCS', '1', '2023-10-01', 11000, 12100, 13915, 14883, 13310, 0),
(73, 'OMF-CEM-00000000034', 9, 'COUNTERPAIN CR  30 GR', 7, 48, 4, 'PCS', '1', '2023-04-01', 34900, 38390, 44148, 47220, 42229, 0),
(74, 'OMF-CEM-00000000034', 9, 'COUNTERPAIN CR 60 GR', 7, 48, 1, 'PCS', '1', '2023-04-01', 62600, 68860, 79189, 84698, 75746, 0),
(75, 'OMF-CEM-00000000034', 9, 'COUNTERPAIN COOL CR 15 GR', 7, 48, 2, 'PCS', '1', '2023-08-01', 30000, 33000, 37950, 40590, 36300, 0),
(76, 'OMF-BTL-00000000034', 8, 'SAFE CARE AROMA THERAPY 10 ML', 7, 64, 10, 'PCS', '1', '2024-09-01', 14238, 15662, 18011, 19264, 17228, 0),
(77, 'OMF-BTL-00000000034', 8, 'BETADIN GARGEL 100 ML', 7, 50, 5, 'PCS', '1', '2022-12-01', 19929, 21922, 25210, 26964, 24114, 0),
(78, 'OMF-BTL-00000000034', 8, 'HOLLY HANDSANITIZER SPRAY 110 ML', 7, 65, 8, 'BTL', '1', '2025-06-01', 14000, 15400, 17710, 18942, 16940, 0),
(79, 'OMF-SRP-00000000034', 2, 'ANTASIDA SYR', 1, 7, 0, 'BTL', '1', '2022-12-01', 6000, 6600, 7590, 8118, 7260, 0),
(80, 'OMF-TBT-00000000034', 1, 'GOOD LIFE VIT. C 500 NON-ACIDIC @60', 7, 2, 1, 'BTL', '500', '2022-05-01', 133000, 146300, 168245, 179949, 160930, 0),
(81, 'OMF-AKS-00000000035', 7, 'SUTRA OK 3\'S', 4, 66, 22, 'PCS', '1', '2022-12-01', 7277, 8005, 9206, 9846, 8806, 0),
(82, 'OMF-CEM-00000000035', 9, 'NEO RHEUMACYL CR MERAH', 7, 30, 1, 'PCS', '1', '2022-12-01', 11364, 12500, 14375, 15375, 13750, 0),
(83, 'OMF-CEM-00000000035', 9, 'BETADIN ZALF 20 GR', 7, 50, 1, 'PCS', '1', '2022-05-01', 33000, 36300, 41745, 44649, 39930, 0),
(84, 'OMF-SCT-00000000035', 15, 'TOLAK ANGIN CAIR SACH @12', 7, 67, 0, 'SACH', '1', '2022-12-01', 2906, 3197, 3676, 3260, NULL, 1),
(85, 'OMF-SCT-00000000035', 15, 'TOLAK ANGIN CAIR SACH @12', 7, 67, 102, 'SACH', '1', '2022-12-01', 2693, 2962, 3406, 3643, 3258, 0),
(86, 'OMF-SCT-00000000035', 15, 'ANTANGIN JRG CAIR SACH @12', 7, 38, 64, 'SACH', '1', '2023-02-01', 2700, 2970, 3416, 3653, 3267, 0),
(87, 'OMF-TBT-00000000035', 1, 'ANTANGIN TAB@25', 7, 38, 25, 'STRP', '1', '2022-12-01', 2594, 2853, 3281, 3509, 3138, 0),
(88, 'OMF-SCT-00000000036', 15, 'ANTANGIN JNIOR CAIR SACH @5', 7, 38, 10, 'SACH', '1', '2022-12-01', 1758, 1934, 2224, 2379, 2127, 0),
(89, 'OMF-AKS-00000000036', 7, 'BETADIN SOL 5 ML', 7, 50, 6, 'PCS', '1', '2022-12-01', 4926, 5419, 6232, 6665, 5961, 0),
(90, 'OMF-CEM-00000000036', 9, 'HOT IN CREAM PUTIH TUBE 60 GR', 7, 63, 1, 'PCS', '1', '2022-08-01', 12877, 14165, 16290, 17423, 15582, 0),
(91, 'OMF-CEM-00000000036', 9, 'HOT IN CREAM PUTIH TUBE 120 GR', 7, 63, 2, 'PCS', '1', '2022-08-01', 21431, 23574, 27110, 28996, 25931, 0),
(92, 'OMF-BTL-00000000036', 8, 'M. TELON KONICARE 125 ML', 7, 44, 2, 'PCS', '1', '2022-12-01', 40123, 44135, 50755, 54286, 48548, 0),
(93, 'OMF-BTL-00000000036', 8, 'M. BATU 70 ML', 7, 68, 3, 'PCS', '1', '2022-12-01', 49091, 54000, 62100, 66420, 59400, 0),
(94, 'OMF-BTL-00000000036', 8, 'M. BATU 30 ML', 7, 68, 1, 'PCS', '1', '2022-12-01', 27047, 29752, 34215, 36595, 32727, 0),
(95, 'OMF-CEM-00000000036', 9, 'HOT IN CREAM STRONG MERAH BTL 120 ML', 7, 63, 2, 'PCS', '1', '2022-12-01', 19132, 21045, 24202, 25885, 23150, 0),
(96, 'OMF-CEM-00000000036', 9, 'HOT IN CREAM AROMATHERAPY HIJAU BTL 120 ML', 7, 63, 2, 'PCS', '1', '2022-08-01', 19220, 21142, 24313, 26005, 23256, 0),
(97, 'OMF-CEM-00000000036', 9, 'HOT IN CREAM PUTIH BTL 120 ML', 7, 63, 2, 'PCS', '1', '2022-08-01', 19220, 21142, 24313, 26005, 23256, 0),
(98, 'OMF-CEM-00000000036', 9, 'HOT IN CREAM AROMATHERAPY HIJAU BTL 60 ML', 7, 63, 2, 'PCS', '1', '2022-08-01', 12300, 13530, 15560, 16642, 14883, 0),
(99, 'OMF-CEM-00000000036', 9, 'HOT IN CREAM PUTIH BTL 60 ML', 7, 63, 5, 'PCS', '1', '2022-12-01', 12000, 13200, 15180, 16236, 14520, 0),
(100, 'OMF-GEL-00000000037', 11, 'ALOCLAIR PLUS GEL', 7, 4, 1, 'PCS', '1', '2023-05-31', 77000, 84700, 97405, 104181, 93170, 0),
(101, 'OMF-BTL-00000000038', 8, 'ALOCLAIR PLUS MOUTHWASH', 7, 4, 1, 'PCS', '1', '2022-11-30', 82500, 90750, 104362, 111622, 99825, 0),
(102, 'OMF-BTL-00000000039', 8, 'ALOCLAIR PLUS SPRAY', 7, 4, 1, 'PCS', '1', '2023-06-30', 85000, 93500, 107525, 115005, 102850, 0),
(103, 'OMF-TBT-00000000040', 1, 'ACYCLOVIR 400 MG TAB HJ @100', 3, 4, 76, 'TAB', '400', '2022-10-31', 600, 660, 759, 812, 726, 0),
(104, 'OMF-TBT-00000000041', 1, 'ALLOPURINOL 100 MG HJ @100', 3, 4, 140, 'TAB', '100', '2023-01-31', 200, 220, 253, 271, 242, 0),
(105, 'OMF-TBT-00000000042', 1, 'ALLOPURINOL 300 MG HJ @100', 3, 4, 100, 'TAB', '300', '2023-01-31', 420, 462, 531, 568, 508, 0),
(106, 'OMF-TBT-00000000043', 1, 'AMLODIPIN 10 MG HJ @100', 3, 4, 0, 'TA', '10', '2022-11-30', 850, 935, 1076, 1151, NULL, 1),
(107, 'OMF-TBT-00000000044', 1, 'AMLODIPIN 10 MG HJ @100', 3, 4, 130, 'TAB', '10', '2022-11-30', 850, 935, 1075, 1150, 1028, 0),
(108, 'OMF-TBT-00000000045', 1, 'AMLODIPIN 5 MG HJ @100', 3, 4, 80, 'TAB', '5', '2023-01-31', 434, 477, 549, 587, 525, 0),
(109, 'OMF-TBT-00000000046', 1, 'ATORVASTATIN 10 MG HJ @30', 3, 4, 20, 'TAB', '10', '2023-01-31', 2500, 2750, 3162, 3382, 3025, 0),
(110, 'OMF-TBT-00000000047', 1, 'ATORVASTATIN 20 MG HJ @30', 3, 4, 20, 'TAB', '20', '2023-02-28', 4000, 4400, 5060, 5412, 4840, 0),
(111, 'OMF-TBT-00000000048', 1, 'BISOPROLL 5 MG HJ @50', 3, 4, 40, 'TAB', '5', '2024-10-31', 1100, 1210, 1392, 1488, 1331, 0),
(112, 'OMF-TBT-00000000049', 1, 'CEFADROXIL 125MG/5 DS HJ', 3, 4, 1, 'BTL', '125 MG', '2023-01-31', 7455, 8200, 9430, 10086, 9020, 0),
(113, 'OMF-TBT-00000000050', 18, 'CEFADROXIL 500 MG HJ @100', 3, 4, 70, 'CAPS', '500', '2023-03-31', 764, 840, 966, 1033, 924, 0),
(114, 'OMF-TBT-00000000051', 1, 'CEFIXIME 100 MG HJ @100', 3, 4, 30, 'TAB', '100', '2022-11-30', 650, 715, 822, 879, 786, 0),
(115, 'OMF-TBT-00000000052', 1, 'CEFIXIME 200 MG HJ @100', 3, 4, 90, 'TAB', '200', '2023-02-28', 2300, 2530, 2910, 3112, 2783, 0),
(116, 'OMF-KPL-00000000053', 4, 'CELECOXIB 100 MG HJ @50', 3, 4, 50, 'CAPS', '100', '2023-11-30', 3000, 3300, 3795, 4059, 3630, 0),
(117, 'OMF-TBT-00000000054', 1, 'CETIRIZINE 10 MG HJ @100', 3, 4, 79, 'TAB', '10', '2022-11-10', 285, 314, 361, 386, 345, 0),
(118, 'OMF-TBT-00000000055', 1, 'CETIRIZINE 10 MG HJ @100', 3, 4, 0, 'TAB', '10', '2022-11-10', 285, 314, 340, 385, NULL, 1),
(119, 'OMF-TBT-00000000056', 1, 'CIPROFLOXACIN 500 MG HJ @100', 3, 4, 100, 'TAB', '500', '2024-11-30', 430, 473, 544, 582, 520, 0),
(120, 'OMF-TBT-00000000057', 1, 'CITICLINE 500 MG HJ @100', 3, 4, 0, 'TAB', '500', '2023-03-31', 5000, 5500, 6325, 6765, NULL, 1),
(121, 'OMF-TBT-00000000058', 1, 'CITICOLINE 500 MG HJ @100', 3, 4, 100, 'TAB', '500', '2023-03-31', 5000, 5500, 6325, 6765, 6050, 0),
(122, 'OMF-TBT-00000000059', 1, 'KALIUM DIKLOFENAK 50 MG HJ', 3, 4, 25, 'TAB', '50', '2022-10-31', 600, 660, 759, 812, 726, 0),
(123, 'OMF-TBT-00000000060', 1, 'DOMPPERIDONE 10 MG HJ @100', 3, 4, 0, 'TAB', '10', '2023-01-31', 260, 286, 329, 352, 315, 0),
(124, 'OMF-SRP-00000000061', 2, 'DOMPERIDONE SYR HJ', 3, 4, 170, 'BTL', '1', '2022-12-31', 11500, 12650, 14548, 15560, 13915, 0),
(125, 'OMF-KPL-00000000062', 4, 'FENOFIBRAT 300 MG HJ @30', 3, 4, 30, 'KAPS', '300', '2023-01-31', 4000, 4400, 5060, 5412, 4840, 0),
(126, 'OMF-TBT-00000000063', 1, 'GLIMEPIRDE 1 MG HJ @100', 3, 4, 100, 'TAB', '1', '2024-02-29', 440, 484, 557, 595, 532, 0),
(127, 'OMF-TBT-00000000064', 1, 'GLIMEPIRDE 2 MG HJ @100', 3, 4, 90, 'TAB', '2', '2025-02-28', 800, 880, 1012, 1082, 968, 0),
(128, 'OMF-TBT-00000000065', 1, 'GLIMEPIRDE 3 MG HJ @100', 3, 4, 300, 'TAB', '3', '2025-01-31', 1200, 1320, 1518, 1624, 1452, 0),
(129, 'OMF-KPL-00000000066', 1, 'HEVIT PLUS', 7, 4, 10, 'STRP', '1', '2023-02-28', 9000, 9900, 11385, 12177, 10890, 0),
(130, 'OMF-TBT-00000000067', 1, 'HEVIT-C 1000 MG', 7, 4, 60, 'TAB', '1000', '2023-03-31', 750, 825, 949, 1015, 908, 0),
(131, 'OMF-TBT-00000000068', 1, 'HEVIT-C 500 MG', 7, 4, 77, 'TAB', '500', '2022-10-31', 550, 605, 696, 744, 666, 0),
(132, 'OMF-TBT-00000000069', 1, 'IRBESARTAN 150 MG HJ @30', 3, 4, 30, 'TAB', '150', '2022-03-31', 3000, 3300, 3795, 4059, 3630, 0),
(133, 'OMF-TBT-00000000070', 1, 'IRBESARTAN 300 MG HJ @30', 3, 4, 30, 'TAB', '300', '2023-01-31', 4667, 5134, 5904, 6315, 5647, 0),
(134, 'OMF-TBT-00000000071', 1, 'KETOCONAZOLE 200 MG HJ @100', 3, 4, 100, 'TAB', '200', '2023-02-28', 373, 410, 472, 504, 451, 0),
(135, 'OMF-TBT-00000000072', 1, 'KETOPROFEN 100 MG HJ @50', 3, 4, 50, 'TAB', '100', '2024-01-31', 1228, 1351, 1554, 1662, 1486, 0),
(136, 'OMF-CEM-00000000073', 9, 'KETOCONAZOLE CR HJ', 3, 4, 0, 'TUBE', '1', '2022-11-30', 4242, 4666, 5366, 5739, 5133, 0),
(137, 'OMF-KPL-00000000074', 18, 'LANSOPRAZOLE 30 MG HJ CAPS @50', 3, 4, 172, 'KAPS', '30', '2023-02-28', 900, 990, 1138, 1218, 1089, 0),
(138, 'OMF-TBT-00000000075', 1, 'LEVOFLOXACIN 500 MG HJ @50', 3, 4, 0, 'TAB', '500', '2023-02-28', 1250, 1375, 1581, 1691, 1512, 0),
(139, 'OMF-TBT-00000000076', 1, 'LORATADIN 10 MG HJ @50', 3, 4, 50, 'TAB', '10', '2024-09-30', 303, 333, 383, 410, 366, 0),
(140, 'OMF-TBT-00000000077', 1, 'ASAM MEFENAMAT 500 MG HJ @100MG', 3, 4, 120, 'TAB', '500', '2022-12-31', 275, 302, 347, 371, 332, 0),
(141, 'OMF-TBT-00000000078', 1, 'ASAM MEFENAMAT 500 MG HJ @100MG', 3, 4, 0, 'TAB', '500', '2022-12-31', 275, 302, 348, 372, NULL, 1),
(142, 'OMF-TBT-00000000079', 1, 'MELOXICAM 15 MG HJ @50', 3, 4, 20, 'TAB', '15', '2022-12-31', 700, 770, 886, 947, 847, 0),
(143, 'OMF-TBT-00000000080', 1, 'MELOXICAM 7,5 MG HJ @50', 3, 4, 50, 'TAB', '7,5', '2023-01-31', 380, 418, 481, 514, 460, 0),
(144, 'OMF-TBT-00000000081', 14, 'METFORMIN 500 MG HJ @200', 3, 4, 120, 'TAB', '500', '2023-01-31', 175, 192, 221, 236, 211, 0),
(145, 'OMF-TBT-00000000082', 1, 'METHYLPREDNISOLON 16 MG HJ @50', 3, 4, 37, 'TAB', '16', '2023-01-31', 2660, 2926, 3365, 3599, 3219, 0),
(146, 'OMF-TBT-00000000083', 1, 'METHYLPREDNISOLON 4 MG HJ @100', 3, 4, 125, 'TAB', '4', '2023-02-28', 401, 441, 507, 542, 485, 0),
(147, 'OMF-KPL-00000000084', 4, 'PREGABALIN 75 MG HJ @14', 3, 4, 0, 'KAPS', '75', '2022-11-30', 4286, 4715, 5422, 5799, 5186, 0),
(148, 'OMF-TBT-00000000085', 1, 'RANITIDIN 150 MG HJ @100', 3, 4, 90, 'TAB', '150', '2023-03-31', 200, 220, 253, 271, 242, 0),
(149, 'OMF-KPL-00000000086', 4, 'OMEPRAZOLE 20 MG HJ @200', 3, 4, 180, 'KAPS', '20', '2023-01-31', 372, 409, 470, 503, 450, 0),
(150, 'OMF-TBT-00000000087', 1, 'SIMVASTATIN 20 MG HJ @100', 3, 4, 80, 'TAB', '20', '2023-02-28', 934, 1027, 1181, 1263, 1130, 0),
(151, 'OMF-TBT-00000000088', 1, 'SIMVASTATIN 10 MG HJ @100', 3, 4, 90, 'TAB', '10', '2023-01-31', 270, 297, 342, 365, 327, 0),
(152, 'OMF-AKS-00000000089', 7, 'FESCOPORE 0.5', 4, 8, 0, 'PCS', '1', '2000-03-31', 10000, 11000, 12650, 13530, 12100, 0),
(153, 'OMF-AKS-00000000090', 7, 'HANSAPLAST KAIN RLL 1.25 X 1 M', 4, 8, 2, 'PCS', '1', '0001-01-01', 3500, 3850, 4428, 4736, 4235, 0),
(154, 'OMF-AKS-00000000091', 7, 'HANSAPLAST KAIN RLL 1.25 X 5 M', 4, 8, 3, 'PCS', '1', '2021-01-01', 10000, 11000, 12650, 13530, 12100, 0),
(155, 'OMF-AKS-00000000092', 7, 'THERMOMETER DIGITAL AVICO', 4, 8, 2, 'PCS', '1', '0001-01-01', 24500, 26950, 30992, 33148, 29645, 0),
(156, 'OMF-AKS-00000000093', 7, 'OXYCAN', 4, 8, 4, 'PCS', '1', '2021-01-01', 52000, 57200, 65780, 70356, 62920, 0),
(157, 'OMF-AKS-00000000094', 7, 'CELANA SUNAT ALL SIZE', 4, 8, 4, 'PCS', '1', '2021-01-01', 25000, 27500, 31625, 33825, 30250, 0),
(158, 'OMF-AKS-00000000095', 7, 'REGULATOR  OXYGEN YR 869', 4, 8, 0, 'PCS', '1', '2021-01-01', 344000, 378400, 435160, 465432, 416240, 0),
(159, 'OMF-AKS-00000000096', 7, 'VERBAN MOONRINA 15 CM', 4, 8, 5, 'PCS', '1', '2021-01-01', 2000, 2200, 2530, 2706, 2420, 0),
(160, 'OMF-KPL-00000000097', 18, 'KAPSUL 0', 4, 8, 0, 'PCS', '1', '2021-01-01', 48, 53, 61, 65, 58, 0),
(161, 'OMF-SRP-00000000098', 2, 'LAPIFED SYR', 2, 1, 17, 'BTL', '1', '2022-04-01', 24000, 26400, 30360, 32472, 29040, 0),
(162, 'OMF-TBT-00000000099', 1, 'MYONEP  50 MG TAB', 3, 1, 100, 'TAB', '50', '2022-09-01', 4800, 5280, 6072, 6494, 5808, 0),
(163, 'OMF-AKS-00000000100', 7, 'TEST PACK HCG @50', 4, 8, 45, 'PCS', '1', '2022-01-01', 1300, 1430, 1644, 1759, 1573, 0),
(164, 'OMF-AKS-00000000101', 7, 'WING NEEDLE 23 ONE MED', 4, 8, 2, 'PCS', '1', '2022-01-01', 2530, 2783, 3200, 3423, 3061, 0),
(165, 'OMF-BTL-00000000102', 8, 'ALKOHOL 70% 100 ML MEDIKA', 4, 8, 1, 'BTL', '1', '2022-01-01', 6050, 6655, 7653, 8186, 7320, 0),
(166, 'OMF-BTL-00000000103', 8, 'POVIDON 10% 60 ML MEDIKA', 4, 8, 2, 'BTL', '1', '2022-01-01', 8030, 8833, 10158, 10865, 9716, 0),
(167, 'OMF-AKS-00000000104', 7, 'KASSA STERIL ONEMED', 4, 8, 2, 'PCS', '1', '2022-01-01', 6500, 7150, 8222, 8794, 7865, 0),
(168, 'OMF-BTL-00000000105', 8, 'RIVANOL 100 ML MEDIKA', 4, 8, 2, 'BTL', '1', '2022-01-01', 3300, 3630, 4174, 4465, 3993, 0),
(169, 'OMF-AKS-00000000106', 7, 'WING NEEDLE 25 ONE MED', 4, 8, 2, 'PCS', '1', '2022-01-01', 2530, 2783, 3200, 3423, 3061, 0),
(170, 'OMF-BTL-00000000107', 8, 'ALKOHOL 70% 300 ML MEDIKA', 4, 8, 4, 'BTL', '1', '2022-01-01', 14300, 15730, 18090, 19348, 17303, 0),
(171, 'OMF-AKS-00000000108', 7, 'KAPSUL 00', 4, 8, 0, 'PCS', '1', '2022-01-01', 75, 82, 94, 101, 90, 0),
(172, 'OMF-BTL-00000000109', 8, 'ASEPTIC GEL 500 ML', 4, 8, 12, 'BTL', '1', '2022-01-01', 44000, 48400, 55660, 59532, 53240, 0),
(173, 'OMF-AKS-00000000110', 7, 'UNDERPAD U-PAD 60X90 @10', 4, 8, 0, 'PCS', '1', '2022-01-01', 3630, 3993, 4592, 4911, 4392, 0),
(174, 'OMF-AKS-00000000111', 7, 'MASKER DUCKIL DEWASA ALKINDO ALL VAR @50', 4, 8, 66, 'PCS', '1', '2022-01-01', 1600, 1760, 2024, 2165, 1936, 0),
(175, 'OMF-AKS-00000000112', 7, 'KASSA HIDROFIL MOON RINA', 4, 8, 5, 'PCS', '1', '2022-01-01', 4500, 4950, 5692, 6088, 5445, 0),
(176, 'OMF-AKS-00000000113', 7, 'URINAL LK/PR', 4, 8, 2, 'PCS', '1', '2022-01-01', 11000, 12100, 13915, 14883, 13310, 0),
(177, 'OMF-AKS-00000000114', 7, 'VERBAN 10 CM SINAR PRATAMA', 4, 8, 5, 'PCS', '1', '2022-01-01', 1700, 1870, 2150, 2300, 2057, 0),
(178, 'OMF-AKS-00000000115', 7, 'RIVANOL 300 ML MEDIKA', 4, 8, 2, 'BTL', '1', '2022-01-01', 6050, 6655, 7653, 8186, 7320, 0),
(179, 'OMF-AKS-00000000116', 7, 'ALKOHOL 70% 1L MEDIKA', 4, 8, 26, 'BTL', '1', '2022-01-01', 39600, 43560, 50094, 53579, 47916, 0),
(180, 'OMF-AKS-00000000117', 7, 'INFUS SET DEWASA GIDCARE', 4, 8, 25, 'PCS', '1', '2022-01-01', 4590, 5049, 5806, 6210, 5554, 0),
(181, 'OMF-AKS-00000000118', 7, 'NASAL CANULA DEWASA GEA', 4, 8, 1, 'PCS', '1', '2022-01-01', 25000, 27500, 31625, 33825, 30250, 0),
(182, 'OMF-AKS-00000000119', 7, 'DERMAFIX 10 x 12 CM @10', 4, 8, 10, 'PCS', '1', '2022-01-01', 10093, 11102, 12767, 13655, 12212, 0),
(183, 'OMF-AKS-00000000120', 7, 'TEST OVULASI ONEMED', 4, 8, 0, 'PCS', '1', '2022-01-01', 44967, 49464, 56884, 60841, 54410, 0),
(184, 'OMF-AKS-00000000121', 7, 'VERBAN 5 CM SINAR PRATAMA @10', 4, 8, 10, 'PCS', '1', '2022-01-01', 850, 935, 1075, 1150, 1028, 0),
(185, 'OMF-BTL-00000000122', 8, 'ONE SCRUB 4% 500 ML (REFIL)', 4, 8, 1, 'BTL', '1', '2022-01-01', 73260, 80586, 92674, 99121, 88645, 0),
(186, 'OMF-AKS-00000000123', 7, 'INFUS SET ANAK FRESCO', 4, 8, 1, 'PCS', '1', '2022-01-01', 5170, 5687, 6540, 6995, 6256, 0),
(187, 'OMF-AKS-00000000124', 7, 'KAPAS GULUNG  50 GRAM HK', 4, 8, 1, 'PCS', '1', '2022-01-01', 5000, 5500, 6325, 6765, 6050, 0),
(188, 'OMF-AKS-00000000125', 7, 'ONE SCRUB 4% 500 ML', 4, 8, 1, 'BTL', '1', '2022-01-01', 90200, 99220, 114103, 122041, 109142, 0),
(189, 'OMF-AKS-00000000126', 7, 'HANDSCOON UK. L ALTAMED @100', 4, 8, 90, 'PCS', '1', '2022-01-01', 1650, 1815, 2087, 2232, 1996, 0),
(190, 'OMF-AKS-00000000127', 7, 'MASKER JSP TELINGA DEWASA @50', 4, 8, 23, 'PCS', '1', '2022-01-01', 600, 660, 759, 812, 726, 0),
(191, 'OMF-AKS-00000000128', 7, 'HANDSCOON UK. M COSMO@100', 4, 8, 100, 'PCS', '1', '2022-01-01', 1650, 1815, 2087, 2232, 1996, 0),
(192, 'OMF-AKS-00000000129', 7, 'HANDSCOON UK. S COSMO@100', 4, 8, 96, 'PCS', '1', '2022-01-01', 1650, 1815, 2087, 2232, 1996, 0),
(193, 'OMF-AKS-00000000130', 7, 'STRIP ASAM URAT EASY TOUCH', 4, 8, 1, 'PCS', '1', '2022-01-01', 95000, 104500, 120175, 128535, 114950, 0),
(194, 'OMF-AKS-00000000131', 7, 'KOTAK P3K + ISI', 4, 8, 1, 'PCS', '1', '2022-01-01', 38500, 42350, 48702, 52090, 46585, 0),
(195, 'OMF-AKS-00000000132', 7, 'MASKER HIJAB ONEMED @50', 4, 8, 50, 'PCS', '1', '2022-01-01', 1150, 1265, 1455, 1556, 1392, 0),
(196, 'OMF-AKS-00000000133', 7, 'MASKER DUCKIL ANAK ALKINDO ALL VAR KANTONG @10', 4, 8, 3, 'POUCH', '1', '2022-01-01', 30000, 33000, 37950, 40590, 36300, 0),
(197, 'OMF-AKS-00000000134', 7, 'STRIP GULA EASY TOUCH', 4, 8, 1, 'PCS', '1', '2022-01-01', 95000, 104500, 120175, 128535, 114950, 0),
(198, 'OMF-AKS-00000000135', 7, 'STRIP KOLESTROL EASY TOUCH', 4, 8, 1, 'PCS', '1', '2022-01-01', 175000, 192500, 221375, 236775, 211750, 0),
(199, 'OMF-AKS-00000000136', 7, 'STRIP GULA NESCO', 4, 8, 1, 'PCS', '1', '2022-01-01', 100000, 110000, 126500, 135300, 121000, 0),
(200, 'OMF-AKS-00000000137', 7, 'STRIP KOLESTROL NESCO', 4, 8, 1, 'PCS', '1', '2022-01-01', 175000, 192500, 221375, 236775, 211750, 0),
(201, 'OMF-AKS-00000000138', 7, 'STRIP ASAM URAT NESCO', 4, 8, 1, 'PCS', '1', '2022-01-02', 95000, 104500, 120175, 128535, 114950, 0),
(202, 'OMF-BTL-00000000139', 8, 'BIO 7', 8, 8, 0, 'BTL', '1', '2022-11-01', 179851, 197836, 27512, 243399, NULL, 1),
(203, 'OMF-BTL-00000000140', 8, 'BIO 7', 8, 8, 1, 'BTL', '1', '2022-11-01', 179851, 197836, 227511, 243338, 217620, 0),
(204, 'OMF-TBT-00000000141', 1, 'VITALONG C + ZINC STRIP @4', 7, 28, 46, 'STRP', '1', '2022-11-01', 9000, 9900, 11385, 12177, 10890, 0),
(205, 'OMF-BTL-00000000142', 8, 'HERBORIS 150 ML', 7, 8, 2, 'BTL', '1', '2022-01-01', 25380, 27918, 32106, 34339, 30710, 0),
(206, 'OMF-BTL-00000000143', 8, 'HERBORIS 75 ML', 7, 8, 2, 'BTL', '1', '2022-01-01', 26363, 28999, 33349, 35669, 31899, 0),
(207, 'OMF-TBT-00000000144', 1, 'CAVIPLEX TAB', 7, 7, 9, 'STRP', '1', '2022-11-01', 7480, 8228, 9462, 10120, 9051, 0),
(208, 'OMF-KPL-00000000145', 4, 'LIEN HUA QINWEM', 8, 8, 0, 'BOX', '1', '2022-01-01', 60094, 66103, 76018, 81307, 72713, 0),
(209, 'OMF-BTL-00000000146', 8, 'CESSA ALL VAR', 7, 70, 7, 'BTL', '1', '2022-12-01', 35114, 38625, 44419, 47509, 42488, 0),
(210, 'OMF-CEM-00000000147', 9, 'DERMATIX 5 GR', 7, 71, 1, 'TUBE', '1', '2022-12-01', 100000, 110000, 126500, 135300, 121000, 0),
(211, 'OMF-TBT-00000000148', 1, 'FOLAVIT 400 IU', 1, 22, 100, 'TAB', '400', '2022-12-01', 895, 984, 1132, 1210, 1082, 0),
(212, 'OMF-TBT-00000000149', 1, 'GLUCOSAMIN 500', 1, 72, 20, 'TAB', '500', '2022-12-01', 1300, 1430, 1644, 1759, 1573, 0),
(213, 'OMF-AKS-00000000150', 7, 'TEST PACK SENSITIF', 4, 74, 24, 'STRP', '1', '2022-10-01', 19000, 20900, 24035, 25707, 22990, 0),
(214, 'OMF-BTL-00000000151', 8, 'Y-RINS  @10 BTL', 7, 47, 1, 'BOX', '1', '2022-12-01', 51233, 56356, 64809, 69318, 61992, 0),
(215, 'OMF-SRP-00000000152', 2, 'MADU RASA SACH ALL VARR @12', 7, 63, 5, 'PCS', '1', '2023-11-01', 759, 835, 960, 1027, 918, 0),
(216, 'OMF-TBT-00000000153', 1, 'EFISOL C TAB @2STRIP', 2, 10, 4, 'STRP', '1', '2023-02-01', 12942, 14236, 16371, 17510, 15660, 0),
(217, 'OMF-TBT-00000000154', 1, 'DEGIROL @10TAB', 7, 14, 0, 'STRP', '1', '2022-12-01', 11069, 12176, 14002, 14976, NULL, 1),
(218, 'OMF-TBT-00000000155', 1, 'DEGIROL @10TAB', 7, 14, 3, 'STRP', '1', '2022-12-01', 10063, 11069, 12729, 13615, 12176, 0),
(219, 'OMF-TBT-00000000156', 1, 'DEGIROL @10TAB', 7, 14, 0, 'STRP', '1', '2022-12-01', 11069, 12176, 14002, 14976, NULL, 1),
(220, 'OMF-TBT-00000000157', 1, 'DEGIROL @10TAB', 7, 14, 0, 'STRP', '1', '2022-12-01', 11069, 12176, 14002, 14976, NULL, 1),
(221, 'OMF-TBT-00000000158', 1, 'DEGIROL @10TAB', 7, 14, 0, 'STRP', '1', '2022-12-01', 11069, 12176, 14002, 14976, NULL, 1),
(222, 'OMF-TBT-00000000159', 1, 'KALK @100', 7, 37, 1, 'BTL', '500', '2023-08-01', 22491, 24740, 28451, 30430, 27214, 0),
(223, 'OMF-SCT-00000000160', 15, 'VEGETA  HERBAL @6SACH', 7, 76, 2, 'BOX', '1', '2022-08-01', 14013, 15414, 17726, 18959, 16955, 0),
(224, 'OMF-TBT-00000000161', 1, 'ANADEX TAB', 2, 32, 1, 'STRP', '1', '2023-03-01', 18198, 20018, 23021, 24622, 22020, 0),
(225, 'OMF-SCT-00000000162', 15, 'ANTIMO ANAK CAIR @10 SACH', 2, 46, 23, 'SACH', '1', '2022-11-01', 1152, 1267, 1457, 1558, 1394, 0),
(226, 'OMF-TBT-00000000163', 1, 'ANTIMO TAB @72STRIP', 2, 46, 71, 'STRP', '50', '2016-01-01', 3563, 3919, 4507, 4820, 4311, 0),
(227, 'OMF-TBT-00000000164', 1, 'DEMACOLIN TAB', 2, 33, 3, 'STRP', 'TAB', '2024-08-01', 4237, 4661, 5360, 5733, 5127, 0),
(228, 'OMF-BTL-00000000165', 8, 'PEDITOX', 2, 11, 2, 'BTL', '1', '2022-11-01', 7648, 8413, 9675, 10348, 9254, 0),
(229, 'OMF-TBT-00000000166', 1, 'TUZALOZ TAB @25', 2, 22, 1, 'STRP', '1', '2022-12-01', 4166, 4583, 5270, 5637, 5041, 0),
(230, 'OMF-TBT-00000000167', 1, 'PROCOLD FLU @24', 2, 5, 23, 'STRP', '1', '2023-12-01', 3051, 3356, 3859, 4128, 3692, 0),
(231, 'OMF-TBT-00000000168', 1, 'PRCOLD FLU & BATUK @24', 2, 5, 0, 'STRP', '1', '2022-12-01', 3142, 3456, 3975, 4251, NULL, 1),
(232, 'OMF-TBT-00000000169', 1, 'AMBEVEN  STRIP @10', 7, 72, 6, 'STRP', '1', '2023-07-07', 13370, 14707, 16913, 18090, 16178, 0),
(233, 'OMF-TBT-00000000170', 1, 'ANTASIDA TAB @100', 1, 7, 0, 'TAB', '1', '2022-12-01', 990, 1089, 1252, 1339, 1198, 0),
(234, 'OMF-BTL-00000000171', 8, 'BEDAK SALYSIL KF', 7, 78, 3, 'PCS', '1', '2022-11-01', 6747, 7422, 8535, 9129, 8164, 0),
(235, 'OMF-BTL-00000000172', 8, 'BEDAK SALSIL MENTOL', 7, 8, 2, 'BTL', '1', '2022-01-01', 27786, 30565, 35150, 37595, 33622, 0),
(236, 'OMF-BTL-00000000173', 8, 'BETADIN FEMINE HYGINE 60 ML', 2, 50, 3, 'BTL', '1', '2022-02-01', 25850, 28435, 32700, 34975, 31278, 0),
(237, 'OMF-SRP-00000000174', 2, 'BIOFOS 60 ML', 7, 21, 1, 'BTL', '1', '2022-02-01', 64525, 70978, 81625, 87303, 78076, 0),
(238, 'OMF-TBT-00000000175', 1, 'BLACKMORES PREGNANCY @60', 7, 5, 1, 'BTL', '1', '2022-10-01', 231818, 255000, 293250, 313650, 280500, 0),
(239, 'OMF-BTL-00000000176', 8, 'BLACKMORES VIT. C 500 @30', 7, 5, 1, 'BTL', '1', '2022-10-01', 103989, 114388, 131546, 140697, 125827, 0),
(240, 'OMF-BTL-00000000177', 8, 'CALADIN POWDER 100 GR', 7, 8, 2, 'BTL', '1', '2023-01-01', 13799, 15179, 17456, 18670, 16697, 0),
(241, 'OMF-SRP-00000000178', 2, 'COMBANTRIN SYR', 2, 42, 4, 'BTL', '1', '2022-01-01', 15350, 16885, 19418, 20769, 18574, 0),
(242, 'OMF-SRP-00000000179', 2, 'CURVIT CL 175 ML', 7, 3, 1, 'BTL', '1', '2022-01-01', 51078, 56186, 64614, 69109, 61805, 0),
(243, 'OMF-TBT-00000000180', 1, 'DEXTRAL TAB @150', 2, 80, 18, 'STRP', '1', '2023-02-01', 5067, 5574, 6410, 6856, 6131, 0),
(244, 'OMF-TBT-00000000181', 1, 'DULCOLAX TAB 4\'S', 7, 9, 3, 'STRP', '10', '2022-11-01', 7535, 8288, 9531, 10194, 9117, 0),
(245, 'OMF-BTL-00000000182', 8, 'ESTER C BTL @30', 7, 53, 15, 'BTL', '1', '2024-07-07', 40000, 44000, 50600, 54120, 48400, 0),
(246, 'OMF-SRP-00000000183', 2, 'FARMACROL FORTE SYR 100 ML', 1, 47, 1, 'BTL', '1', '2023-12-01', 47373, 52110, 59926, 64095, 57321, 0),
(247, 'OMF-BTL-00000000184', 8, 'FOLAMIL GENIO', 7, 26, 1, 'BTL', '1', '2022-11-01', 129085, 141994, 163293, 174653, 156193, 0),
(248, 'OMF-BTL-00000000185', 8, 'HEROCYN DEWASA 150 GR', 7, 33, 2, 'BTL', '1', '2022-12-01', 10700, 11770, 13536, 14477, 12947, 0),
(249, 'OMF-TBT-00000000186', 1, 'IMBOOST FORCE KAPL @30', 7, 3, 42, 'STRP', '1', '2023-01-01', 66004, 72604, 83495, 89303, 79864, 0),
(250, 'OMF-TBT-00000000187', 1, 'IMBOOST TAB @50', 7, 3, 6, 'STRP', '1', '2023-01-01', 34691, 38160, 43884, 46937, 41977, 0),
(251, 'OMF-CEM-00000000188', 9, 'KALPNAX CR 5 GR', 2, 5, 0, 'TUBE', '1', '2023-01-01', 11262, 12388, 14247, 15238, NULL, 1),
(252, 'OMF-TBT-00000000189', 1, 'LELAP @4', 7, 3, 5, 'STRP', '1', '2023-12-01', 10850, 11935, 13725, 14680, 13128, 0),
(253, 'OMF-BTL-00000000190', 8, 'LISTERINE 250 ML ALL VAR', 7, 42, 2, 'BTL', '1', '2022-11-01', 19063, 20969, 24114, 25792, 23066, 0),
(254, 'OMF-SRP-00000000191', 2, 'MYLANTA SYR 150 ML', 1, 42, 2, 'BTL', '1', '2022-11-01', 33030, 36333, 41783, 44690, 39966, 0),
(255, 'OMF-TBT-00000000192', 1, 'MYLANTA TAB', 1, 42, 3, 'TAB', '1', '2023-12-31', 6519, 7171, 8247, 8820, 7888, 0),
(256, 'OMF-SRP-00000000193', 2, 'MYLANTA SYR 50 ML', 2, 20, 2, 'STRP', '1', '0021-12-07', 12402, 13642, 15688, 16780, 15006, 0),
(257, 'OMF-TBT-00000000194', 1, 'NATUR E 100 IU @32', 7, 14, 1, 'BOX', '100', '2022-11-01', 29032, 31935, 36725, 39280, 35128, 0),
(258, 'OMF-TBT-00000000195', 1, 'NATUR E 300 IU @32', 7, 14, 1, 'BOX', '300', '2022-11-02', 65015, 71516, 82243, 87965, 78668, 0),
(259, 'OMF-TBT-00000000196', 1, 'NEO RHEUMACYL TAB @20', 2, 30, 24, 'STRP', '1', '2022-11-01', 7544, 8298, 9543, 10207, 9128, 0),
(260, 'OMF-TBT-00000000197', 1, 'OSTEOKOM', 7, 1, 2, 'STRP', '1', '2022-11-01', 33500, 36850, 42378, 45326, 40535, 0),
(261, 'OMF-CEM-00000000198', 9, 'POLIDENT ADHESIVE 15 GR', 7, 29, 1, 'PCS', '1', '2022-11-02', 27567, 30324, 34873, 37299, 33356, 0),
(262, 'OMF-CEM-00000000199', 9, 'POLIDENT ADHESIVE 60 GR', 7, 29, 1, 'PCS', '1', '2022-11-01', 60447, 66492, 76466, 81785, 73141, 0),
(263, 'OMF-TBT-00000000200', 1, 'POLYSILANE TAB', 1, 46, 4, 'STRP', '1', '2022-11-01', 7728, 8501, 9776, 10456, 9351, 0),
(264, 'OMF-SRP-00000000201', 2, 'PRORIS SYR FORTE', 2, 46, 1, 'BTL', '1', '2022-11-01', 27000, 29700, 34155, 36531, 32670, 0),
(265, 'OMF-TBT-00000000202', 1, 'PROSTAKUR', 7, 72, 2, 'STRP', '1', '2022-11-01', 19064, 20970, 24116, 25793, 23067, 0),
(266, 'OMF-BTL-00000000203', 8, 'SALONPAS JET SPRAY', 7, 43, 2, 'PCS', '1', '2022-11-01', 58400, 64240, 73876, 79016, 70664, 0),
(267, 'OMF-TBT-00000000204', 1, 'SANGOBION TAB @250', 7, 14, 4, 'STRP', '1', '2022-11-01', 13161, 14477, 16649, 17807, 15925, 0),
(268, 'OMF-SRP-00000000205', 2, 'SANMOL DROP', 1, 22, 2, 'BTL', '1', '2022-12-01', 15700, 17270, 19860, 21242, 18997, 0),
(269, 'OMF-BTL-00000000206', 8, 'DAKTARIN POWDER', 2, 20, 1, 'BTL', '1', '2022-11-01', 47674, 52441, 60307, 64502, 57685, 0),
(270, 'OMF-SRP-00000000207', 2, 'SCOTT EMULSION VITA 200 ML', 7, 11, 1, 'BTL', '1', '2023-03-01', 37830, 41613, 47855, 51184, 45774, 0),
(271, 'OMF-BTL-00000000208', 8, 'SELSUN YELLOW 100 ML', 7, 17, 1, 'BTL', '1', '2023-12-01', 29181, 32099, 36914, 39482, 35309, 0),
(272, 'OMF-SRP-00000000209', 2, 'SILEX SYR', 7, 14, 1, 'BTL', '1', '2023-01-01', 58433, 64276, 73917, 79059, 70704, 0),
(273, 'OMF-AKS-00000000210', 7, 'TISSUE SUPER MAGIC', 7, 81, 22, 'PCS', '1', '2022-11-01', 10000, 11000, 12650, 13530, 12100, 0),
(274, 'OMF-GEL-00000000211', 11, 'VIGEL 60 GR', 7, 49, 1, 'PCS', '1', '2025-07-07', 23010, 25311, 29108, 31133, 27843, 0),
(275, 'OMF-SCT-00000000212', 15, 'TROPICANASLIM DIABETIC 25\'S', 7, 82, 1, 'BOX', '1', '2022-12-01', 20000, 22000, 25300, 27060, 24200, 0),
(276, 'OMF-SRP-00000000213', 2, 'CURCUMA PLUS GROW EMULSION 200 ML', 7, 3, 3, 'btl', '1', '2022-12-01', 24140, 26554, 30537, 32661, 29209, 0),
(277, 'OMF-TBT-00000000214', 1, 'VITACIMIN TAB', 7, 83, 44, 'TAB', '500', '2022-11-01', 950, 1045, 1202, 1285, 1150, 0),
(278, 'OMF-TBT-00000000215', 1, 'WELLMOVE', 7, 63, 2, 'STRP', '1', '2022-12-01', 14211, 15632, 17977, 19227, 17195, 0),
(279, 'OMF-AKS-00000000216', 7, 'HANSAPLAST KAIN ELSASTIS @100\'S', 4, 8, 390, 'PCS', '1', '2022-12-01', 228, 251, 289, 309, 276, 0),
(280, 'OMF-AKS-00000000217', 7, 'TEST PACK ONEMED', 4, 8, 53, 'STRP', '1', '2022-12-01', 1204, 1324, 1523, 1629, 1456, 0),
(281, 'OMF-SRP-00000000218', 2, 'BUFECT SYR 60 ML', 2, 22, 1, 'BTL', '125 MG', '2022-12-01', 16616, 18278, 21020, 22482, 20106, 0),
(282, 'OMF-SRP-00000000219', 2, 'BUFECT FORTE SYR 60 ML', 2, 22, 1, 'BTL', '1', '2022-12-01', 21525, 23678, 27230, 29124, 26046, 0),
(283, 'OMF-AKS-00000000220', 7, 'BOTOL DOT DODO BESAR 8 0Z', 4, 8, 2, 'PCS', '1', '2022-12-01', 24000, 26400, 30360, 32472, 29040, 0),
(284, 'OMF-AKS-00000000221', 7, 'BOTOL DOT DODO TANGGUNG 4 0Z', 4, 8, 2, 'PCS', '1', '2022-12-01', 20500, 22550, 25932, 27736, 24805, 0),
(285, 'OMF-AKS-00000000222', 7, 'BOTOL DOT DODO KECIL 2 0Z', 4, 8, 2, 'PCS', '1', '2022-12-01', 26000, 28600, 32890, 35178, 31460, 0),
(286, 'OMF-AKS-00000000223', 7, 'AVAIL DAY (BIRU)', 4, 8, 2, 'PCS', '1', '2022-12-01', 30763, 33839, 38915, 41622, 37223, 0),
(287, 'OMF-AKS-00000000224', 7, 'AVAIL NIGHT (PINK)', 4, 8, 2, 'PCS', '1', '2022-12-01', 35536, 39090, 44954, 48081, 42999, 0),
(288, 'OMF-AKS-00000000225', 7, 'AVAIL PANTILINER (HIJAU)', 4, 8, 1, 'PCS', '1', '2022-12-01', 28364, 31200, 35880, 38376, 34320, 0),
(289, 'OMF-TBT-00000000226', 1, 'DEXANTA TAB', 1, 26, 5, 'STRP', '1', '2022-12-01', 2337, 2571, 2957, 3162, 2828, 0),
(290, 'OMF-BTL-00000000227', 8, 'SOMAN', 7, 8, 1, 'btl', '1', '2022-12-01', 198674, 218541, 251322, 268805, 240395, 0),
(291, 'OMF-SRP-00000000228', 2, 'SARI KURMA SAHARA', 7, 8, 2, 'BTL', '1', '2022-12-01', 19192, 21111, 24278, 25967, 23222, 0),
(292, 'OMF-SRP-00000000229', 2, 'SARI KURMA SAHARA JAMBU BIJI', 7, 8, 2, 'BTL', '1', '2022-12-01', 22499, 24749, 28461, 30441, 27224, 0),
(293, 'OMF-TBT-00000000230', 1, 'ENERVON-C TAB BTL @30', 7, 14, 2, 'BTL', '1', '2022-12-01', 32283, 35511, 40838, 43679, 39062, 0),
(294, 'OMF-TBT-00000000231', 1, 'ENERVON-C ACTIVE TAB BTL @30', 7, 14, 4, 'BTL', '1', '2023-08-08', 32750, 36025, 41429, 44311, 39628, 0),
(295, 'OMF-SRP-00000000232', 2, 'CURCUMA PLUS SHARPY 100 ML', 7, 3, 1, 'BTL', '1', '2022-12-01', 12933, 14226, 16360, 17498, 15649, 0),
(296, 'OMF-SRP-00000000233', 2, 'CURCUMA PLUS IMUNS 100 ML', 7, 3, 2, 'BTL', '1', '2022-12-01', 14392, 15831, 18206, 19472, 17414, 0),
(297, 'OMF-SRP-00000000234', 2, 'CURVIT SYR 60 ML', 7, 3, 1, 'BTL', '1', '2022-12-01', 24753, 27228, 31312, 33490, 29951, 0),
(298, 'OMF-SRP-00000000235', 2, 'SANADRYL EXP SYR 60 ML', 2, 22, 1, 'BTL', '1', '2022-12-01', 11216, 12338, 14189, 15176, 13572, 0),
(299, 'OMF-SRP-00000000236', 2, 'SANADRYL DMP SYR 60 ML', 2, 22, 2, 'BTL', '1', '2022-12-01', 12000, 13200, 15180, 16236, 14520, 0),
(300, 'OMF-SRP-00000000237', 2, 'SANGOBION VITATONIK 250 ML', 7, 14, 2, 'BTL', '1', '2022-12-01', 24877, 27365, 31470, 33659, 30102, 0),
(301, 'OMF-SRP-00000000238', 2, 'PARATUSIN SYR', 2, 14, 0, 'BTL', '1', '2022-12-01', 28236, 31060, 35718, 38203, NULL, 1),
(302, 'OMF-SRP-00000000239', 2, 'PARATUSIN SYR', 2, 14, 1, 'BTL', '1', '2022-12-01', 28236, 31060, 35719, 38204, 34166, 0),
(303, 'OMF-SRP-00000000240', 2, 'NELLCO SPESIAL OBH  55 ML', 7, 37, 1, 'BTL', '1', '2022-12-01', 23186, 25505, 29331, 31371, 28056, 0),
(304, 'OMF-SRP-00000000241', 2, 'NELLCO SPESIAL OBH  100 ML', 7, 8, 2, 'BTL', '1', '2022-12-01', 32149, 35364, 40669, 43498, 38900, 0),
(305, 'OMF-SRP-00000000242', 2, 'BISOLVON EXTRA SYR 60 ML', 2, 9, 2, 'BTL', '1', '2022-12-01', 37118, 40830, 46954, 50221, 44913, 0),
(306, 'OMF-SRP-00000000243', 2, 'BISOLVON KIDS SYR 60 ML', 2, 14, 2, 'BTL', '1', '2022-12-01', 34272, 37699, 43354, 46370, 41469, 0),
(307, 'OMF-SRP-00000000244', 2, 'IMBOOST FORCE KIDS SYR 60 ML', 7, 3, 1, 'BTL', '1', '2022-12-01', 64745, 71220, 81903, 87601, 78342, 0),
(308, 'OMF-SRP-00000000245', 2, 'SANMAG SYR', 1, 22, 1, 'BTL', '1', '2022-12-01', 25000, 27500, 31625, 33825, 30250, 0),
(309, 'OMF-SRP-00000000246', 2, 'OBH COMBI PLUS ANAK ALL VAR', 8, 11, 7, 'BTL', '1', '2023-06-06', 11275, 12402, 14263, 15255, 13643, 0),
(310, 'OMF-SRP-00000000247', 2, 'SAKATONIK LIVER SYR 310 ml', 7, 5, 0, 'BTL', '1', '2022-12-01', 22938, 25232, 29017, 31035, 27755, 0),
(311, 'OMF-SRP-00000000248', 2, 'ZINKKID SYR', 2, 32, 2, 'BTL', '1', '2022-12-01', 31774, 34951, 40194, 42990, 38446, 0),
(312, 'OMF-SRP-00000000249', 2, 'EYEVIT SYR', 7, 1, 1, 'BTL', '1', '2022-12-01', 61679, 67847, 78024, 83452, 74632, 0),
(313, 'OMF-SRP-00000000250', 2, 'ACITRAL SYR', 1, 32, 1, 'BTL', '1', '2022-12-01', 26201, 28821, 33144, 35450, 31703, 0),
(314, 'OMF-SRP-00000000251', 2, 'IMUNOS SYR', 7, 1, 1, 'BTL', '1', '2022-12-01', 68846, 75731, 87091, 93149, 83304, 0),
(315, 'OMF-SRP-00000000252', 2, 'POLYSILANE SYR 100 ML', 1, 46, 3, 'BTL', '1', '2024-07-07', 20000, 22000, 25300, 27060, 24200, 0),
(316, 'OMF-SRP-00000000253', 2, 'POLYSILANE SYR 180 ML', 1, 46, 4, 'BTL', '1', '2024-09-09', 29000, 31900, 36685, 39237, 35090, 0),
(317, 'OMF-SRP-00000000254', 2, 'DECADRYL SYR 60 ML', 2, 18, 1, 'BTL', '1', '2022-12-01', 10876, 11964, 13759, 14716, 13160, 0),
(318, 'OMF-SRP-00000000255', 2, 'CAVIPLEX SYR', 7, 7, 2, 'BTL', '1', '2022-12-01', 15684, 17252, 19840, 21220, 18977, 0),
(319, 'OMF-SRP-00000000256', 2, 'MUCOHEXIN SYR', 2, 22, 1, 'BTL', '1', '2022-12-01', 18665, 20532, 23612, 25254, 22585, 0),
(320, 'OMF-SRP-00000000257', 2, 'HUFAGRIP PILEK  SYR (BIRU)', 2, 27, 3, 'BTL', '1', '2022-12-01', 12893, 14182, 16309, 17444, 15600, 0),
(321, 'OMF-SRP-00000000258', 2, 'HUFAGRIP BP SYR (HIJAU)', 2, 27, 2, 'BTL', '1', '2022-12-01', 15265, 16791, 19310, 20653, 18471, 0),
(322, 'OMF-SRP-00000000259', 2, 'HUFAGRIP TEMP SYR (MERAH)', 2, 27, 1, 'BTL', '1', '2022-12-01', 13437, 14781, 16998, 18181, 16259, 0),
(323, 'OMF-SRP-00000000260', 2, 'HUFAGRIP FLU & BATUK SYR (KUNING)', 2, 27, 4, 'BTL', '1', '2022-12-01', 17023, 18725, 21534, 23032, 20598, 0),
(324, 'OMF-SRP-00000000261', 2, 'PIM TRA COL SYR ALL VAR', 2, 84, 6, 'BTL', '1', '2022-12-01', 11056, 12161, 13986, 14959, 13378, 0),
(325, 'OMF-SRP-00000000262', 2, 'H-BOOSTER SYR', 2, 84, 4, 'BTL', '1', '2022-12-01', 16179, 17797, 20467, 21890, 19577, 0),
(326, 'OMF-SRP-00000000263', 2, 'PIMACOLIN SYR 60 ML', 2, 84, 0, 'BTL', '1', '2022-12-01', 5959, 6555, 7538, 8063, 7210, 0),
(327, 'OMF-SRP-00000000264', 2, 'ALCO DMP 100 ML', 2, 32, 1, 'BTL', '1', '2022-12-01', 41184, 45302, 52097, 55721, 49832, 0),
(328, 'OMF-SRP-00000000265', 2, 'NEO KAOLANA SYR', 1, 22, 2, 'BTL', '1', '2022-12-01', 12700, 13970, 16066, 17183, 15367, 0),
(329, 'OMF-SRP-00000000266', 2, 'DEMACOLIN SYR', 2, 33, 1, 'BTL', '1', '2022-12-01', 14100, 15510, 17836, 19077, 17061, 0),
(330, 'OMF-SRP-00000000267', 2, 'LAPIFED DM SYR', 2, 1, 4, 'BTL', '1', '2022-12-01', 30000, 33000, 37950, 40590, 36300, 0),
(331, 'OMF-SRP-00000000268', 2, 'LAPIFED EXP SYR', 2, 1, 5, 'BTL', '1', '2022-12-01', 25000, 27500, 31625, 33825, 30250, 0),
(332, 'OMF-AKS-00000000269', 7, 'TREMENZA SYR', 2, 22, 3, 'BTL', '1', '2022-12-01', 20500, 22550, 25932, 27736, 24805, 0),
(333, 'OMF-SRP-00000000270', 2, 'IMBOOST  KIDS SYR 60 ML', 7, 3, 2, 'BTL', '1', '2022-12-01', 31900, 35090, 40354, 43161, 38599, 0),
(334, 'OMF-SRP-00000000271', 2, 'IMBOOST FORCE SYR 120 ML', 7, 3, 1, 'BTL', '1', '2022-12-01', 91250, 100375, 115431, 123461, 110412, 0),
(335, 'OMF-SRP-00000000272', 2, 'CEREBROFORT GOLD SYR 100 ML ALL VAR', 7, 3, 2, 'BTL', '1', '2022-12-01', 16018, 17620, 20263, 21673, 19382, 0),
(336, 'OMF-SRP-00000000273', 2, 'CEREBROFORT GOLD SYR 200 ML ALL VAR', 7, 3, 1, 'BTL', '1', '2022-12-01', 28636, 31500, 36225, 38745, 34650, 0),
(337, 'OMF-SRP-00000000274', 2, 'WOODS ATT SYR  (MERAH) 60 ML', 2, 5, 1, 'BTL', '1', '2022-12-01', 16683, 18351, 21104, 22572, 20186, 0),
(338, 'OMF-SRP-00000000275', 2, 'WOODS EXP SYR  (BIRU) 60ML', 2, 5, 1, 'BTL', '1', '2023-07-07', 15455, 17000, 19550, 20910, 18700, 0),
(339, 'OMF-SRP-00000000276', 2, 'WOODS ATT SYR  (MERAH) 100 ML', 2, 5, 1, 'BTL', '1', '2022-12-01', 27146, 29861, 34340, 36729, 32847, 0),
(340, 'OMF-SRP-00000000277', 2, 'WOODS EXP SYR  (BIRU) 100 ML', 2, 5, 1, 'BTL', '1', '2022-12-01', 27146, 29861, 34340, 36729, 32847, 0),
(341, 'OMF-TBT-00000000278', 1, 'VICCE TAB', 7, 14, 49, 'TAB', '1', '2022-12-01', 750, 825, 949, 1015, 908, 0),
(342, 'OMF-BTL-00000000279', 8, 'M. TELON PLUS MY BABY 60 ML', 7, 30, 1, 'BTL', '1', '2022-12-01', 14900, 16390, 18848, 20160, 18029, 0),
(343, 'OMF-BTL-00000000280', 8, 'M. TELON PLUS MY BABY 90 ML', 7, 30, 3, 'BTL', '1', '2022-12-01', 20000, 22000, 25300, 27060, 24200, 0),
(344, 'OMF-BTL-00000000281', 8, 'M. TELON PLUS MY BABY 150 ML', 7, 30, 3, 'BTL', '1', '2022-12-01', 28773, 31650, 36398, 38930, 34815, 0),
(345, 'OMF-SRP-00000000282', 2, 'SILADEX C&CN (BIRU) 60 ML', 2, 49, 0, 'BTL', '1', '2022-12-01', 11556, 12712, 14618, 15635, NULL, 1),
(346, 'OMF-SRP-00000000283', 2, 'SILADEX C&C (BIRU) 60 ML', 2, 49, 2, 'BTL', '1', '2022-12-01', 11556, 12712, 14619, 15636, 13983, 0),
(347, 'OMF-SRP-00000000284', 2, 'SILADEX ME (HIJAU) 60 ML', 2, 49, 1, 'BTL', '1', '2022-12-01', 11556, 12712, 14619, 15636, 13983, 0),
(348, 'OMF-SRP-00000000285', 2, 'SILADEX DMP (KUNING) 60 ML', 2, 49, 1, 'BTL', '1', '2022-12-01', 10730, 11803, 13573, 14518, 12983, 0),
(349, 'OMF-SRP-00000000286', 2, 'SILADEX ATT (MERAH) 60 ML', 2, 49, 1, 'BTL', '1', '2022-12-01', 11556, 12712, 14619, 15636, 13983, 0),
(350, 'OMF-BTL-00000000287', 8, 'M. KAPAK 56 ML', 7, 85, 4, 'PCS', '1', '2022-12-01', 57958, 63754, 73317, 78417, 70129, 0),
(351, 'OMF-BTL-00000000288', 8, 'M. KAPAK 28 ML', 7, 85, 4, 'BTL', '1', '2022-12-01', 30152, 33167, 38142, 40795, 36484, 0),
(352, 'OMF-BTL-00000000289', 8, 'M. KAPAK 14 ML', 7, 85, 4, 'PCS', '1', '2022-12-19', 18550, 20405, 23466, 25098, 22446, 0),
(353, 'OMF-BTL-00000000290', 8, 'M. KAPAK 10 ML', 7, 85, 3, 'PCS', '1', '2022-12-01', 12493, 13742, 15803, 16903, 15116, 0),
(354, 'OMF-BTL-00000000291', 8, 'M. KAPAK 5 ML', 7, 85, 4, 'PCS', '1', '2022-12-01', 8182, 9000, 10350, 11070, 9900, 0),
(355, 'OMF-BTL-00000000292', 8, 'M. KAPAK 3 ML', 7, 85, 3, 'PCS', '1', '2022-12-01', 4773, 5250, 6038, 6458, 5775, 0),
(356, 'OMF-BTL-00000000293', 8, 'MKP LANG 210 ML', 7, 87, 2, 'BTL', '1', '2022-12-01', 61955, 68150, 78372, 83824, 74965, 0),
(357, 'OMF-BTL-00000000294', 8, 'MKP LANG 120 ML', 7, 87, 11, 'BTL', '1', '2024-12-01', 36514, 40165, 46190, 49403, 44182, 0),
(358, 'OMF-BTL-00000000295', 8, 'MKP LANG 60ML', 7, 87, 5, 'PCS', '1', '2022-12-01', 17333, 19066, 21926, 23451, 20973, 0),
(359, 'OMF-BTL-00000000296', 8, 'MKP LANG 30ML', 7, 87, 11, 'PCS', '1', '2022-12-01', 9834, 10817, 12440, 13305, 11899, 0),
(360, 'OMF-BTL-00000000297', 8, 'MKP LANG 15ML', 7, 87, 11, 'PCS', '1', '2022-12-01', 4917, 5409, 6220, 6653, 5950, 0),
(361, 'OMF-BTL-00000000298', 8, 'GPU MINYAK 30 ML ORIGINAL', 7, 87, 3, 'PCS', '1', '2022-12-01', 7500, 8250, 9488, 10148, 9075, 0),
(362, 'OMF-BTL-00000000299', 8, 'GPU MINYAK 60 ML ORIGINAL', 7, 87, 2, 'PCS', '1', '2022-12-01', 14127, 15540, 17871, 19114, 17094, 0),
(363, 'OMF-CEM-00000000300', 9, 'GPU KRIM 150 GR ORIGINAL', 7, 87, 1, 'PCS', '1', '2022-12-01', 15935, 17528, 20157, 21559, 19281, 0),
(364, 'OMF-BTL-00000000301', 8, 'MKP GAJAH 120 ML', 7, 88, 2, 'PCS', '1', '2022-12-01', 32912, 36203, 41633, 44530, 39823, 0),
(365, 'OMF-BTL-00000000302', 8, 'MKP GAJAH 60 ML', 7, 88, 2, 'BTL', '1', '2022-12-01', 17443, 19187, 22065, 23600, 21106, 0),
(366, 'OMF-BTL-00000000303', 8, 'MKP GAJAH 30 ML', 7, 88, 3, 'PCS', '1', '2022-12-01', 8910, 9801, 11271, 12055, 10781, 0),
(367, 'OMF-SCT-00000000304', 15, 'PHAROLIT SACH', 1, 10, 10, 'SACH', '1', '2022-03-01', 1271, 1398, 1608, 1720, 1538, 0),
(368, 'OMF-TBT-00000000305', 1, 'NATUR E 300 IU @16', 7, 14, 1, 'BOX', '1', '2022-12-01', 16614, 18275, 21016, 22478, 20102, 0),
(369, 'OMF-AKS-00000000306', 7, 'SUTRA MERAH 3\'S', 7, 66, 24, 'PCS', '1', '2022-12-01', 4858, 5344, 6146, 6573, 5878, 0),
(370, 'OMF-CEM-00000000307', 9, 'NOSIB SALF', 7, 89, 3, 'PCS', '1', '2022-12-01', 8805, 9686, 11139, 11914, 10655, 0),
(371, 'OMF-AKS-00000000308', 7, 'SUTRA MERAH 12\'S', 7, 66, 11, 'BOX', '1', '2022-12-01', 17154, 18869, 21699, 23209, 20756, 0),
(372, 'OMF-AKS-00000000309', 7, 'SUTRA OK 12\'S', 7, 66, 15, 'PCS', '1', '2022-12-01', 24811, 27292, 31386, 33569, 30021, 0),
(373, 'OMF-TBT-00000000310', 1, 'CTM TAB', 2, 84, 17, 'BOX', '4', '2022-12-14', 14852, 16337, 2000, 2000, 2000, 0),
(374, 'OMF-TBT-00000000311', 1, 'BODREX EXTRA TAB', 2, 30, 7, 'STRP', '1', '2022-12-01', 1923, 2115, 2432, 2601, 2326, 0),
(375, 'OMF-TBT-00000000312', 1, 'BODREX FLU & BATUK TAB', 2, 30, 10, 'STRP', '1', '2022-12-30', 1692, 1861, 2140, 2289, 2047, 0),
(376, 'OMF-TBT-00000000313', 1, 'BODREX FLU & BATUK BERDAHAK TAB', 2, 30, 10, 'STRP', '1', '2022-12-01', 1693, 1862, 2141, 2290, 2048, 0),
(377, 'OMF-TBT-00000000314', 1, 'BODREX MIGRA', 2, 30, 7, 'STRP', '1', '2022-12-01', 1978, 2176, 2502, 2676, 2394, 0),
(378, 'OMF-TBT-00000000315', 1, 'BODREX TAB @2', 2, 30, 21, 'STRP', '1', '2022-12-01', 3497, 3847, 4424, 4732, 4232, 0),
(379, 'OMF-AKS-00000000316', 7, 'BYE BYE FEVER ANAK @5', 4, 43, 15, 'PCS', '1', '2022-12-01', 8259, 9084, 10447, 11174, 9993, 0),
(380, 'OMF-SRP-00000000317', 2, 'VICKS FORMULA 44 DEWASA 54 ML', 2, 14, 0, 'BTL', '1', '2022-12-01', 13841, 15225, 17509, 18727, 16748, 0),
(381, 'OMF-SRP-00000000318', 2, 'VICKS FORMULA 44 ANAK 54 ML', 2, 14, 3, 'BTL', '1', '2022-12-01', 14045, 15450, 17768, 19004, 16995, 0),
(382, 'OMF-SRP-00000000319', 2, 'OB HERBAL JUNIOR', 7, 38, 1, 'BTL', '1', '2022-12-01', 12539, 13793, 15862, 16965, 15172, 0),
(383, 'OMF-ONT-00000000320', 10, 'BALSEM GELIGA 10 GR', 7, 87, 3, 'PCS', '1', '2021-12-01', 4407, 4848, 5575, 5963, 5333, 0),
(384, 'OMF-ONT-00000000321', 10, 'BALSEM GELIGA 20 GR', 7, 87, 3, 'PCS', '1', '2022-12-01', 7922, 8714, 10021, 10718, 9585, 0),
(385, 'OMF-ONT-00000000322', 10, 'BALSEM GELIGA 40 GR', 7, 87, 2, 'PCS', '1', '2022-12-01', 15480, 17028, 19582, 20944, 18731, 0),
(386, 'OMF-TBT-00000000323', 14, 'CDR 15\'S', 7, 18, 5, 'PCS', '1', '2022-12-01', 54872, 60359, 69413, 74242, 66395, 0),
(387, 'OMF-TBT-00000000324', 14, 'CDR 10\'S', 7, 18, 5, 'PCS', '1', '2022-12-01', 36205, 39825, 45799, 48985, 43808, 0),
(388, 'OMF-TBT-00000000325', 1, 'VITAMIN C IPI', 1, 90, 0, 'PCS', '50', '2022-12-01', 4636, 5100, 5865, 6273, 5610, 0),
(389, 'OMF-BTL-00000000326', 8, 'HEROCYN DEWASA 85 GR', 7, 33, 2, 'PCS', '1', '2022-12-01', 6600, 7260, 8349, 8930, 7986, 0),
(390, 'OMF-BTL-00000000327', 8, 'HEROCYN BABY 200 GR', 7, 33, 2, 'PCS', '1', '2022-12-01', 1070, 1177, 1354, 1448, 1295, 0),
(391, 'OMF-BTL-00000000328', 8, 'HEROCYN BABY 100 GR', 7, 33, 2, 'PCS', '1', '2022-12-01', 6750, 7425, 8539, 9133, 8168, 0);
INSERT INTO `obat` (`id_obat`, `kode_obat`, `id_jenis_obat`, `nama_obat`, `id_golongan_obat`, `id_pabrik_obat`, `stok_obat`, `satuan_obat`, `dosis_satuan`, `tanggal_expired`, `harga_modal`, `harga_modal_ppn`, `hja_upds`, `hja_resep`, `hja_relasi`, `status_delete`) VALUES
(392, 'OMF-BTL-00000000329', 8, 'RESIK V GODOKAN SIRIH 100 ML', 7, 91, 1, 'PCS', '1', '2022-12-01', 16872, 18559, 21343, 22828, 20415, 0),
(393, 'OMF-AKS-00000000330', 7, 'ASEPSO SABUN BATANG', 7, 92, 1, 'PCS', '1', '2022-12-01', 6116, 6728, 7737, 8275, 7401, 0),
(394, 'OMF-SCT-00000000331', 15, 'KOMIX SACH ALL VAR', 2, 35, 83, 'SACH', '1', '2022-12-01', 1292, 1421, 1634, 1748, 1563, 0),
(395, 'OMF-KPL-00000000332', 4, 'EM KAPSUL', 1, 93, 5, 'BOX', '1', '2022-12-01', 11817, 12999, 14949, 15989, 14299, 0),
(396, 'OMF-TBT-00000000333', 1, 'PROCOLD FLU DAN BATUK @24', 2, 5, 24, 'STRP', '1', '2022-12-01', 3142, 3456, 3974, 4251, 3802, 0),
(397, 'OMF-BTL-00000000334', 8, 'OBAT AKIT GIGI KAKAK TUA', 1, 94, 2, 'PCS', '1', '2022-12-01', 10087, 11096, 12760, 13648, 12206, 0),
(398, 'OMF-BTL-00000000335', 8, 'CALADIN LOTION 95 ML', 7, 39, 4, 'PCS', '1', '2022-12-01', 18200, 20020, 23023, 24625, 22022, 0),
(399, 'OMF-BTL-00000000336', 8, 'CALADIN LOTION 60 ML', 7, 39, 5, 'PCS', '1', '2022-01-31', 12900, 14190, 16318, 17454, 15609, 0),
(400, 'OMF-TBT-00000000337', 1, 'ENTROSTOP TAB', 7, 5, 14, 'STRP', '1', '2022-12-01', 6480, 7128, 8197, 8767, 7841, 0),
(401, 'OMF-SCT-00000000338', 15, 'ENTROSTOP ANAK SACH @6', 7, 5, 7, 'SACH', '1', '2022-12-01', 1667, 1834, 2109, 2256, 2017, 0),
(402, 'OMF-BTL-00000000339', 8, 'FRESH CARE ROLL ON ALL VAR', 7, 63, 20, 'PCS', '1', '2022-12-01', 11560, 12716, 14623, 15641, 13988, 0),
(403, 'OMF-BTL-00000000340', 8, 'PLOSSA ALL VAR', 7, 76, 13, 'PCS', '1', '2022-12-01', 10000, 11000, 12650, 13530, 12100, 0),
(404, 'OMF-TBT-00000000341', 1, 'HEMAVITON STAMINA', 7, 30, 1, 'STRP', '1', '2022-12-01', 5705, 6276, 7217, 7719, 6904, 0),
(405, 'OMF-TBT-00000000342', 1, 'HEMAVITON ACTION', 7, 30, 3, 'STRP', '1', '2022-12-01', 5832, 6415, 7377, 7890, 7056, 0),
(406, 'OMF-SCT-00000000343', 15, 'KOYO CABE 20\'S', 7, 95, 18, 'SACH', '1', '2022-12-01', 9616, 10578, 12165, 13011, 11636, 0),
(407, 'OMF-SCT-00000000344', 15, 'SALONPAS KOYO BIRU', 7, 43, 10, 'SACH', '1', '2022-12-01', 8880, 9768, 11233, 12015, 10745, 0),
(408, 'OMF-TBT-00000000345', 1, 'SANMOL TAB', 1, 22, 20, 'STRP', '500', '2022-12-01', 1321, 1453, 1671, 1787, 1598, 0),
(409, 'OMF-TBT-00000000346', 1, 'FATIGON SPIRIT', 7, 96, 3, 'STRP', '1', '2022-12-01', 7753, 8528, 9807, 10489, 9381, 0),
(410, 'OMF-TBT-00000000347', 1, 'VITALONG C STRIP @4', 7, 28, 8, 'STRP', '1', '2022-12-01', 6041, 6645, 7642, 8173, 7310, 0),
(411, 'OMF-SRP-00000000348', 2, 'KOMIX HERBAL 15 ML', 2, 35, 0, 'BOX', '1', '2022-12-01', 8152, 8967, 10312, 11029, 9864, 0),
(412, 'OMF-AKS-00000000349', 7, 'VIOSTIN DS', 7, 46, 2, 'STRP', '1', '2022-12-01', 28541, 31395, 36104, 38616, 34534, 0),
(413, 'OMF-BTL-00000000350', 8, 'ROHTO', 7, 17, 3, 'PCS', '1', '2022-12-01', 10337, 11371, 13077, 13986, 12508, 0),
(414, 'OMF-BTL-00000000351', 8, 'ROHTO COOL', 7, 17, 6, 'PCS', '1', '2022-12-01', 13320, 14652, 16850, 18022, 16117, 0),
(415, 'OMF-BTL-00000000352', 8, 'VITAL EAR DROP', 7, 72, 2, 'PCS', '1', '2024-05-01', 12700, 13970, 16066, 17184, 15367, 0),
(416, 'OMF-BTL-00000000353', 8, 'INSTO', 7, 97, 3, 'PCS', '1', '2022-12-01', 10600, 11660, 13409, 14342, 12826, 0),
(417, 'OMF-BTL-00000000354', 8, 'INSTO MOIST', 7, 97, 1, 'PCS', '1', '2022-12-01', 11910, 13101, 15066, 16114, 14411, 0),
(418, 'OMF-TBT-00000000355', 1, 'MIXAGRIP @25', 2, 5, 24, 'STRP', '1', '2022-12-01', 2080, 2288, 2631, 2814, 2517, 0),
(419, 'OMF-TBT-00000000356', 1, 'MIXAGRIP FLU DAN BATUK @25', 2, 5, 8, 'STRP', '1', '2022-12-01', 1818, 1999, 2299, 2459, 2199, 0),
(420, 'OMF-TBT-00000000357', 1, 'INZA TAB @4', 2, 49, 10, 'STRP', '1', '2021-12-31', 2007, 2208, 2539, 2716, 2429, 0),
(421, 'OMF-TBT-00000000358', 1, 'PARAMEX TAB @4', 2, 49, 51, 'STRP', '1', '2023-07-07', 1932, 2125, 2444, 2614, 2338, 0),
(422, 'OMF-TBT-00000000359', 1, 'NEOZEP FORTE  @4', 2, 14, 27, 'STRP', '1', '2022-12-01', 1924, 2116, 2434, 2603, 2328, 0),
(423, 'OMF-TBT-00000000360', 1, 'DECOLGEN TAB @4 25\'S', 2, 14, 8, 'STRP', '1', '2022-12-01', 1737, 1911, 2198, 2351, 2102, 0),
(424, 'OMF-TBT-00000000361', 1, 'DECOLSIN TAB @4 25\'S', 2, 14, 7, 'STRP', '1', '2022-12-01', 2327, 2560, 2944, 3149, 2816, 0),
(425, 'OMF-TBT-00000000362', 1, 'ENERVON-C TAB @4 25\'s', 7, 14, 24, 'STRP', '1', '2022-12-01', 4384, 4822, 5545, 5931, 5304, 0),
(426, 'OMF-TBT-00000000363', 1, 'RENOVIT GOLD TAB @4 25\'S', 7, 49, 5, 'STRP', '1', '2022-12-01', 10699, 11769, 13534, 14476, 12946, 0),
(427, 'OMF-TBT-00000000364', 1, 'RENOVIT BTL @30', 7, 49, 2, 'BTL', '1', '2022-12-01', 65884, 72472, 83343, 89141, 79719, 0),
(428, 'OMF-GEL-00000000365', 11, 'HOT IN DCL GEL 60 GRAM', 7, 63, 0, 'TUBE', '1', '2022-12-01', 14700, 16170, 18596, 19889, 17787, 0),
(429, 'OMF-TBT-00000000366', 1, 'DULCOLAX TAB 10\'S', 2, 9, 6, 'BOX', '1', '2022-12-01', 15373, 16910, 19446, 20799, 18601, 0),
(430, 'OMF-ONT-00000000367', 10, 'BALSEM LANG 10 GR', 7, 87, 2, 'PCS', '1', '2022-12-01', 4407, 4848, 5575, 5963, 5333, 0),
(431, 'OMF-ONT-00000000368', 10, 'BALSEM LANG 20 GR', 7, 87, 2, 'PCS', '1', '2022-12-01', 7922, 8714, 10021, 10718, 9585, 0),
(432, 'OMF-ONT-00000000369', 10, 'BALSEM LANG 40 GR', 7, 87, 2, 'PCS', '1', '2022-12-01', 15480, 17028, 19582, 20944, 18731, 0),
(433, 'OMF-BTL-00000000370', 8, 'NORIT', 7, 87, 3, 'PCS', '1', '2022-12-01', 14387, 15826, 18200, 19466, 17409, 0),
(434, 'OMF-BTL-00000000371', 8, 'GOM', 7, 99, 23, 'PCS', '1', '2022-12-01', 3144, 3458, 3977, 4253, 3804, 0),
(435, 'OMF-BTL-00000000372', 8, 'SERBUK P.K', 7, 45, 20, 'PCS', '1', '2022-12-01', 5802, 6382, 7339, 7850, 7020, 0),
(436, 'OMF-BTL-00000000373', 8, 'VICKS INHEALER', 7, 14, 1, 'PCS', '1', '2022-12-01', 14495, 15944, 18336, 19611, 17538, 0),
(437, 'OMF-ONT-00000000374', 10, 'VICKS VAPORUB 10 GR', 7, 14, 2, 'PCS', '1', '2022-12-01', 6878, 7566, 8701, 9306, 8323, 0),
(438, 'OMF-ONT-00000000375', 10, 'VICKS VAPORUB 50 GR', 7, 14, 2, 'PCS', '1', '2022-12-01', 27653, 30418, 34981, 37414, 33460, 0),
(439, 'OMF-ONT-00000000376', 10, 'VICKS VAPORUB 25 GR', 7, 14, 2, 'PCS', '1', '2022-12-01', 14645, 16110, 18526, 19815, 17721, 0),
(440, 'OMF-CEM-00000000377', 9, 'COUNTERPAIN CR 15 GR', 7, 48, 2, 'TUBE', '1', '2022-12-01', 21800, 23980, 27577, 29495, 26378, 0),
(441, 'OMF-TBT-00000000378', 1, 'THROMBOGEL', 7, 12, 1, 'TUBE', '1', '2022-12-01', 38095, 41904, 48190, 51542, 46094, 0),
(442, 'OMF-GEL-00000000379', 11, 'THROMBOPHOB', 7, 12, 1, 'TUBE', '1', '2022-12-01', 55192, 60711, 69818, 74675, 66782, 0),
(443, 'OMF-CEM-00000000380', 9, 'BEPHANTEN', 2, 54, 1, 'TUBE', '1', '2022-12-01', 56622, 62284, 71627, 76609, 68512, 0),
(444, 'OMF-CEM-00000000381', 9, 'FUNGIDERM 10 GR', 2, 49, 1, 'TUBE', '1', '2022-12-01', 21860, 24046, 27653, 29577, 26451, 0),
(445, 'OMF-CEM-00000000382', 9, 'FUNGIDERM 5 GR', 2, 49, 2, 'TUBE', '1', '2024-06-30', 11670, 12837, 14763, 15790, 14121, 0),
(446, 'OMF-TBT-00000000383', 1, 'VEGE BLEND 21 JR', 7, 46, 1, 'PCS', '1', '2022-12-01', 110830, 121913, 140200, 149953, 134104, 0),
(447, 'OMF-TBT-00000000384', 1, 'FRUIT BLEND 18 JR', 7, 46, 1, 'PCS', '1', '2022-12-01', 110864, 121950, 140242, 149998, 134145, 0),
(448, 'OMF-KPL-00000000385', 4, 'OMEPROZ 30\'S', 7, 46, 1, 'BTL', '1', '2022-12-01', 116401, 128041, 147247, 157490, 140845, 0),
(449, 'OMF-KPL-00000000386', 4, 'OMEPROZ 60\'S', 7, 46, 1, 'BTL', '1', '2022-12-01', 215814, 237395, 273004, 291996, 261134, 0),
(450, 'OMF-KPL-00000000387', 4, 'OM3HEART 30\'S', 7, 63, 1, 'BTL', '1', '2022-12-01', 30790, 33869, 38949, 41659, 37256, 0),
(451, 'OMF-SRP-00000000388', 2, 'BIOLYSIN SYR 60 ML', 7, 28, 1, 'BTL', '1', '2022-12-01', 11756, 12932, 14872, 15906, 14225, 0),
(452, 'OMF-SRP-00000000389', 2, 'BIOLYSIN  SMART SYR 60 ML', 7, 28, 1, 'BTL', '1', '2022-12-01', 11958, 13154, 15127, 16179, 14469, 0),
(453, 'OMF-SRP-00000000390', 2, 'TRIFED SYR', 2, 32, 1, 'BTL', '1', '2022-12-01', 34027, 37430, 43044, 46039, 41173, 0),
(454, 'OMF-SRP-00000000391', 2, 'LAPISIV SYR', 2, 1, 4, 'BTL', '1', '2022-12-01', 19500, 21450, 24668, 26384, 23595, 0),
(455, 'OMF-SRP-00000000392', 2, 'RHELAFEN SYR', 2, 1, 1, 'BTL', '1', '2022-12-01', 17500, 19250, 22138, 23678, 21175, 0),
(456, 'OMF-SRP-00000000393', 2, 'RHELAFEN FORTE SYR', 2, 1, 1, 'BTL', '1', '2022-12-01', 24784, 27262, 31351, 33532, 29988, 0),
(457, 'OMF-SRP-00000000394', 2, 'ALCO PLUS SYR 100 ML', 2, 32, 1, 'BTL', '1', '2022-12-01', 60099, 66109, 76025, 81314, 72720, 0),
(458, 'OMF-SRP-00000000395', 2, 'PAMOL DROP', 1, 32, 1, 'BTL', '1', '2022-12-01', 36608, 40269, 46309, 49531, 44296, 0),
(459, 'OMF-SRP-00000000396', 2, 'ALCO DROP', 2, 32, 1, 'BTL', '1', '2022-12-01', 72532, 79785, 91753, 98136, 87764, 0),
(460, 'OMF-SRP-00000000397', 2, 'HERBACOF SYR 60 ML', 7, 26, 0, 'BTL', '1', '2022-12-01', 11820, 13002, 14952, 15992, 14302, 0),
(461, 'OMF-SRP-00000000398', 2, 'PAMOL SYR', 1, 32, 1, 'BTL', '1', '2022-12-01', 27000, 29700, 34155, 36531, 32670, 0),
(462, 'OMF-SRP-00000000399', 2, 'LAXADINE SYR 60 ML', 1, 39, 5, 'BTL', '1', '2022-12-01', 41000, 45100, 51865, 55473, 49610, 0),
(463, 'OMF-SRP-00000000400', 2, 'TEMPRA DROP', 1, 48, 1, 'BTL', '1', '2022-12-01', 46270, 50897, 58532, 62603, 55987, 0),
(464, 'OMF-SRP-00000000401', 2, 'TEMPRA SYR', 1, 48, 1, 'BTL', '1', '2022-12-01', 41032, 45135, 51905, 55516, 49648, 0),
(465, 'OMF-SRP-00000000402', 2, 'TEMPRA FORTE SYR', 1, 48, 1, 'BTL', '1', '2022-12-01', 45269, 49796, 57265, 61249, 54776, 0),
(466, 'OMF-KPL-00000000403', 4, 'DIAPET NR @4', 1, 3, 4, 'STRP', '1', '2022-12-01', 3071, 3378, 3885, 4155, 3716, 0),
(467, 'OMF-SCT-00000000404', 15, 'DIAPET ANAK SACH 6\'S', 1, 3, 4, 'SACH', '1', '2022-12-01', 1453, 1598, 1838, 1966, 1758, 0),
(468, 'OMF-TBT-00000000405', 1, 'FEMINAX TAB @4', 2, 49, 10, 'STRP', '1', '2022-12-01', 2603, 2863, 3292, 3521, 3149, 0),
(469, 'OMF-BTL-00000000406', 8, 'COOLING 5 PLUS', 7, 10, 1, 'PCS', '1', '2022-12-01', 31000, 34100, 39215, 41943, 37510, 0),
(470, 'OMF-BTL-00000000407', 8, 'COOLING 5 SPRAY', 7, 10, 1, 'PCS', '1', '2022-12-01', 30000, 33000, 37950, 40590, 36300, 0),
(471, 'OMF-CEM-00000000408', 9, 'MICONAZOLE CR', 2, 78, 3, 'TUBE', '1', '2022-12-01', 3900, 4290, 4934, 5277, 4719, 0),
(472, 'OMF-TBT-00000000409', 1, 'SUMAGESIC TAB', 1, 51, 44, 'STRP', '600', '2026-07-01', 1980, 2178, 2505, 2679, 2396, 0),
(473, 'OMF-TBT-00000000410', 1, 'DICOM TAB', 2, 10, 2, 'STRP', '1', '2022-12-01', 15025, 16528, 19007, 20329, 18181, 0),
(474, 'OMF-KPL-00000000411', 4, 'EVER E 250 BTL @30', 7, 49, 1, 'BTL', '1', '2022-12-01', 60840, 66924, 76963, 82317, 73616, 0),
(475, 'OMF-TBT-00000000412', 1, 'BIOSANBE KAPL', 1, 22, 0, 'STRP', '1', '2022-12-01', 12175, 13392, 15401, 16472, 14731, 0),
(476, 'OMF-SRP-00000000413', 2, 'PRORIS SYR', 2, 46, 1, 'BTL', '1', '2022-12-01', 23386, 25725, 29584, 31642, 28298, 0),
(477, 'OMF-TBT-00000000414', 1, 'PANADOL COLD & FLU TAB', 2, 29, 6, 'STRP', '1', '2022-12-01', 12266, 13493, 15517, 16596, 14842, 0),
(478, 'OMF-TBT-00000000415', 1, 'PANADOL EXTRA TAB', 2, 29, 3, 'STRP', '1', '2022-12-01', 10449, 11494, 13218, 14138, 12643, 0),
(479, 'OMF-TBT-00000000416', 1, 'PANADOL TAB', 1, 29, 5, 'STRP', '1', '2022-12-01', 9304, 10234, 11769, 12588, 11257, 0),
(480, 'OMF-SCT-00000000417', 15, 'STREPSIL ALL VAR', 7, 100, 7, 'SACH', '1', '2022-12-01', 10972, 12069, 13879, 14845, 13276, 0),
(481, 'OMF-TBT-00000000418', 1, 'MAGASIDA TAB', 1, 78, 3, 'STRP', '1', '2022-12-01', 9983, 10981, 12628, 13507, 12079, 0),
(482, 'OMF-TBT-00000000419', 1, 'PAMOL TAB', 1, 32, 56, 'STRP', '500', '2022-12-01', 7000, 7700, 8855, 9471, 8470, 0),
(483, 'OMF-TBT-00000000420', 1, 'BIOGESIC', 1, 51, 4, 'STRP', '500', '2022-12-01', 1739, 1913, 2200, 2353, 2104, 0),
(484, 'OMF-CEM-00000000421', 9, 'NEO ULTRACLINE', 2, 101, 1, 'TUBE', '1', '2022-12-01', 7932, 8725, 10034, 10732, 9598, 0),
(485, 'OMF-TBT-00000000422', 1, 'PROMEDEX TAB', 2, 32, 11, 'STRP', '1', '2022-12-01', 19500, 21450, 24668, 26384, 23595, 0),
(486, 'OMF-TBT-00000000423', 1, 'PARAMEX NYERI OTOT @4', 2, 49, 2, 'STRP', '1', '2022-12-01', 1660, 1826, 2100, 2246, 2009, 0),
(487, 'OMF-SCT-00000000424', 15, 'HANSAPLAST KOYO HANGAT', 7, 102, 2, 'SACH', '1', '2022-12-01', 5169, 5686, 6539, 6994, 6255, 0),
(488, 'OMF-SCT-00000000425', 15, 'HANSAPLAST KOYO PANAS', 7, 102, 2, 'SACH', '1', '2022-12-01', 4420, 4862, 5591, 5980, 5348, 0),
(489, 'OMF-TBT-00000000426', 1, 'PARACETAMOL TAB 500 MG PIM', 1, 84, 68, 'STRP', '500', '2022-12-01', 2100, 2310, 2656, 2841, 2541, 0),
(490, 'OMF-KPL-00000000427', 1, 'KAPSIDA KEMBANG BULAN', 7, 8, 14, 'PCS', '1', '2022-12-01', 11800, 12980, 14927, 15965, 14278, 0),
(491, 'OMF-KPL-00000000428', 4, 'LAXING', 7, 3, 9, 'STRP', '1', '2022-12-01', 2916, 3208, 3689, 3946, 3529, 0),
(492, 'OMF-KPL-00000000429', 4, 'CEREBROVIT EXCEL', 7, 5, 1, 'BOX', '1', '2022-12-01', 16630, 18293, 21037, 22500, 20122, 0),
(493, 'OMF-CEM-00000000430', 9, 'DAKTARIN CR 10 GR', 2, 20, 2, 'TUBE', '1', '2024-03-25', 32970, 36267, 41708, 44609, 39894, 0),
(494, 'OMF-CEM-00000000431', 9, 'DAKTARIN CR 5 GR', 2, 5, 0, 'TUBE', '1', '2022-12-01', 20895, 22984, 26432, 28270, 25282, 0),
(495, 'OMF-KPL-00000000432', 4, 'KEJI BELING', 7, 8, 2, 'STRP', '1', '2022-12-01', 4266, 4693, 5397, 5772, 5162, 0),
(496, 'OMF-BTL-00000000433', 8, 'M. TELON KONICARE 30 ML', 7, 49, 3, 'PCS', '1', '2022-12-01', 11472, 12619, 14512, 15521, 13881, 0),
(497, 'OMF-BTL-00000000434', 8, 'M. TELON KONICARE 60 ML', 7, 49, 2, 'PCS', '1', '2022-12-01', 18408, 20249, 23286, 24906, 22274, 0),
(498, 'OMF-BTL-00000000435', 8, 'BETADIN SOL 60 ML', 7, 50, 1, 'PCS', '1', '2022-12-01', 34000, 37400, 43010, 46002, 41140, 0),
(499, 'OMF-BTL-00000000436', 8, 'BETADIN SOL 30 ML', 7, 50, 2, 'PCS', '1', '2022-12-01', 20292, 22321, 25669, 27455, 24553, 0),
(500, 'OMF-BTL-00000000437', 8, 'BETADIN SOL 15 ML', 7, 50, 1, 'PCS', '1', '2022-12-01', 12327, 13560, 15594, 16679, 14916, 0),
(501, 'OMF-BTL-00000000438', 8, 'CALLUSOL', 7, 103, 1, 'PCS', '1', '2022-12-01', 27192, 29911, 34398, 36791, 32902, 0),
(502, 'OMF-CEM-00000000439', 9, 'TRANSPULMIN 20 GR', 7, 15, 1, 'TUBE', '1', '2022-12-01', 56302, 61932, 71222, 76176, 68125, 0),
(503, 'OMF-CEM-00000000440', 9, 'TRANSPULMIN BB 20 GR', 7, 15, 1, 'TUBE', '1', '2022-12-01', 61353, 67488, 77611, 83010, 74237, 0),
(504, 'OMF-CEM-00000000441', 9, 'TRANSPULMIN BB 10 GR', 7, 15, 0, 'TUBE', '1', '2022-12-01', 44715, 49186, 56564, 60499, 54105, 0),
(505, 'OMF-CEM-00000000442', 9, 'PAINKILLA CR 30 GR', 7, 15, 1, 'TUBE', '1', '2022-12-01', 17886, 19675, 22626, 24200, 21642, 0),
(506, 'OMF-CEM-00000000443', 9, 'VOLTAREN GEL 20 GR', 7, 29, 1, 'TUBE', '1', '2022-12-01', 66215, 72836, 83761, 89588, 80120, 0),
(507, 'OMF-TBT-00000000444', 1, 'NEO NAPACIN TAB @4', 2, 49, 2, 'STRP', '1', '2022-12-01', 2355, 2590, 2978, 3186, 2849, 0),
(508, 'OMF-TBT-00000000445', 1, 'PARATUSIN TAB', 2, 14, 0, 'STRP', '1', '2022-12-01', 12233, 13456, 15474, 16551, 14802, 0),
(509, 'OMF-TBT-00000000446', 1, 'NEUROBION TAB (PUTIH)', 7, 23, 3, 'STRP', '1', '2022-12-01', 18728, 20601, 23691, 25339, 22661, 0),
(510, 'OMF-TBT-00000000447', 1, 'NEUROBION FORTE TAB (PINK)', 7, 23, 26, 'STRP', '1', '2022-12-01', 32386, 35625, 40969, 43819, 39188, 0),
(511, 'OMF-TBT-00000000448', 1, 'COMBANTRIN 125 MG TAB', 2, 42, 3, 'STRP', '125', '2022-12-01', 14434, 15877, 18259, 19529, 17465, 0),
(512, 'OMF-TBT-00000000449', 1, 'COMBANTRIN 250MG TAB', 2, 42, 25, 'STRP', '250', '2022-12-01', 14282, 15710, 18066, 19323, 17281, 0),
(513, 'OMF-TBT-00000000450', 1, 'NEW DIATAB TAB @4', 1, 14, 5, 'STRP', '1', '2022-12-01', 2026, 2229, 2563, 2742, 2452, 0),
(514, 'OMF-TBT-00000000451', 1, 'EYEVIT TAB', 7, 1, 18, 'STRP', '1', '2022-12-01', 27000, 29700, 34155, 36531, 32670, 0),
(515, 'OMF-TBT-00000000452', 14, 'REDOXON @10', 7, 54, 4, 'PCS', '1', '2022-12-01', 36880, 40568, 46653, 49899, 44625, 0),
(516, 'OMF-TBT-00000000453', 1, 'STIMUNO BTL @30', 7, 26, 1, 'BTL', '1', '2022-12-01', 60098, 66108, 76024, 81313, 72719, 0),
(517, 'OMF-TBT-00000000454', 1, 'STIMUNO TAB', 7, 26, 1, 'BOX', '1', '2022-12-01', 25477, 28025, 32229, 34471, 30828, 0),
(518, 'OMF-TBT-00000000455', 1, 'SP TROCES ALL VARR', 7, 107, 20, 'STRP', '1', '2022-12-01', 5682, 6250, 7188, 7688, 6875, 0),
(519, 'OMF-BTL-00000000456', 8, 'M. TAWON CC', 7, 106, 3, 'PCS', '1', '2022-12-01', 18000, 19800, 22770, 24354, 21780, 0),
(520, 'OMF-BTL-00000000457', 8, 'M. TAWON DD', 7, 106, 2, 'PCS', '1', '2022-12-01', 24417, 26859, 30888, 33037, 29545, 0),
(521, 'OMF-BTL-00000000458', 8, 'M. TAWON EE', 7, 106, 2, 'PCS', '1', '2022-12-01', 40042, 44046, 50653, 54177, 48451, 0),
(522, 'OMF-SRP-00000000459', 2, 'OBAT BATUK IBU DAN ANAK (OBIDA) 150 ML', 8, 8, 1, 'BTL', '1', '2022-12-01', 37121, 40833, 46958, 50225, 44917, 0),
(523, 'OMF-SRP-00000000460', 2, 'LASERIN 110 ML', 7, 36, 1, 'BTL', '1', '2022-12-01', 17559, 19315, 22212, 23757, 21246, 0),
(524, 'OMF-SRP-00000000461', 2, 'LASERIN 60 ML', 7, 36, 4, 'BTL', '1', '2022-12-01', 9055, 9960, 11454, 12251, 10956, 0),
(525, 'OMF-SRP-00000000462', 2, 'LASERIN MADU 100 ML', 7, 36, 1, 'BTL', '1', '2022-12-01', 18747, 20622, 23715, 25365, 22684, 0),
(526, 'OMF-SRP-00000000463', 2, 'LASERIN MADU 60 ML', 7, 36, 1, 'BTL', '1', '2022-12-01', 11105, 12216, 14048, 15026, 13438, 0),
(527, 'OMF-TBT-00000000464', 1, 'LANCAR ASI', 7, 36, 1, 'BOX', '1', '2022-12-01', 45580, 50138, 57659, 61670, 55152, 0),
(528, 'OMF-KPL-00000000465', 4, 'ASIFIT', 7, 78, 1, 'BOX', '1', '2022-12-01', 61046, 67151, 77224, 82596, 73866, 0),
(529, 'OMF-SRP-00000000466', 2, 'GUANISTREP SYR', 1, 40, 2, 'BTL', '1', '2022-12-01', 5375, 5912, 6799, 7272, 6503, 0),
(530, 'OMF-AKS-00000000467', 7, 'PENTIL DOT HUKY', 4, 8, 18, 'PCS', '1', '2022-12-01', 5886, 6475, 7446, 7964, 7122, 0),
(531, 'OMF-BTL-00000000468', 8, 'LACTACYD FEMINE HYGINE 150 ML', 7, 9, 1, 'PCS', '1', '2022-12-01', 56969, 62666, 72066, 77079, 68933, 0),
(532, 'OMF-BTL-00000000469', 8, 'LACTACYD FEMINE HYGINE 60 ML', 7, 9, 1, 'PCS', '1', '2022-12-01', 24597, 27057, 31116, 33280, 29763, 0),
(533, 'OMF-BTL-00000000470', 8, 'LACTACYD BABY 150 ML', 7, 9, 1, 'PCS', '1', '2022-12-01', 60646, 66711, 76718, 82055, 73382, 0),
(534, 'OMF-BTL-00000000471', 8, 'ACNOL LOTION', 7, 19, 1, 'PCS', '1', '2022-12-01', 12895, 14184, 16312, 17446, 15602, 0),
(535, 'OMF-SRP-00000000472', 2, 'ACTIFED DM (MERAH) SYR', 2, 29, 0, 'BTL', '1', '2022-12-01', 51065, 56172, 64598, 69092, 61789, 0),
(536, 'OMF-SRP-00000000473', 2, 'ACTIFED EXP (HIJAU) SYR', 2, 29, 0, 'BTL', '1', '2022-12-01', 51065, 56172, 64598, 69092, 61789, 0),
(537, 'OMF-BTL-00000000474', 8, 'DETTOL LIQUID 50 ML', 7, 100, 1, 'PCS', '1', '2022-12-01', 7109, 7820, 8993, 9619, 8602, 0),
(538, 'OMF-BTL-00000000475', 8, 'DETTOL LIQUID 100 ML', 7, 100, 1, 'PCS', '1', '2022-12-01', 15631, 17194, 19773, 21149, 18913, 0),
(539, 'OMF-BTL-00000000476', 8, 'DETTOL LIQUID 250 ML', 7, 100, 1, 'BTL', '1', '2022-12-01', 38155, 41970, 48266, 51623, 46167, 0),
(540, 'OMF-BTL-00000000477', 8, 'DETTOL LIQUID 450 ML', 7, 100, 1, 'BTL', '1', '2022-12-01', 75819, 83401, 95911, 102583, 91741, 0),
(541, 'OMF-BTL-00000000478', 8, 'DETTOL LIQUID 750 ML', 7, 100, 1, 'TAB', '1', '2022-12-01', 106906, 117597, 135237, 144644, 129357, 0),
(542, 'OMF-AKS-00000000479', 7, 'BREAST PTMP DODO', 4, 8, 2, 'PCS', '1', '2021-12-01', 15552, 17107, 19673, 21042, 18818, 0),
(543, 'OMF-AKS-00000000480', 7, 'NATESH PANTYLINER', 4, 8, 1, 'PCS', '1', '2022-11-01', 23004, 25304, 29100, 31124, 27834, 0),
(544, 'OMF-AKS-00000000481', 7, 'HUKI COTTON BUD DEWASA', 4, 8, 1, 'BTL', '1', '2022-12-01', 9142, 10056, 11564, 12369, 11062, 0),
(545, 'OMF-AKS-00000000482', 7, 'HUKI COTTON BUD BAYI', 4, 8, 1, 'PCS', '1', '2012-12-01', 8372, 9209, 10590, 11327, 10130, 0),
(546, 'OMF-SRP-00000000483', 2, 'AMBROXOL SYR ERELA', 3, 7, 1, 'BTL', '1', '2022-06-01', 4100, 4510, 5186, 5547, 4961, 0),
(547, 'OMF-TBT-00000000484', 1, 'AMOXSAN TAB', 3, 22, 20, 'TAB', '500', '2022-09-01', 3200, 3520, 4048, 4330, 3872, 0),
(548, 'OMF-SRP-00000000485', 2, 'AMOXSAN DS', 3, 22, 1, 'BTL', '1', '2023-02-01', 22500, 24750, 28462, 30442, 27225, 0),
(549, 'OMF-SRP-00000000486', 2, 'AMOXSAN FORTE DS', 3, 22, 1, 'BTL', '1', '2023-03-01', 32000, 35200, 40480, 43296, 38720, 0),
(550, 'OMF-TBT-00000000487', 1, 'ARDIUM 1000 MG @30', 8, 58, 20, 'TAB', '1000', '2024-12-01', 15400, 16940, 19481, 20836, 18634, 0),
(551, 'OMF-CEM-00000000488', 9, 'BENZOLAC-CL', 3, 109, 1, 'TUBE', '1', '2023-04-01', 29137, 32051, 36859, 39423, 35256, 0),
(552, 'OMF-CEM-00000000489', 9, 'BETASON-N', 3, 78, 1, 'TUBE', '1', '2022-09-01', 13475, 14822, 17045, 18231, 16304, 0),
(553, 'OMF-CEM-00000000490', 9, 'BETASON CR', 3, 78, 1, 'TUBE', '1', '2023-03-01', 13476, 14824, 17048, 18234, 16306, 0),
(554, 'OMF-TBT-00000000491', 1, 'CANDESARTAN 8 MG DEXA', 3, 26, 0, 'TAB', '8', '2022-09-01', 4956, 5452, 6270, 6706, 5997, 0),
(555, 'OMF-TBT-00000000492', 1, 'CAPTOPRIL 50 MG DEXA', 3, 26, 30, 'TAB', '50', '2023-09-01', 225, 248, 285, 305, 273, 0),
(556, 'OMF-TBT-00000000493', 1, 'CEFAT 500 MG', 3, 22, 20, 'TAB', '500', '2022-06-01', 101455, 111600, 128340, 137268, 122760, 0),
(557, 'OMF-TBT-00000000494', 1, 'CATAFLAM 50 MG', 3, 77, 42, 'TAB', '1', '2023-08-01', 5844, 6428, 7393, 7907, 7071, 0),
(558, 'OMF-TBT-00000000495', 1, 'CEFAT DS', 3, 22, 1, 'BTL', '1', '2022-10-01', 42909, 47200, 54280, 58056, 51920, 0),
(559, 'OMF-SRP-00000000496', 2, 'CEFAT FORTE DS', 3, 22, 1, 'BTL', '1', '2022-10-01', 74100, 81510, 93736, 100257, 89661, 0),
(560, 'OMF-BTL-00000000497', 8, 'CENDO CENFRESH ED', 3, 110, 1, 'PCS', '1', '2022-11-29', 34909, 38400, 44160, 47232, 42240, 0),
(561, 'OMF-BTL-00000000498', 8, 'CENDO XITROL ED', 3, 110, 1, 'PCS', '1', '2023-05-01', 27250, 29975, 34471, 36869, 32972, 0),
(562, 'OMF-CEM-00000000499', 9, 'CENDO XITROL EO', 3, 110, 1, 'BTL', '1', '2022-12-01', 35875, 39462, 45381, 48538, 43408, 0),
(563, 'OMF-TBT-00000000500', 1, 'CERINI TAB', 3, 22, 25, 'TAB', '10', '2024-10-01', 3430, 3773, 4339, 4641, 4150, 0),
(564, 'OMF-SRP-00000000501', 2, 'CERINI SYR', 3, 22, 1, 'BTL', '1', '2023-02-01', 39800, 43780, 50347, 53849, 48158, 0),
(565, 'OMF-CEM-00000000502', 9, 'CINOLON CR', 3, 22, 2, 'TUBE', '1', '2023-12-01', 16400, 18040, 20746, 22189, 19844, 0),
(566, 'OMF-TBT-00000000503', 1, 'CPG @30', 3, 5, 20, 'TAB', '75', '2023-01-01', 17000, 18700, 21505, 23001, 20570, 0),
(567, 'OMF-SCT-00000000504', 15, 'DARYANT-TULLE', 3, 14, 2, 'SACH', '1', '2022-09-01', 18728, 20601, 23691, 25339, 22661, 0),
(568, 'OMF-TBT-00000000505', 1, 'DEXTAMINe TAB', 3, 46, 20, 'TAB', '1', '2022-12-01', 1650, 1815, 2087, 2232, 1996, 0),
(569, 'OMF-TBT-00000000506', 1, 'DEXTEEM PLUS TAB', 3, 7, 160, 'TAB', '1', '2022-12-01', 294, 323, 371, 397, 355, 0),
(570, 'OMF-CEM-00000000507', 9, 'DIGENTA CR', 3, 32, 0, 'TU\\', '1', '2022-12-01', 88000, 96800, 111320, 119064, NULL, 1),
(571, 'OMF-CEM-00000000508', 9, 'DIGENTA CR', 3, 32, 0, 'TUBE', '1', '2022-12-01', 88000, 96800, 111320, 119064, 106480, 0),
(572, 'OMF-SRP-00000000509', 2, 'ELKANA SYR', 7, 5, 1, 'BTL', '1', '2022-12-01', 23133, 25446, 29263, 31299, 27991, 0),
(573, 'OMF-SRP-00000000510', 2, 'EPEXOL SYR', 3, 22, 1, 'BTL', '1', '2022-12-01', 17300, 19030, 21884, 23407, 20933, 0),
(574, 'OMF-TBT-00000000511', 1, 'EUTHYROX 100 MCG TAB @25', 3, 23, 25, 'TAB', '100', '2022-12-01', 2654, 2919, 3357, 3590, 3211, 0),
(575, 'OMF-SPO-00000000512', 17, 'FAKTU SUPP @10', 3, 46, 10, 'SUPP', '1', '2022-12-01', 7456, 8202, 9432, 10088, 9022, 0),
(576, 'OMF-SRP-00000000513', 2, 'FARMACROL FORTE SYR 200 ML', 1, 47, 1, 'BTL', '1', '2023-04-01', 53000, 58300, 67045, 71709, 64130, 0),
(577, 'OMF-SRP-00000000514', 2, 'FERLIN DROP', 7, 14, 1, 'BTL', '1', '2022-10-01', 33000, 36300, 41745, 44649, 39930, 0),
(578, 'OMF-SPO-00000000515', 17, 'FLADYSTIN OVULA @10', 3, 26, 10, 'SUPP', '1', '2023-01-01', 15000, 16500, 18975, 20295, 18150, 0),
(579, 'OMF-BTL-00000000516', 8, 'FLAMAR E.D', 3, 22, 1, 'BTL', '1', '2023-01-01', 37650, 41415, 47627, 50940, 45556, 0),
(580, 'OMF-GEL-00000000517', 11, 'FLAMAR EMULGEL', 3, 22, 1, 'TUBE', '1', '2023-09-01', 16400, 18040, 20746, 22189, 19844, 0),
(581, 'OMF-TBT-00000000518', 1, 'FOLAVIT 1000 IU', 1, 22, 20, 'TAB', 'TAB', '2023-06-01', 1910, 2101, 2416, 2584, 2311, 0),
(582, 'OMF-TBT-00000000519', 1, 'FORNEURO CAPS', 7, 5, 12, 'TAB', '1', '2022-09-01', 5400, 5940, 6831, 7306, 6534, 0),
(583, 'OMF-CEM-00000000520', 9, 'GENTAMICIN SK 0.1%', 3, 7, 1, 'TUBE', '1', '2023-02-01', 3300, 3630, 4174, 4465, 3993, 0),
(584, 'OMF-TBT-00000000521', 1, 'HB-VIT @30', 7, 2, 12, 'TAB', '1', '2022-09-01', 3100, 3410, 3922, 4194, 3751, 0),
(585, 'OMF-CEM-00000000522', 9, 'HYDROCORTISON CR', 3, 5, 2, 'TUBE', '1', '2026-10-02', 4800, 5280, 6072, 6494, 5808, 0),
(586, 'OMF-TBT-00000000523', 1, 'IBUPROFEN 400 MG', 2, 111, 21, 'TAB', '400', '2023-01-02', 482, 530, 610, 652, 583, 0),
(587, 'OMF-BTL-00000000524', 8, 'ILIADIN NASAL DROP', 2, 23, 1, 'PCS', '1', '2022-06-01', 57010, 62711, 72118, 77135, 68982, 0),
(588, 'OMF-CEM-00000000525', 9, 'INERSON CR', 3, 32, 4, 'TUBE', '1', '2025-09-01', 79475, 87422, 100536, 107530, 96165, 0),
(589, 'OMF-SRP-00000000526', 2, 'INPEPSA SYR 200 ML', 3, 47, 2, 'BTL', '1', '2023-02-01', 85000, 93500, 107525, 115005, 102850, 0),
(590, 'OMF-TBT-00000000527', 1, 'ISOSORBIN DINITRAT @100', 3, 112, 100, 'TAB', '5', '2023-04-01', 110, 121, 139, 149, 133, 0),
(591, 'OMF-CEM-00000000528', 9, 'KALPANAX CR 5 GR', 2, 5, 1, 'TUBE', '1', '2022-10-01', 10591, 11650, 13398, 14330, 12815, 0),
(592, 'OMF-SRP-00000000529', 2, 'KANDISTATIN DROP', 3, 52, 0, 'BTL', '1', '2022-09-01', 38500, 42350, 48702, 52090, 46585, 0),
(593, 'OMF-TBT-00000000530', 1, 'LAMESON 4 MG', 3, 1, 69, 'TAB', '8', '2024-06-01', 3400, 3740, 4301, 4600, 4114, 0),
(594, 'OMF-KPL-00000000531', 4, 'LASAL 2', 3, 1, 25, 'KAPS', '2', '2024-04-15', 37500, 41250, 47438, 50738, 45375, 0),
(595, 'OMF-SRP-00000000532', 2, 'LASAL EXP SYR', 3, 1, 2, 'BTL', '1', '2023-05-01', 37500, 41250, 47438, 50738, 45375, 0),
(596, 'OMF-KPL-00000000533', 4, 'MECOBALAMIN 500 MCG NOVEL', 3, 10, 20, 'CAPS', '500', '2023-03-01', 700, 770, 886, 947, 847, 0),
(597, 'OMF-TBT-00000000534', 1, 'MEDIAMER B6', 3, 14, 30, 'TAB', '1', '2023-01-01', 2703, 2973, 3419, 3657, 3270, 0),
(598, 'OMF-GEL-00000000535', 11, 'MEDIKLIN GEL', 3, 109, 1, 'TUBE', '1', '2023-04-01', 22900, 25190, 28968, 30984, 27709, 0),
(599, 'OMF-TBT-00000000536', 1, 'MEFINAL 500 MG', 3, 22, 90, 'TAB', '500 MG', '2022-04-01', 1337, 1471, 1692, 1809, 1618, 0),
(600, 'OMF-CEM-00000000537', 9, 'METCOVAZIN HIJAU 50 GR', 1, 113, 1, 'TUBE', '1', '2023-11-01', 120000, 132000, 151800, 162360, 145200, 0),
(601, 'OMF-TBT-00000000538', 1, 'METRONIDAZOLE 500 MG RAMA', 3, 113, 30, 'TAB', '500', '2023-11-01', 310, 341, 392, 419, 375, 0),
(602, 'OMF-TBT-00000000539', 1, 'MYCORAL TAB', 3, 5, 45, 'TAB', '200', '2022-06-01', 4200, 4620, 5313, 5683, 5082, 0),
(603, 'OMF-CEM-00000000540', 9, 'MYCORAL CREAM', 3, 5, 2, 'TUBE', '1', '2022-10-01', 13000, 14300, 16445, 17589, 15730, 0),
(604, 'OMF-TBT-00000000541', 1, 'NEURALGIN TAB', 3, 5, 70, 'TAB', '1', '2022-06-01', 750, 825, 949, 1015, 908, 0),
(605, 'OMF-BTL-00000000542', 8, 'PIGGY BACK NACL 100 ML OTSU', 3, 114, 0, 'BTL', '1', '2022-12-01', 18818, 20700, 23805, 25461, 22770, 0),
(606, 'OMF-CEM-00000000543', 9, 'PIROTOP 5 GR', 3, 109, 1, 'TUBE', '1', '2022-12-01', 37800, 41580, 47817, 51143, 45738, 0),
(607, 'OMF-TBT-00000000544', 1, 'PIROXICAM TAB 10 MG YARINDO', 3, 112, 20, 'TAB', '10', '2022-09-01', 110, 121, 139, 149, 133, 0),
(608, 'OMF-TBT-00000000545', 1, 'PIROXICAM TAB 20 MG YARINDO', 3, 112, 200, 'TAB', '20', '2023-08-01', 180, 198, 228, 244, 218, 0),
(609, 'OMF-TBT-00000000546', 1, 'PRIMPERAN 10 MG', 3, 3, 10, 'TAB', '10', '2023-06-01', 1250, 1375, 1581, 1691, 1512, 0),
(610, 'OMF-TBT-00000000547', 1, 'PRIMPERAN 5 MG', 3, 3, 20, 'TAB', '5', '2023-04-01', 840, 924, 1063, 1137, 1016, 0),
(611, 'OMF-SRP-00000000548', 2, 'PROSPAN SYR 100 ML', 7, 3, 0, 'BTL', '1', '2022-11-01', 67700, 74470, 85640, 91598, 81917, 0),
(612, 'OMF-SRP-00000000549', 2, 'RANIVEL SYR', 3, 10, 1, 'BTL', '1', '2023-02-05', 55091, 60600, 69690, 74538, 66660, 0),
(613, 'OMF-CEM-00000000550', 9, 'REFAQUIN CR', 3, 109, 2, 'TUBE', '1', '2022-09-01', 62600, 68860, 79189, 84698, 75746, 0),
(614, 'OMF-BTL-00000000551', 8, 'WIDA RL 500 ML', 3, 115, 20, 'BTL', '1', '2025-05-01', 7030, 7733, 8893, 9512, 8506, 0),
(615, 'OMF-BTL-00000000552', 8, 'SANBE TEARS', 3, 22, 1, 'BTL', '1', '2022-12-01', 22090, 24299, 27944, 29888, 26729, 0),
(616, 'OMF-TBT-00000000553', 1, 'SANMOL FORTE TAN @4', 1, 22, 0, 'TAB', '650', '2022-09-01', 323, 355, 408, 437, 390, 0),
(617, 'OMF-TBT-00000000554', 1, 'SIMFIX 100 MG KAPS', 3, 2, 10, 'TAB', '100', '2022-02-01', 16700, 18370, 21126, 22595, 20207, 0),
(618, 'OMF-SRP-00000000555', 2, 'SIRPLUS ALL VARR', 1, 21, 4, 'BTL', '1', '2023-01-01', 13000, 14300, 16445, 17589, 15730, 0),
(619, 'OMF-TBT-00000000556', 1, 'SISTENOL @10', 3, 26, 0, 'tab', '1', '2023-01-04', 2000, 2200, 2530, 2706, NULL, 1),
(620, 'OMF-TBT-00000000557', 1, 'SISTENOL @10', 3, 26, 120, 'TAB', '1', '2023-01-04', 2000, 2200, 2530, 2706, 2420, 0),
(621, 'OMF-TBT-00000000558', 1, 'TRIZEDON MR 35 MG', 3, 14, 30, 'TAB', '35', '2023-12-01', 3921, 4313, 4960, 5305, 4744, 0),
(622, 'OMF-KPL-00000000559', 4, 'VIP ALBUMIN CAPS @30', 7, 116, 60, 'CAPS', '1', '2023-06-01', 6669, 7336, 8436, 9023, 8070, 0),
(623, 'OMF-SCT-00000000560', 15, 'VIP ALBUMIN SACH @3', 7, 116, 3, 'SACH', '1', '2023-05-01', 66682, 73350, 84352, 90220, 80685, 0),
(624, 'OMF-BTL-00000000561', 8, 'WIDA NS 500 ML', 3, 115, 2, 'BTL', '1', '2026-02-07', 6854, 7539, 8670, 9273, 8293, 0),
(625, 'OMF-TBT-00000000562', 1, 'ZINC TAB indofarma @100', 2, 120, 115, 'TAB', '20', '2022-11-01', 614, 675, 776, 830, 742, 0),
(626, 'OMF-SRP-00000000563', 2, 'ZAMEL DROP', 7, 10, 1, 'BTL', '1', '2022-12-01', 39545, 43500, 50025, 53505, 47850, 0),
(627, 'OMF-TBT-00000000564', 1, 'ACARBOSE 100 MG DEXA', 3, 26, 10, 'TAB', '100', '2022-12-01', 2072, 2279, 2621, 2803, 2507, 0),
(628, 'OMF-TBT-00000000565', 1, 'ACARBOSE 50 MG DEXA', 3, 26, 20, 'TAB', '50', '2022-12-01', 1269, 1396, 1605, 1717, 1536, 0),
(629, 'OMF-SRP-00000000566', 2, 'ACTIFED FLU (ORANGE) SYR\'', 2, 29, 0, 'BTL', '1', '2022-12-01', 50727, 55800, 64170, 68634, 61380, 0),
(630, 'OMF-TBT-00000000567', 1, 'ACETYLCYSTEIN 200 MG CAPS NULAB', 3, 117, 315, 'CAPS', '200', '2022-12-01', 1000, 1100, 1265, 1353, 1210, 0),
(631, 'OMF-TBT-00000000568', 1, 'AMARYL M 2/500 TAB', 3, 118, 40, 'TAB', '1', '2022-12-01', 6810, 7491, 8615, 9214, 8240, 0),
(632, 'OMF-TBT-00000000569', 1, 'AMARYL 2', 3, 118, 0, 'TAB', '2', '2022-12-01', 6637, 7301, 8396, 8980, 8031, 0),
(633, 'OMF-TBT-00000000570', 1, 'AMBROXOL TAB erela', 3, 7, 67, 'TAB', '30', '2022-12-01', 339, 373, 429, 459, 410, 0),
(634, 'OMF-SRP-00000000571', 2, 'AMOXICILIN DS', 3, 4, 1, 'BTL', '1', '2022-12-01', 10145, 11160, 12834, 13727, 12276, 0),
(635, 'OMF-TBT-00000000572', 1, 'ANDALAN TAB @28', 3, 34, 27, 'STRP', '1', '2022-12-01', 5934, 6527, 7506, 8028, 7180, 0),
(636, 'OMF-BTL-00000000573', 8, 'BAQUINOR E.D', 3, 22, 2, 'BTL', '1', '2022-12-01', 33850, 37235, 42820, 45799, 40958, 0),
(637, 'OMF-CEM-00000000574', 9, 'APOLAR CR', 3, 119, 1, 'TUBE', '1', '2022-12-01', 33818, 37200, 42780, 45756, 40920, 0),
(638, 'OMF-CEM-00000000575', 9, 'APOLAR-N CR', 3, 119, 2, 'TUBE', '1', '2022-12-01', 35700, 39270, 45160, 48302, 43197, 0),
(639, 'OMF-CEM-00000000576', 9, 'BENOSON CR 15 GR', 3, 28, 1, 'TUBE', '1', '2022-12-01', 35932, 39525, 45454, 48616, 43478, 0),
(640, 'OMF-CEM-00000000577', 9, 'BENOSON CR 5 GR', 3, 28, 1, 'TUBE', '1', '2022-12-01', 17661, 19427, 22341, 23895, 21370, 0),
(641, 'OMF-CEM-00000000578', 9, 'BENOSON-N CR 15 GR', 3, 28, 2, 'TUBE', '1', '2022-12-01', 35321, 38853, 44681, 47789, 42738, 0),
(642, 'OMF-CEM-00000000579', 9, 'BENZOLAC 2.5', 3, 109, 1, 'TUBE', '1', '2022-12-01', 17600, 19360, 22264, 23813, 21296, 0),
(643, 'OMF-CEM-00000000580', 9, 'BENZOLAC 5', 3, 109, 1, 'TUBE', '1', '2022-12-01', 17600, 19360, 22264, 23813, 21296, 0),
(644, 'OMF-TBT-00000000581', 1, 'BETAHISTI 6 MG TAB DEXA', 3, 26, 0, 'TAB', '6', '2022-12-01', 1015, 1116, 1283, 1373, 1228, 0),
(645, 'OMF-TBT-00000000582', 1, 'BIO-CAL 95 TAB @30', 1, 2, 0, 'TAB', '1', '2022-12-01', 4800, 5280, 6072, 6494, 5808, 0),
(646, 'OMF-GEL-00000000583', 11, 'BIOPLASENTON GEL', 3, 5, 1, 'TUBE', '1', '2022-12-01', 23673, 26040, 29946, 32029, 28644, 0),
(647, 'OMF-ONT-00000000584', 10, 'BORRAGINOL-N OINT', 3, 83, 1, 'TUBE', '1', '2022-12-01', 76091, 83700, 96255, 102951, 92070, 0),
(648, 'OMF-TBT-00000000585', 1, 'BUSCOPAN PLUS TAB @4', 3, 118, 100, 'TAB', '1', '2022-12-01', 4242, 4666, 5366, 5739, 5133, 0),
(649, 'OMF-TBT-00000000586', 1, 'BUSCOPAN TAB', 3, 118, 10, 'TAB', '1', '2022-12-01', 3340, 3674, 4225, 4519, 4041, 0),
(650, 'OMF-TBT-00000000587', 1, 'CAL-95 @30', 1, 1, 48, 'TAB', '1', '2022-12-01', 5666, 6233, 7168, 7667, 6856, 0),
(651, 'OMF-TBT-00000000588', 1, 'CANDERIN 16 MG @30', 3, 26, 10, 'TAB', '16', '2022-12-01', 8100, 8910, 10246, 10959, 9801, 0),
(652, 'OMF-TBT-00000000589', 1, 'CANDERIN 8 MG @30', 3, 26, 0, 'TAB', '8', '2022-12-01', 7000, 7700, 8855, 9471, 8470, 0),
(653, 'OMF-TBT-00000000590', 1, 'CANDESARTAN 16 MG DEXA', 3, 26, 0, 'TAB', '16', '2022-12-01', 770, 847, 974, 1042, 932, 0),
(654, 'OMF-TBT-00000000591', 1, 'CAPTOPRIL 12.5 MG @100 INDOFARMA', 3, 120, 100, 'TAB', '12.5', '2022-12-01', 170, 187, 215, 230, 206, 0),
(655, 'OMF-TBT-00000000592', 1, 'CAPTOPRIL 25 MG @100 INDOFARMA', 3, 120, 100, 'TAB', '25', '2022-12-01', 254, 279, 321, 343, 307, 0),
(656, 'OMF-SCT-00000000593', 15, 'CATAFLAM FAST', 3, 77, 2, 'SACH', '75', '2022-12-01', 8455, 9300, 10695, 11439, 10230, 0),
(657, 'OMF-TBT-00000000594', 1, 'CARBIDU TAB 0.5 MG', 3, 121, 190, 'TAB', '0.5', '2022-12-01', 255, 280, 322, 344, 308, 0),
(658, 'OMF-TBT-00000000595', 1, 'CATAFLAM 25 MG', 3, 77, 0, 'TAB', '25', '2022-12-01', 3298, 3628, 4172, 4462, 3991, 0),
(659, 'OMF-BTL-00000000596', 19, 'CENDO CENFRESH MD', 3, 110, 1, 'STRP', '1', '2022-12-01', 24518, 26970, 31016, 33173, 29667, 0),
(660, 'OMF-BTL-00000000597', 19, 'CENDO EYEFRESH MD', 3, 110, 1, 'STRP', '1', '2022-12-01', 25364, 27900, 32085, 34317, 30690, 0),
(661, 'OMF-BTL-00000000598', 19, 'CENDO TIMOL 0.25 % E.D', 3, 110, 1, 'BTL', '1', '2022-12-01', 32550, 35805, 41176, 44040, 39386, 0),
(662, 'OMF-TTA-00000000599', 19, 'CENDO TIMOL 0.5 N% E.D', 3, 110, 2, 'BTL', '1', '2022-12-01', 51150, 56265, 64705, 69206, 61892, 0),
(663, 'OMF-TTA-00000000600', 19, 'CENDO XITROL MD', 3, 110, 1, 'STRP', '1', '2022-12-01', 23209, 25530, 29360, 31402, 28083, 0),
(664, 'OMF-TBT-00000000601', 1, 'CORTIDEX 0.5 TAB', 3, 22, 20, 'TAB', '0.5', '2022-12-01', 339, 373, 429, 459, 410, 0),
(665, 'OMF-TBT-00000000602', 1, 'DEXAHARSEN 0.5', 3, 34, 50, 'TAB', '0.5', '2022-12-01', 213, 234, 269, 288, 257, 0),
(666, 'OMF-TBT-00000000603', 1, 'DEXAHARSEN 0.75', 3, 34, 30, 'TAB', '0.75', '2022-12-01', 254, 279, 321, 343, 307, 0),
(667, 'OMF-TBT-00000000604', 1, 'DIVASK 5', 3, 5, 30, 'TAB', '5', '2023-05-31', 6500, 7150, 8223, 8795, 7866, 0),
(668, 'OMF-TBT-00000000605', 1, 'DRAMAMIN TAB', 3, 48, 10, 'TAB', '50', '2022-12-01', 1902, 2092, 2406, 2573, 2301, 0),
(669, 'OMF-SRP-00000000606', 2, 'ELKANA CL 120 ML', 7, 22, 1, 'BTL', '1', '2022-12-01', 51150, 56265, 64705, 69206, 61892, 0),
(670, 'OMF-CEM-00000000607', 9, 'ELOCON CR 10 GR', 3, 122, 1, 'TUBE', '1', '2022-12-03', 110332, 121365, 139570, 149279, 133502, 0),
(671, 'OMF-CEM-00000000608', 9, 'ELOCON CR 5 GR', 3, 122, 1, 'TUBE', '1', '2022-12-01', 69327, 76260, 87699, 93800, 83886, 0),
(672, 'OMF-TBT-00000000609', 1, 'ERICAF TAB @100', 3, 30, 40, 'TAB', '1', '2022-12-03', 5640, 6204, 7135, 7631, 6824, 0),
(673, 'OMF-CEM-00000000610', 9, 'ESPERSON CR 15 GR', 3, 118, 1, 'TUBE', '140768', '2022-12-01', 140768, 154845, 178072, 190459, 170330, 0),
(674, 'OMF-CEM-00000000611', 9, 'ESPERSON CR 5 GR', 3, 118, 1, 'TUBE', '1', '2022-12-01', 57068, 62775, 72191, 77213, 69052, 0),
(675, 'OMF-TBT-00000000612', 1, 'EXAFLAM TAB 25 MG', 3, 123, 20, 'TAB', '25', '2022-12-01', 1945, 2140, 2461, 2632, 2354, 0),
(676, 'OMF-TBT-00000000613', 1, 'EXAFLAM TAB 50 MG', 3, 123, 0, 'TAB', '1', '2022-12-01', 3002, 3302, 3797, 4061, 3632, 0),
(677, 'OMF-ONT-00000000614', 10, 'FAKTU OINT', 3, 46, 2, 'TUBE', '1', '2022-12-01', 98400, 108240, 124476, 133135, 119064, 0),
(678, 'OMF-TBT-00000000615', 1, 'FAMOCID 40 MG', 3, 22, 60, 'TAB', '40', '2023-05-05', 5700, 6270, 7211, 7713, 6897, 0),
(679, 'OMF-KPL-00000000616', 18, 'FENOFIBRAT 200 MG CAPS medikon@20', 3, 72, 20, 'CAPS', '200', '2022-07-03', 4300, 4730, 5440, 5818, 5203, 0),
(680, 'OMF-TBT-00000000617', 1, 'FG TROCES @120', 3, 107, 140, 'TAB', '1', '2022-12-01', 1395, 1534, 1764, 1887, 1687, 0),
(681, 'OMF-TBT-00000000618', 1, 'FORBETES 500 MG', 3, 22, 20, 'TAB', '500', '2022-12-01', 1100, 1210, 1392, 1488, 1331, 0),
(682, 'OMF-TBT-00000000619', 1, 'FORBETES 850 MG', 3, 22, 20, 'TAB', '850', '2022-12-01', 1142, 1256, 1444, 1545, 1382, 0),
(683, 'OMF-CEM-00000000620', 9, 'FORMYCO CR 10 GR', 3, 22, 2, 'TUBE', '1', '2022-12-01', 18500, 20350, 23402, 25030, 22385, 0),
(684, 'OMF-TBT-00000000621', 1, 'FORMYCO TAB', 3, 22, 20, 'TAB', '200', '2022-12-01', 5496, 6046, 6953, 7437, 6651, 0),
(685, 'OMF-CEM-00000000622', 9, 'FULADIC CR 5 GR', 3, 123, 1, 'TUBE', '1', '2022-12-01', 53000, 58300, 67045, 71709, 64130, 0),
(686, 'OMF-TBT-00000000623', 1, 'GALVUS TAB 50 MG @28', 3, 77, 14, 'TAB', '50', '2022-12-01', 7942, 8736, 10046, 10745, 9610, 0),
(687, 'OMF-TBT-00000000624', 1, 'GALVUSMET 50/500 TAB @30', 3, 77, 30, 'TAB', '1', '2022-12-01', 8117, 8929, 10268, 10983, 9822, 0),
(688, 'OMF-TBT-00000000625', 1, 'GLUCODEX @30', 3, 26, 10, 'TAB', '80', '2022-12-31', 508, 559, 643, 688, 615, 0),
(689, 'OMF-TBT-00000000626', 1, 'GLUCOPHAGE 500 MG TAB @120', 3, 23, 20, 'TAB', '500', '2022-12-01', 2621, 2883, 3315, 3546, 3171, 0),
(690, 'OMF-TBT-00000000627', 1, 'GLUCOVANCE 2.5/500', 1, 23, 20, 'TAB', '1', '2022-12-01', 4228, 4651, 5349, 5721, 5116, 0),
(691, 'OMF-TBT-00000000628', 1, 'GLUCOVANCE 5/500', 3, 23, 20, 'TABLET', '1', '2022-12-01', 4820, 5302, 6097, 6521, 5832, 0),
(692, 'OMF-TBT-00000000629', 1, 'HARNAL D 2 TAB @28', 3, 11, 0, 'TAB', '0.2', '2022-12-01', 15822, 17404, 20015, 21407, 19144, 0),
(693, 'OMF-TBT-00000000630', 1, 'HEXAVASK 10 MG @50', 3, 98, 20, 'TAB', '10', '2022-12-01', 1607, 1768, 2033, 2175, 1945, 0),
(694, 'OMF-TBT-00000000631', 1, 'HEXAVASK 5 MG @50', 3, 98, 10, 'TAB', '5', '2022-12-01', 930, 1023, 1176, 1258, 1125, 0),
(695, 'OMF-TBT-00000000632', 1, 'HISTIGO 6 MG', 3, 6, 25, 'TAB', '6', '2022-12-01', 761, 837, 963, 1030, 921, 0),
(696, 'OMF-TBT-00000000633', 1, 'IMODIUM TAB 2 MG', 3, 48, 0, 'TAB', '2', '2022-12-01', 8032, 8835, 10160, 10867, 9718, 0),
(697, 'OMF-TBT-00000000634', 1, 'IRVASK 300 MG', 3, 5, 10, 'TAB', '300', '2022-12-01', 10696, 11766, 13531, 14472, 12943, 0),
(698, 'OMF-TBT-00000000635', 1, 'KADITIC 50 MG@50', 3, 6, 50, 'TAB', '50', '2022-12-01', 361, 397, 457, 488, 437, 0),
(699, 'OMF-BTL-00000000636', 8, 'KETOMED SHAMPO', 3, 109, 1, 'PCS', '1', '2022-12-01', 43118, 47430, 54544, 58339, 52173, 0),
(700, 'OMF-GEL-00000000637', 11, 'KETRICIN SALEB ORAL BASE 0,1%', 3, 26, 1, 'TUBE', '1', '2022-12-01', 48191, 53010, 60962, 65202, 58311, 0),
(701, 'OMF-TBT-00000000638', 1, 'LAPISTAN TAB @100', 3, 1, 50, 'TAB', '500', '2022-12-01', 1300, 1430, 1644, 1759, 1573, 0),
(702, 'OMF-TBT-00000000639', 1, 'LISINOPRIL 10 MG @100 DEXA', 3, 26, 30, 'TAB', '10', '2022-12-01', 761, 837, 963, 1030, 921, 0),
(703, 'OMF-TBT-00000000640', 1, 'MERTIGO 6 MG', 3, 26, 110, 'TAB', '6', '2022-12-01', 3400, 3740, 4301, 4600, 4114, 0),
(704, 'OMF-TBT-00000000641', 1, 'METHYLPREDNISOLON 8 MG YARINDO', 3, 112, 10, 'TAB', '8', '2022-12-01', 677, 745, 857, 916, 820, 0),
(705, 'OMF-BTL-00000000642', 24, 'MINOSEP GARGEL 0.2 % 150 ML (MERAH)', 2, 25, 1, 'BTL', '1', '2022-12-01', 43964, 48360, 55614, 59483, 53196, 0),
(706, 'OMF-GRL-00000000643', 24, 'MINOSEP GARGEL 0.1 % 150 ML (HIJAU)', 2, 25, 0, 'BTL', '1', '2022-12-01', 34664, 38130, 43850, 46900, 41943, 0),
(707, 'OMF-TBT-00000000644', 1, 'MUCOSTA TAB', 3, 114, 90, 'TAB', '100', '2022-12-01', 4498, 4948, 5690, 6086, 5443, 0),
(708, 'OMF-TBT-00000000645', 1, 'NEXIUM 40 @14', 3, 125, 7, 'TAB', '40', '2022-12-01', 24096, 26506, 30482, 32602, 29157, 0),
(709, 'OMF-TBT-00000000646', 1, 'NIFEDIPINE 10 MG', 3, 112, 100, 'TAB', '10]', '2022-12-01', 170, 187, 215, 230, 206, 0),
(710, 'OMF-KPL-00000000647', 18, 'NITROKAF RETARD 2.5 MG @100', 3, 78, 20, 'TAB', '2.5', '2022-12-01', 2663, 2929, 3368, 3603, 3222, 0),
(711, 'OMF-CEM-00000000648', 9, 'NIZORAL CR 5 GR', 2, 20, 1, 'TUBE', '1', '2022-12-01', 42695, 46964, 54009, 57766, 51660, 0),
(712, 'OMF-TBT-00000000649', 1, 'NORVASK 10 MG @30', 3, 105, 0, 'TAB', '10', '2022-12-01', 15219, 16741, 19252, 20591, 18415, 0),
(713, 'OMF-TBT-00000000650', 1, 'ONDANSENTRON 8 MG', 3, 112, 20, 'TAB', '8', '2022-12-01', 254, 279, 321, 343, 307, 0),
(714, 'OMF-CEM-00000000651', 9, 'OXYTETRACYCLIN SM 0.1%', 3, 78, 0, 'TUBE', '1', '2022-12-01', 2536, 2790, 3208, 3432, 3069, 0),
(715, 'OMF-TBT-00000000652', 1, 'PROPANOLOL 40 MG @100', 3, 26, 30, 'TAB', '40', '2022-12-01', 339, 373, 429, 459, 410, 0),
(716, 'OMF-SRP-00000000653', 2, 'PROPEPSA SYR 60 ML', 3, 21, 1, 'BTL', '1', '2022-12-01', 55227, 60750, 69862, 74722, 66825, 0),
(717, 'OMF-TBT-00000000654', 1, 'PROPYLTHIURACIL @100', 3, 26, 30, 'TAB', '100', '2022-12-01', 550, 605, 696, 744, 666, 0),
(718, 'OMF-TTA-00000000655', 19, 'RECCO EYE DROP', 3, 127, 1, 'BTL', '1', '2022-12-01', 7500, 8250, 9488, 10148, 9075, 0),
(719, 'OMF-TBT-00000000656', 1, 'RENABETIC', 3, 103, 100, 'TAB', '5', '2022-12-01', 254, 279, 321, 343, 307, 0),
(720, 'OMF-SRP-00000000657', 2, 'RHINOFED SYR', 2, 26, 1, 'BTL', '1', '2022-12-01', 34664, 38130, 43850, 46900, 41943, 0),
(721, 'OMF-TBT-00000000658', 1, 'RHINOFED TAB', 3, 26, 0, 'TAB', '1', '2022-12-01', 2199, 2419, 2782, 2975, 2661, 0),
(722, 'OMF-SRP-00000000659', 2, 'RHINOS NEO DROP', 2, 26, 1, 'BTL', '1', '2022-12-01', 58336, 64170, 73796, 78929, 70587, 0),
(723, 'OMF-KPL-00000000660', 18, 'RHINOS SR @50', 3, 26, 0, 'CAPS', '1', '2022-12-01', 6933, 7626, 8770, 9380, 8389, 1),
(724, 'OMF-BTL-00000000661', 8, 'WIDA RL 500 ML', 3, 115, 0, 'BTL', '1', '2022-12-01', 8455, 9300, 10695, 11439, NULL, 1),
(725, 'OMF-CEM-00000000662', 9, 'SAGESTAM CR SK', 3, 22, 2, 'TAB', '1', '2022-12-01', 12300, 13530, 15560, 16642, 14883, 0),
(726, 'OMF-TBT-00000000663', 1, 'SANMETIDIN', 3, 22, 20, 'TAB', '200', '2022-12-01', 17755, 19530, 22460, 24022, 21483, 0),
(727, 'OMF-TBT-00000000664', 1, 'TEOSAL TAB @100', 3, 26, 120, 'TAB', '1', '2022-12-01', 190, 209, 240, 257, 230, 0),
(728, 'OMF-KPL-00000000665', 18, 'THEOBRON CAPS @100', 2, 32, 0, 'CAPS', '30', '2022-12-01', 2621, 2883, 3315, 3546, 3171, 0),
(729, 'OMF-TBT-00000000666', 1, 'THROMBO ASPILET 80 MG @150', 3, 14, 60, 'TAB', '80', '2022-12-01', 888, 977, 1124, 1202, 1075, 0),
(730, 'OMF-TBT-00000000667', 1, 'THYROZOLE 10 MG', 3, 23, 30, 'TAB', '10', '2022-12-01', 5237, 5761, 6625, 7086, 6337, 0),
(731, 'OMF-CEM-00000000668', 9, 'TOPCORT CR 10GR', 3, 22, 2, 'TUBE', '1', '2022-12-01', 24518, 26970, 31016, 33173, 29667, 0),
(732, 'OMF-SRP-00000000669', 2, 'TRIAMINIC PILEK SYR', 3, 108, 1, 'BTL', '1', '2022-12-01', 64255, 70680, 81282, 86936, 77748, 0),
(733, 'OMF-TBT-00000000670', 1, 'TRICHODAZOLE 500 MG TAB', 3, 22, 20, 'TAB', '500', '2022-12-01', 2114, 2325, 2674, 2860, 2558, 0),
(734, 'OMF-TBT-00000000671', 1, 'TRIFED TAB @50', 3, 32, 0, 'TAB', '1', '2022-12-01', 3298, 3628, 4172, 4462, NULL, 1),
(735, 'OMF-TBT-00000000672', 1, 'TRILAC 4 MG TAB @30', 3, 10, 20, 'TAB', '4', '2022-12-01', 3551, 3906, 4492, 4804, 4297, 0),
(736, 'OMF-TBT-00000000673', 1, 'URDAHEX 250 MG TAB', 3, 98, 5, 'TAB', '250', '2022-12-01', 10357, 11393, 13102, 14013, 12532, 0),
(737, 'OMF-CEM-00000000674', 9, 'VITACID 0.1% CR', 3, 109, 1, 'TUBE', '1', '2022-12-01', 47345, 52080, 59892, 64058, 57288, 0),
(738, 'OMF-CEM-00000000675', 9, 'VITACID 0.025% CR', 3, 109, 1, 'TUBE', '1', '2022-12-01', 24518, 26970, 31016, 33173, 29667, 0),
(739, 'OMF-CEM-00000000676', 9, 'VITACID 0.05% CR', 3, 109, 1, 'TUBE', '1', '2022-12-01', 39990, 43989, 50587, 54106, 48388, 0),
(740, 'OMF-TBT-00000000677', 1, 'VOLTADEX 50 MG @50', 3, 26, 100, 'TAB', '50', '2022-12-01', 450, 495, 570, 609, 545, 0),
(741, 'OMF-SRP-00000000678', 2, 'VOMETA DROP', 3, 26, 1, 'BTL', '1', '2022-12-01', 48191, 53010, 60962, 65202, 58311, 0),
(742, 'OMF-TBT-00000000679', 1, 'VOMETA FT TAB', 3, 26, 10, 'TAB', '10', '2022-12-01', 4312, 4743, 5454, 5834, 5217, 0),
(743, 'OMF-SRP-00000000680', 2, 'VOSEDON SYR', 3, 22, 1, 'BTL', '1', '2022-12-01', 34282, 37710, 43366, 46383, 41481, 0),
(744, 'OMF-TBT-00000000681', 1, 'VOSEDON TAB', 3, 22, 0, 'TAB', '10', '2022-12-01', 2537, 2791, 3210, 3433, 3070, 0),
(745, 'OMF-TBT-00000000682', 1, 'WIROS @100', 3, 40, 130, 'TAB', '20', '2022-12-01', 423, 465, 535, 572, 512, 0),
(746, 'OMF-TBT-00000000683', 1, 'ZYLORIC 100 MG', 3, 29, 20, 'TAB', '100', '2022-12-01', 2368, 2605, 2996, 3204, 2866, 0),
(747, 'OMF-TBT-00000000684', 1, 'ZYLORIC 300 MG', 3, 29, 20, 'TAB', '300', '2022-12-01', 5158, 5674, 6525, 6979, 6241, 0),
(748, 'OMF-KPL-00000000685', 18, 'DOBRIZOL CAPS @30', 3, 6, 65, 'CAPS', '30', '2024-06-01', 1625, 1788, 2056, 2199, 1967, 0),
(749, 'OMF-TTA-00000000686', 20, 'ERLAMICETIN  TETES TELINGA', 3, 7, 1, 'BTL', '1', '2024-03-01', 8000, 8800, 10120, 10824, 9680, 0),
(750, 'OMF-TBT-00000000687', 1, 'FARSIFEN 400 MG @100', 3, 6, 62, 'TAB', '400', '2025-06-01', 496, 546, 628, 672, 601, 0),
(751, 'OMF-TBT-00000000688', 1, 'LATIBET @100', 3, 6, 100, 'TAB', '5', '2023-04-01', 230, 253, 291, 311, 278, 0),
(752, 'OMF-BTL-00000000689', 8, 'ANTIS SPRAY 55 ML JERUK NIPIS', 7, 55, 141, 'BTL', '1', '2023-05-01', 10200, 11220, 12903, 13801, 12342, 0),
(753, 'OMF-KPL-00000000690', 18, 'OBESLIM @30', 3, 1, 30, 'CAPS', '240', '2024-04-01', 8500, 9350, 10752, 11500, 10285, 0),
(754, 'OMF-TBT-00000000691', 1, 'L-VIT D3 5000 @30', 3, 1, 260, 'TAB', '5000', '2023-06-01', 3300, 3630, 4174, 4465, 3993, 0),
(755, 'OMF-KPL-00000000692', 18, 'L-BIO CAPS @30', 1, 1, 10, 'CAPS', '1', '2023-05-01', 7000, 7700, 8855, 9471, 8470, 0),
(756, 'OMF-SRP-00000000693', 2, 'NORAGES DROP', 3, 21, 1, 'BTL', '1', '2024-11-01', 39000, 42900, 49335, 52767, 47190, 0),
(757, 'OMF-TBT-00000000694', 1, 'SIMZEN TAB @30', 3, 2, 15, 'TAB', '10', '2025-03-01', 3600, 3960, 4554, 4871, 4356, 0),
(758, 'OMF-SRP-00000000695', 2, 'SIMZEN DROP', 3, 2, 1, 'BTL', '1', '2024-03-01', 60000, 66000, 75900, 81180, 72600, 0),
(759, 'OMF-TBT-00000000696', 1, 'NUTRIMAMA 1 @15', 1, 128, 1, 'BTL', '1', '2022-03-01', 138800, 152680, 175582, 187796, 167948, 0),
(760, 'OMF-TBT-00000000697', 1, 'NUTRIMAMA 2 @15', 1, 128, 1, 'BTL', '1', '2023-02-01', 138800, 152680, 175582, 187796, 167948, 0),
(761, 'OMF-TBT-00000000698', 1, 'NUTRIMAMA 3 @15', 1, 128, 1, 'BTL', '1', '2023-02-01', 138800, 152680, 175582, 187796, 167948, 0),
(762, 'OMF-TBT-00000000699', 1, 'PROCELES TAB @50', 3, 21, 30, 'TAB', '1', '2024-07-01', 1500, 1650, 1898, 2030, 1815, 0),
(763, 'OMF-SRP-00000000700', 2, 'XEPAMOL DROP', 1, 52, 1, 'BTL', '1', '2024-06-01', 25000, 27500, 31625, 33825, 30250, 0),
(764, 'OMF-SRP-00000000701', 2, 'XEPAMOL SYR', 1, 52, 4, 'TAB', '1', '2023-05-01', 23000, 25300, 29095, 31119, 27830, 0),
(765, 'OMF-SRP-00000000702', 2, 'MUCOS DROP', 3, 21, 1, 'BTL', '1', '2024-12-01', 34500, 37950, 43642, 46678, 41745, 0),
(766, 'OMF-TBT-00000000703', 1, 'GOOD LIFE VIT. C 1000 NON-ACIDIC @60', 7, 2, 2, 'BTL', '1', '2023-05-01', 155000, 170500, 196075, 209715, 187550, 0),
(767, 'OMF-TBT-00000000704', 1, 'LEVOFLOXACIN 500 MG NULAB @100', 3, 117, 435, 'TAB', '500', '2023-04-01', 1049, 1154, 1327, 1419, 1269, 0),
(768, 'OMF-TBT-00000000705', 1, 'LERZIN CAPS @50', 3, 6, 40, 'TAB', '10', '2025-05-01', 518, 570, 656, 701, 627, 0),
(769, 'OMF-TBT-00000000706', 1, 'PRATIFAR 20 MG @50', 3, 6, 30, 'TAB', '20', '2023-01-01', 375, 412, 474, 507, 453, 0),
(770, 'OMF-TBT-00000000707', 1, 'PRATIFAR 40 MG @50', 3, 6, 40, 'TAB', '40', '2023-09-01', 566, 623, 716, 766, 685, 0),
(771, 'OMF-ONT-00000000708', 10, 'KENALOG ORAL BASE OINT', 3, 48, 1, 'TUBE', '1', '2023-02-01', 57500, 63250, 72738, 77798, 69575, 0),
(772, 'OMF-CEM-00000000709', 9, 'PI KANG SUANG', 3, 8, 1, 'TUBE', '1', '2023-05-01', 10000, 11000, 12650, 13530, 12100, 0),
(773, 'OMF-SRP-00000000710', 2, 'LACTULAX SYR 60 ML', 1, 129, 1, 'BTL', '1', '2023-12-01', 44000, 48400, 55660, 59532, 53240, 0),
(774, 'OMF-TBT-00000000711', 1, 'IVERMECTIN 120 MG @20', 3, 120, 90, 'TAB', '120', '2022-01-31', 5600, 6160, 7084, 7577, 6776, 0),
(775, 'OMF-TBT-00000000712', 1, 'AMBROXOL TAB indofarma', 3, 120, 447, 'TAB', '30', '2022-12-31', 280, 308, 354, 379, 339, 0),
(776, 'OMF-TBT-00000000713', 1, 'GLIBENCLAMIDE 5 MG @100 indofarma', 3, 120, 0, 'TAB', '5', '2023-07-31', 139, 153, 176, 188, 168, 0),
(777, 'OMF-SRP-00000000714', 2, 'APETIC SYR', 1, 1, 1, 'BTL', '1', '2022-11-01', 25000, 27500, 31625, 33825, 30250, 0),
(778, 'OMF-SRP-00000000715', 2, 'APETIC DROP', 1, 1, 0, 'BTL', '1', '2023-05-01', 22500, 24750, 28462, 30442, 27225, 0),
(779, 'OMF-SRP-00000000716', 2, 'APETIC FORTE SYR', 1, 1, 2, 'BTL', '1', '2022-01-01', 30000, 33000, 37950, 40590, 36300, 0),
(780, 'OMF-TBT-00000000717', 1, 'LAPIFED TAB', 3, 1, 44, 'TAB', '1', '2022-12-01', 2500, 2750, 3162, 3382, 3025, 0),
(781, 'OMF-SRP-00000000718', 2, 'L-ZINC SYR', 1, 1, 2, 'TAB', '1', '2023-02-02', 33000, 36300, 41745, 44649, 39930, 0),
(782, 'OMF-SRP-00000000719', 2, 'LYMAX SYR', 7, 2, 18, 'BTL', '1', '2023-08-08', 33000, 36300, 41745, 44649, 39930, 0),
(783, 'OMF-AKS-00000000720', 7, 'DUREX CLOSE FIT 3\'S', 7, 100, 1, 'PCS', '1', '2025-10-10', 13790, 15169, 17444, 18658, 16686, 0),
(784, 'OMF-AKS-00000000721', 7, 'DUREX COMFORT 3\'S', 7, 100, 1, 'PCS', '1', '2025-02-02', 12307, 13538, 15569, 16652, 14892, 0),
(785, 'OMF-AKS-00000000722', 7, 'DUREX EXTRA SAFE 3\'S', 7, 100, 1, 'PCS', '1', '2025-01-01', 17560, 19316, 22213, 23759, 21248, 0),
(786, 'OMF-TBT-00000000723', 1, 'DUREX FEATHERLITE 3\'S', 4, 100, 1, 'PCS', '21', '2025-03-01', 17560, 19316, 22213, 23759, 21248, 0),
(787, 'OMF-TBT-00000000724', 1, 'DUREX LOVE 3\'S', 4, 100, 1, 'PCS', '1', '2024-12-01', 8340, 9174, 10550, 11284, 10091, 0),
(788, 'OMF-AKS-00000000725', 7, 'DUREX PERFORMA 3\'S', 7, 100, 1, 'TAB', '1', '2026-02-02', 20260, 22286, 25629, 27412, 24515, 0),
(789, 'OMF-AKS-00000000726', 7, 'DUREX PLEASUREMAX 3\'S', 7, 100, 1, 'PCS', '1', '2026-02-02', 20260, 22286, 25629, 27412, 24515, 0),
(790, 'OMF-AKS-00000000727', 7, 'DUREX STRAWBERY 3\'S', 7, 100, 1, 'TAB', '1', '2024-02-02', 20290, 22319, 25667, 27452, 24551, 0),
(791, 'OMF-AKS-00000000728', 7, 'DUREX TINGLE 3\'S', 4, 100, 1, 'PCS', '1', '2024-05-05', 16101, 17711, 20368, 21785, 19482, 0);
INSERT INTO `obat` (`id_obat`, `kode_obat`, `id_jenis_obat`, `nama_obat`, `id_golongan_obat`, `id_pabrik_obat`, `stok_obat`, `satuan_obat`, `dosis_satuan`, `tanggal_expired`, `harga_modal`, `harga_modal_ppn`, `hja_upds`, `hja_resep`, `hja_relasi`, `status_delete`) VALUES
(792, 'OMF-AKS-00000000729', 7, 'DUREX TOGETHER 3\'S', 7, 100, 1, 'PCS', '1', '2025-04-04', 13790, 15169, 17444, 18658, 16686, 0),
(793, 'OMF-AKS-00000000730', 7, 'FIESTA BUBLE GUM 3\'S', 7, 66, 1, 'PCS', '1', '2024-02-01', 9460, 10406, 11967, 12799, 11447, 0),
(794, 'OMF-AKS-00000000731', 7, 'FIESTA DELAY 3\'S', 7, 66, 1, 'PCS', '1', '2024-02-02', 9700, 10670, 12270, 13124, 11737, 0),
(795, 'OMF-AKS-00000000732', 7, 'FIESTA DURIAN 3\'S', 7, 66, 1, 'PCS', '1', '2024-12-01', 9460, 10406, 11967, 12799, 11447, 0),
(796, 'OMF-AKS-00000000733', 7, 'FIESTA MAX DOTED 3\'S', 7, 66, 1, 'PCS', '1', '2026-02-02', 9700, 10670, 12270, 13124, 11737, 0),
(797, 'OMF-AKS-00000000734', 7, 'FIESTA STRAWBERY 3\'S', 7, 66, 1, 'PCS', '1', '2025-07-07', 9460, 10406, 11967, 12799, 11447, 0),
(798, 'OMF-AKS-00000000735', 7, 'FIESTA ULTRASAFE 3\'S', 7, 66, 1, 'PCS', '1', '2025-12-12', 9700, 10670, 12270, 13124, 11737, 0),
(799, 'OMF-AKS-00000000736', 7, 'FIESTA ULTRATHIN 3\'S', 7, 66, 1, 'PCS', '1', '2025-09-09', 9700, 10670, 12270, 13124, 11737, 0),
(800, 'OMF-KPL-00000000737', 18, 'N-ACE @30', 3, 47, 30, 'KAPS', '200', '2023-07-01', 2600, 2860, 3289, 3518, 3146, 0),
(801, 'OMF-BTL-00000000738', 8, 'MADU AL SHIFA 125 ML', 7, 8, 1, 'BTL', '1', '2022-12-01', 30000, 33000, 37950, 40590, 36300, 0),
(802, 'OMF-BTL-00000000739', 8, 'MADU AL SHIFA 500 ML', 7, 8, 1, 'BTL', '1', '2022-12-31', 105000, 115500, 132825, 142065, 127050, 0),
(803, 'OMF-BTL-00000000740', 8, 'CUKA APEL TAHESTA', 7, 8, 1, 'BTL', '1', '2022-12-01', 47000, 51700, 59455, 63591, 56870, 0),
(804, 'OMF-KPL-00000000741', 18, 'HABBATUSSAUDA @210', 7, 8, 1, 'BTL', '1', '2022-12-01', 63000, 69300, 79695, 85239, 76230, 0),
(805, 'OMF-KPL-00000000742', 18, 'HABBATUSSAUDA @120', 7, 8, 1, 'BTL', '1', '2022-12-01', 39500, 43450, 49968, 53444, 47795, 0),
(806, 'OMF-BTL-00000000743', 8, 'GOLD G 320 ML', 7, 8, 1, 'BTL', '1', '2022-12-01', 110000, 121000, 139150, 148830, 133100, 0),
(807, 'OMF-BTL-00000000744', 8, 'GOLD G 500 ML', 7, 8, 1, 'BTL', '1', '2022-12-31', 140000, 154000, 177100, 189420, 169400, 0),
(808, 'OMF-BTL-00000000745', 8, 'JAMSI', 7, 8, 1, 'BTL', '1', '2022-12-01', 76000, 83600, 96140, 102828, 91960, 0),
(809, 'OMF-BTL-00000000746', 8, 'JAMKHO', 7, 8, 1, 'BTL', '1', '2022-12-01', 76000, 83600, 96140, 102828, 91960, 0),
(810, 'OMF-SCT-00000000747', 15, 'GOMARS', 7, 8, 1, 'BOX', '1', '2022-12-01', 19000, 20900, 24035, 25707, 22990, 0),
(811, 'OMF-SCT-00000000748', 15, 'SKY GOAT', 7, 8, 1, 'BOX', '1', '2022-12-01', 26000, 28600, 32890, 35178, 31460, 0),
(812, 'OMF-BTL-00000000749', 8, 'VITABUMIN', 7, 8, 2, 'BTL', '1', '2022-12-01', 56000, 61600, 70840, 75768, 67760, 0),
(813, 'OMF-BTL-00000000750', 8, 'MADU SYAHMIL ANAK', 7, 8, 1, 'BTL', '1', '2022-12-01', 17000, 18700, 21505, 23001, 20570, 0),
(814, 'OMF-BTL-00000000751', 8, 'MADU SYAMIL FAMILY', 7, 8, 1, 'BTL', '1', '2022-12-01', 26000, 28600, 32890, 35178, 31460, 0),
(815, 'OMF-BTL-00000000752', 8, 'VITOMATA', 7, 8, 1, 'BTL', '1', '2022-12-01', 125000, 137500, 158125, 169125, 151250, 0),
(816, 'OMF-AKS-00000000753', 7, 'NATESH NIGHT (PINK )', 7, 8, 2, 'PCS', '1', '2022-12-01', 35000, 38500, 44275, 47355, 42350, 0),
(817, 'OMF-AKS-00000000754', 7, 'NATESH DAY (BIRU)', 7, 8, 2, 'PCS', '1', '2022-12-01', 30000, 33000, 37950, 40590, 36300, 0),
(818, 'OMF-TBT-00000000755', 1, 'CAPTOPRIL 12.5 MG @100 KF', 3, 78, 0, 'TAB', '12.5', '2024-04-01', 160, 176, 202, 216, 194, 0),
(819, 'OMF-SRP-00000000756', 2, 'LEXAVON SYR', 2, 80, 0, 'BTL', '1', '2023-02-08', 5500, 6050, 6958, 7442, 6655, 0),
(820, 'OMF-TBT-00000000757', 1, 'FITBES FORCE KAPL 5\'S @60', 7, 63, 12, 'STRP', '1', '2023-07-31', 13600, 14960, 17204, 18401, 16456, 0),
(821, 'OMF-IJI-00000000758', 22, 'SERUM ANTI BISA ULAR (SABU)', 3, 120, 0, 'AMPL', '1', '2022-09-30', 862500, 948750, 1091062, 1166962, 1043625, 0),
(822, 'OMF-TBT-00000000759', 25, 'STERIMAR DEWASA', 7, 130, 1, 'BTL', '1', '2023-09-30', 125000, 137500, 158125, 169125, 151250, 0),
(823, 'OMF-TBT-00000000760', 1, 'ASPILET CHEW TAB', 3, 14, 80, 'TAB', '80', '2023-12-07', 555, 610, 702, 750, 671, 0),
(824, 'OMF-CEM-00000000761', 9, 'CARMED 10% CR', 3, 109, 1, 'TUBE', '1', '2024-07-07', 29000, 31900, 36685, 39237, 35090, 0),
(825, 'OMF-TTA-00000000762', 19, 'CENDO GENTA 0.3 % E.D', 3, 110, 1, 'BTL', '1', '2024-03-03', 28375, 31212, 35894, 38391, 34333, 0),
(826, 'OMF-TTA-00000000763', 19, 'CENDO LENTIKULAR M.D', 3, 110, 3, 'STRP', '1', '2023-01-01', 33250, 36575, 42061, 44987, 40232, 0),
(827, 'OMF-TBT-00000000764', 1, 'DIANDIUM TAB', 3, 1, 100, 'TAB', '2', '2022-11-01', 1250, 1375, 1581, 1691, 1512, 0),
(828, 'OMF-CEM-00000000765', 9, 'ENBATIC CR', 3, 7, 0, 'TUBE', '1', '2023-06-01', 38000, 41800, 48070, 51414, 45980, 0),
(829, 'OMF-TBT-00000000766', 1, 'MOXALAS TAB', 3, 131, 0, 'TAB', '1', '2024-06-01', 430, 473, 544, 582, 520, 0),
(830, 'OMF-TBT-00000000767', 1, 'MELOXICAM 15 MG MEDIKON @50', 3, 72, 50, 'TAB', '15', '2026-04-30', 647, 712, 819, 876, 783, 0),
(831, 'OMF-TBT-00000000768', 1, 'MELOXICAM 7.5 MG MEDIKON @50', 3, 72, 50, 'TAB', '7,5', '2025-09-30', 542, 596, 685, 733, 656, 0),
(832, 'OMF-TBT-00000000769', 1, 'SIMVASK 10 MG @30', 3, 2, 30, 'TAB', '10', '2024-01-01', 7000, 7700, 8855, 9471, 8470, 0),
(833, 'OMF-TBT-00000000770', 1, 'SIMDROL 4 MG @100', 3, 2, 58, 'TAB', '4', '2023-05-05', 2900, 3190, 3668, 3924, 3509, 0),
(834, 'OMF-TBT-00000000771', 1, 'MICROGEST 100 MF @30', 3, 1, 30, 'TAB', '100', '2023-02-02', 12000, 13200, 15180, 16236, 14520, 0),
(835, 'OMF-BTL-00000000772', 8, 'NACL 0.9 % 500 ML SATORI', 3, 132, 20, 'BTL', '1', '2023-08-17', 6273, 6900, 7935, 8487, 7590, 0),
(836, 'OMF-CEM-00000000773', 9, 'ACYCLOVIR CR 5 GR', 3, 8, 4, 'TUBE', '1', '2025-03-31', 3583, 3941, 4532, 4847, 4335, 0),
(837, 'OMF-TBT-00000000774', 1, 'MICROGINON TAB', 2, 18, 9, 'BOX', '1', '2022-04-01', 14990, 16489, 18962, 20281, 18138, 0),
(838, 'OMF-BTL-00000000775', 8, 'OTSU D40', 3, 114, 0, 'BTL', '1', '2024-07-31', 9100, 10010, 11512, 12312, 11011, 0),
(839, 'OMF-CEM-00000000776', 9, 'BETAMETHASON 0.1 % 5 GR', 3, 78, 0, 'TUBE', '1', '2023-05-04', 2328, 2561, 2945, 3150, 2817, 0),
(840, 'OMF-TBT-00000000777', 1, 'DIANE 35', 3, 18, 1, 'BOX', '1', '2023-01-01', 126755, 139430, 160344, 171499, 153373, 0),
(841, 'OMF-GEL-00000000778', 11, 'MEDIKLIN TR', 3, 109, 1, 'TUBE', '1', '2023-06-01', 40300, 44330, 50980, 54526, 48763, 0),
(842, 'OMF-AKS-00000000779', 7, 'SPUIT 3 CC TERUMO', 4, 8, 95, 'PCS', '1', '2022-12-01', 2169, 2386, 2744, 2935, 2625, 0),
(843, 'OMF-TBT-00000000780', 1, 'MEGAZING TAB', 7, 1, 4572, 'TAB', '1', '2024-07-01', 2750, 3025, 3479, 3721, 3328, 0),
(844, 'OMF-AKS-00000000781', 7, 'HYPAFIX 5X5', 7, 133, 1, 'PCS', '1', '2025-09-01', 62750, 69025, 79379, 84901, 75928, 0),
(845, 'OMF-AKS-00000000782', 7, 'HYPAFIX 5X1', 4, 133, 4, 'PCS', '1', '2026-02-01', 14950, 16445, 18912, 20227, 18090, 0),
(846, 'OMF-BTL-00000000783', 25, 'NASALIN SPRAY', 7, 134, 1, 'BTL', '1', '2024-12-01', 100000, 110000, 126500, 135300, 121000, 0),
(847, 'OMF-SMG-00000000784', 25, 'MODEXA SPRAY', 3, 26, 1, 'PCS', '1', '2023-02-01', 150000, 165000, 189750, 202950, 181500, 0),
(848, 'OMF-IJI-00000000785', 22, 'VIVENA 9 INJ', 3, 26, 8, 'AMPL', '1', '2023-06-01', 50000, 55000, 63250, 67650, 60500, 0),
(849, 'OMF-TBT-00000000786', 1, 'CLIAD TAB @50', 6, 32, 0, 'TAB', '1', '2023-04-30', 3150, 3465, 3985, 4262, 3812, 0),
(850, 'OMF-TBT-00000000787', 1, 'TRIFED TAB @50', 3, 32, 20, 'TAB', '1', '2024-07-31', 2700, 2970, 3416, 3653, 3267, 0),
(851, 'OMF-SRP-00000000788', 2, 'ERDOBAT DS', 3, 32, 0, 'BTL', '1', '2026-01-31', 47250, 51975, 59771, 63929, 57172, 0),
(852, 'OMF-CEM-00000000789', 9, 'NEOSINOL CR', 3, 32, 3, 'TUBE', '1', '2024-04-30', 31000, 34100, 39215, 41943, 37510, 0),
(853, 'OMF-TTA-00000000790', 20, 'OTOPAIN EAR DROP', 3, 32, 4, 'BTL', '1', '2023-03-31', 75000, 82500, 94875, 101475, 90750, 0),
(854, 'OMF-KPL-00000000791', 18, 'INTERKRIL @30', 1, 32, 120, 'KAPS', '1', '2022-06-30', 9500, 10450, 12018, 12854, 11495, 0),
(855, 'OMF-TBT-00000000792', 1, 'AKNIL TAB @100', 2, 135, 0, 'TAB', '1', '2023-03-01', 609, 670, 770, 824, 737, 0),
(856, 'OMF-CEM-00000000793', 9, 'FUSYCOM CR 5 GR', 3, 11, 1, 'TUBE', '1', '2022-07-05', 39600, 43560, 50094, 53579, 47916, 0),
(857, 'OMF-CEM-00000000794', 9, 'CINOLON-N CR 5 GR', 3, 22, 6, 'TUBE', '1', '2024-05-05', 12600, 13860, 15939, 17048, 15246, 0),
(858, 'OMF-KPL-00000000795', 18, 'CELECOXIB 200 MG HJ @50', 3, 4, 50, 'KAPS', '200', '2023-06-30', 5000, 5500, 6325, 6765, 6050, 0),
(859, 'OMF-TTA-00000000796', 19, 'ROHTO DRY FRESH', 7, 17, 6, 'BTL', '1', '2023-03-01', 13950, 15345, 17647, 18874, 16880, 0),
(860, 'OMF-TTA-00000000797', 19, 'ROHTO V EXTRA', 7, 17, 6, 'BTL', '1', '2023-05-03', 14850, 16335, 18785, 20092, 17968, 0),
(861, 'OMF-TBT-00000000798', 1, 'OMEPRAZOLE 20 MG nulab @100', 3, 117, 0, 'KAPS', '20', '2023-07-03', 372, 409, 470, 503, 450, 0),
(862, 'OMF-AKS-00000000799', 7, 'RESOURCES PILL REMINDER 7 DAY', 4, 8, 0, 'PCS', '1', '2022-01-01', 27500, 30250, 34788, 37208, 33275, 0),
(863, 'OMF-AKS-00000000800', 7, 'ULTRAFIX 5X1', 4, 8, 30, 'PCS', '1', '2022-12-31', 2900, 3190, 3668, 3924, 3509, 0),
(864, 'OMF-SRP-00000000801', 2, 'SARI KURMA AL-JAZIRA', 7, 8, 2, 'BTL', '1', '2023-08-01', 17000, 18700, 21505, 23001, 20570, 0),
(865, 'OMF-TBT-00000000802', 1, 'PREGABALIN 75 MG novel @14', 3, 10, 0, 'CAPS', '75', '2023-04-01', 5000, 5500, 6325, 6765, 6050, 0),
(866, 'OMF-KPL-00000000803', 18, 'RHINOS SR @50', 3, 26, 50, 'KAPS', '1', '2023-06-01', 5500, 6050, 6958, 7442, 6655, 0),
(867, 'OMF-KPL-00000000804', 18, 'PROLACTA WITH DHA FOR BABY @50', 1, 10, 0, 'KAPS', '1', '2024-03-01', 5000, 5500, 6325, 6765, 6050, 0),
(868, 'OMF-TBT-00000000805', 1, 'HARNAL OCAS @30', 3, 11, 30, 'TAB', '0.4', '2024-03-01', 15289, 16818, 19341, 20686, 18500, 0),
(869, 'OMF-TBT-00000000806', 1, 'MALTOFER CHEW', 1, 11, 0, 'BOX', '1', '2026-07-31', 79500, 87450, 100568, 107564, 96195, 0),
(870, 'OMF-SRP-00000000807', 2, 'SANGOBION KIDS 100 ML', 7, 14, 1, 'BTL', '1', '2023-03-01', 27501, 30251, 34789, 37209, 33276, 0),
(871, 'OMF-SRP-00000000808', 2, 'DARYAZINC DROP', 7, 14, 1, 'BTL', '1', '2023-01-31', 34500, 37950, 43642, 46678, 41745, 0),
(872, 'OMF-TBT-00000000809', 1, 'XYZAL TAB @30', 3, 29, 50, 'TAB', '10', '2025-08-16', 12012, 13213, 15195, 16252, 14534, 0),
(873, 'OMF-CEM-00000000810', 9, 'BAYCUTEN-N 5 GR', 3, 18, 0, 'TUBE', '1', '2023-02-18', 53165, 58482, 67254, 71933, 64330, 0),
(874, 'OMF-TBT-00000000811', 1, 'BETA-ONE 2.5 @30', 3, 5, 20, 'TAB', '2.5', '2023-08-31', 4167, 4584, 5272, 5638, 5042, 0),
(875, 'OMF-CEM-00000000812', 9, 'KALPANAX CR 10 GR', 2, 5, 1, 'TUBE', '1', '2023-06-30', 18455, 20300, 23345, 24969, 22330, 0),
(876, 'OMF-BTL-00000000813', 8, 'BIO OIL  60 ML', 7, 136, 1, 'BTL', '1', '2025-11-01', 118182, 130000, 149500, 159900, 143000, 0),
(877, 'OMF-SLA-00000000814', 21, 'ALLETROL COMPOSITU S.M', 3, 7, 1, 'TUBE', '1', '2023-04-01', 11770, 12947, 14889, 15925, 14242, 0),
(878, 'OMF-TTA-00000000815', 19, 'ALLETROL COMPOSITU E.D', 3, 7, 1, 'BTL', '1', '2023-02-02', 15800, 17380, 19987, 21377, 19118, 0),
(879, 'OMF-SRP-00000000816', 2, 'UNI BABY COUGH 60 ML', 2, 137, 1, 'BTL', '1', '2024-06-01', 4720, 5192, 5971, 6386, 5711, 0),
(880, 'OMF-AKS-00000000817', 7, 'TENSI DIGITAL GENERAL CARE LD-521', 4, 8, 0, 'PCS', '1', '2022-12-01', 310000, 341000, 392150, 419430, 375100, 0),
(881, 'OMF-AKS-00000000818', 7, 'ALAT GCU EASY TOUCH', 4, 8, 1, 'PCS', '1', '2022-12-01', 275000, 302500, 347875, 372075, 332750, 0),
(882, 'OMF-AKS-00000000819', 7, 'ALAT GCU NESCO', 4, 8, 1, 'PCS', '1', '2022-12-01', 275000, 302500, 347875, 372075, 332750, 0),
(883, 'OMF-KPL-00000000820', 18, 'LACTRIN CAPS @20', 3, 1, 19, 'CAPS', '300', '2023-07-07', 4250, 4675, 5376, 5750, 5142, 0),
(884, 'OMF-TBT-00000000821', 1, 'HEXALGIN TAB @100', 3, 98, 0, 'TAB', '1', '2023-05-31', 600, 660, 759, 812, 726, 0),
(885, 'OMF-TBT-00000000822', 1, 'ANALTRAM TAB @30', 3, 1, 0, 'TAB', '1', '2023-03-01', 9000, 9900, 11385, 12177, 10890, 0),
(886, 'OMF-TBT-00000000823', 1, 'ALGANAX 0.5 @40', 6, 123, 60, 'TAB', '0.5', '2023-03-01', 3500, 3850, 4428, 4736, 4235, 0),
(887, 'OMF-TBT-00000000824', 1, 'ALGANAX 1 @40', 6, 123, 10, 'TAB', '1', '2023-04-04', 5400, 5940, 6831, 7306, 6534, 0),
(888, 'OMF-TBT-00000000825', 1, 'SCOPMA TAB @100', 3, 6, 90, 'TAB', '1', '2024-12-01', 1200, 1320, 1518, 1624, 1452, 0),
(889, 'OMF-TBT-00000000826', 1, 'SCOPMA PLUS TAB @100', 3, 6, 100, 'TAB', '1', '2025-04-01', 1338, 1472, 1693, 1811, 1619, 0),
(890, 'OMF-TBT-00000000827', 1, 'TRIANTA TAB @100', 1, 6, 0, 'TAB', '1', '2023-05-01', 252, 277, 319, 341, 305, 0),
(891, 'OMF-AKS-00000000828', 7, 'SENSITIF UC STRIP', 4, 8, 1, 'PCS', '1', '2023-07-01', 25300, 27830, 32004, 34231, 30613, 0),
(892, 'OMF-TBT-00000000829', 1, 'MAX D-1000 TAB @1000', 7, 2, 440, 'TAB', '1', '2023-07-07', 2250, 2475, 2846, 3044, 2722, 0),
(893, 'OMF-TBT-00000000830', 26, 'COMBIVENT 2.5 ML UDV @20', 3, 61, 0, 'AMPL', '1', '2022-04-01', 190717, 209789, 241257, 258040, 230768, 0),
(894, 'OMF-IHR-00000000831', 23, 'VENTOLIN INHEALER', 3, 29, 1, 'TAB', '1', '2023-01-07', 114713, 126184, 145112, 155206, 138802, 0),
(895, 'OMF-TBT-00000000832', 1, 'AMOXICILIN 500 MG TAB pyridam @100', 3, 138, 100, 'TAB', '500', '2024-05-01', 400, 440, 506, 541, 484, 0),
(896, 'OMF-TBT-00000000833', 1, 'ANTASIDA TAB promed @100', 1, 111, 90, 'TAB', '1', '2022-11-01', 150, 165, 190, 203, 182, 0),
(897, 'OMF-SRP-00000000834', 2, 'ANTASIDA SYR afi', 1, 113, 6, 'BTL', '1', '2023-07-07', 3750, 4125, 4744, 5074, 4538, 0),
(898, 'OMF-CEM-00000000835', 9, 'BURNAZIN CR', 3, 14, 1, 'TUBE', '1', '2024-04-04', 61933, 68126, 78345, 83795, 74939, 0),
(899, 'OMF-IJI-00000000836', 22, 'BUSCOPAN INJ @10', 3, 61, 0, 'BOX', '1', '2024-03-03', 342773, 377050, 433608, 463772, 414755, 0),
(900, 'OMF-TBT-00000000837', 1, 'CAPTOPRIL 25 MG @100 erita', 3, 7, 0, 'BOX', '25', '2025-03-03', 12461, 13707, 15763, 16860, 15078, 0),
(901, 'OMF-TBT-00000000838', 1, 'DEXAMETHASON 0.5 MG @100 promed', 3, 111, 120, 'TAB', '0.5', '2024-10-01', 138, 152, 175, 187, 167, 0),
(902, 'OMF-SCT-00000000839', 15, 'ORALIT SACH @100', 1, 113, 500, 'SACH', '1', '2022-12-01', 475, 522, 600, 642, 574, 0),
(903, 'OMF-APL-00000000840', 12, 'OMEPRAZOLE INJ Quantum Lab', 3, 139, 0, 'AMPL', '1', '2023-06-01', 85000, 93500, 107525, 115005, 102850, 0),
(904, 'OMF-IJI-00000000841', 22, 'ONDANSENTRON 4 MG INJ @10', 3, 28, 0, 'BOX', '1', '2024-06-01', 50000, 55000, 63250, 67650, 60500, 0),
(905, 'OMF-TBT-00000000842', 1, 'VITAMIN B KOMPLEKS BTL @100 pim', 1, 84, 0, 'BTL', '1', '2024-01-01', 10000, 11000, 12650, 13530, 12100, 0),
(906, 'OMF-SLA-00000000843', 21, 'GENTAMICIN SM 0.1% erela', 3, 7, 0, 'TUBE', '1', '2024-11-01', 6410, 7051, 8109, 8673, 7756, 0),
(907, 'OMF-TBT-00000000844', 1, 'SIMPROFEN TAB @30', 3, 2, 22, 'TAB', '25', '2023-04-04', 6000, 6600, 7590, 8118, 7260, 0),
(908, 'OMF-TBT-00000000845', 1, 'XEPAVIT TAB @100', 7, 52, 365, 'TAB', '1', '2022-07-01', 2500, 2750, 3162, 3382, 3025, 0),
(909, 'OMF-KPL-00000000846', 18, 'TRENEC CAPS @50', 3, 140, 0, 'CAPS', '500', '2023-02-02', 3250, 3575, 4111, 4397, 3932, 0),
(910, 'OMF-TBT-00000000847', 1, 'AMBROXOL TAB promed @100', 3, 111, 0, 'TAB', '30', '2023-03-03', 150, 165, 190, 203, 182, 0),
(911, 'OMF-BTL-00000000848', 8, 'Y-RINS  @2 BTL', 7, 47, 3, 'BOX', '1', '2022-10-10', 14600, 16060, 18469, 19754, 17666, 0),
(912, 'OMF-AKS-00000000849', 7, 'POT SALEB 50 GR', 4, 8, 0, 'PCS', '1', '2022-12-01', 1100, 1210, 1392, 1488, 1331, 0),
(913, 'OMF-AKS-00000000850', 7, 'POT SALEB 100 GR', 4, 8, 0, 'PCS', '1', '2022-12-01', 1650, 1815, 2087, 2232, 1996, 0),
(914, 'OMF-AKS-00000000851', 7, 'BLOOD LANCET abn', 4, 8, 0, 'PCS', '1', '2022-12-01', 13500, 14850, 17078, 18266, 16335, 0),
(915, 'OMF-BTL-00000000852', 8, 'M. TELON PLUS MY BABY LONG PROTECTION 60 ML', 7, 30, 0, 'BTL', '1', '2023-01-13', 16389, 18028, 20732, 22174, 19831, 0),
(916, 'OMF-BTL-00000000853', 8, 'M. TELON PLUS MY BABY LONG PROTECTION 90 ML', 7, 30, 1, 'BTL', '1', '2023-03-01', 21899, 24089, 27702, 29629, 26498, 0),
(917, 'OMF-BTL-00000000854', 8, 'M. TELON PLUS MY BABY LONG PROTECTION 150 ML', 7, 30, 0, 'BTL', '1', '2023-02-17', 35789, 39368, 45273, 48423, 43305, 0),
(918, 'OMF-TBT-00000000855', 1, 'HEMAVITON PASAK BUMI', 7, 30, 10, 'STRP', '1', '2023-04-12', 6579, 7237, 8323, 8902, 7961, 0),
(919, 'OMF-TBT-00000000856', 1, 'VIDORANT GUMMY MULTIVITAMIN', 7, 30, 0, 'BOX', '1', '2023-01-03', 14100, 15510, 17836, 19077, 17061, 0),
(920, 'OMF-TBT-00000000857', 1, 'VIDORANT GUMMY VIT. C', 7, 30, 2, 'BOX', '1', '2022-09-21', 12250, 13475, 15496, 16574, 14822, 0),
(921, 'OMF-KPL-00000000858', 18, 'NUZYM CAPS @30', 1, 123, 0, 'BOX', '1', '2023-07-01', 13000, 14300, 16445, 17589, 15730, 0),
(922, 'OMF-TBT-00000000859', 1, 'CANDESARTAN 8 MG infion @30', 3, 141, 444, 'TAB', '8', '2023-02-28', 2500, 2750, 3162, 3382, 3025, 0),
(923, 'OMF-TBT-00000000860', 1, 'ONDANSENTRON 4 MG infion @30', 3, 141, 245, 'TAB', '4', '2025-12-31', 1500, 1650, 1898, 2030, 1815, 0),
(924, 'OMF-TBT-00000000861', 1, 'VALDIMEX 5', 6, 142, 88, 'TAB', '5', '2024-02-23', 1100, 1210, 1392, 1488, 1331, 0),
(925, 'OMF-KPL-00000000862', 18, 'OMEPRAZOLE 20 MG Ifars @30', 3, 6, 0, 'KAPS', '20', '2025-07-07', 377, 415, 477, 510, 456, 0),
(926, 'OMF-KPL-00000000863', 18, 'LANSOPRAZOLE 30 MG nulab @30', 3, 117, 0, 'CAPS', '30', '2023-07-01', 819, 901, 1036, 1108, 991, 0),
(927, 'OMF-TBT-00000000864', 1, 'ASAM MEFENAMAT 500 MG promed @100', 3, 111, 0, 'TAB', '500', '2023-04-01', 260, 286, 329, 352, 315, 0),
(928, 'OMF-KPL-00000000865', 18, 'LAPIBAL 500 MCG @100', 3, 1, 190, 'TAB', '500', '2024-05-05', 2250, 2475, 2846, 3044, 2722, 0),
(929, 'OMF-TBT-00000000866', 1, 'FASTOR 10 @30', 3, 1, 30, 'TAB', '10', '2023-11-01', 12000, 13200, 15180, 16236, 14520, 0),
(930, 'OMF-TBT-00000000867', 1, 'FASTOR  20 @30', 3, 1, 30, 'TAB', '20', '2023-04-04', 14000, 15400, 17710, 18942, 16940, 0),
(931, 'OMF-BTL-00000000868', 8, 'MADU TJ MURNI 150 GR', 7, 63, 6, 'BTL', '1', '2024-08-01', 15800, 17380, 19987, 21377, 19118, 0),
(932, 'OMF-BTL-00000000869', 8, 'MADU TJ MURNI 250 GR', 7, 63, 4, 'BTL', '1', '2024-12-01', 24200, 26620, 30613, 32743, 29282, 0),
(933, 'OMF-BTL-00000000870', 8, 'MADU TJ EXTRA 250 GR', 7, 63, 3, 'BTL', '1', '2024-06-06', 26000, 28600, 32890, 35178, 31460, 0),
(934, 'OMF-BTL-00000000871', 8, 'MADU TJ EXTRA 500 GR', 7, 63, 1, 'BTL', '1', '2024-06-06', 47800, 52580, 60467, 64673, 57838, 0),
(935, 'OMF-SCT-00000000872', 15, 'WOODZ LOZ ALL VAR', 7, 5, 70, 'SACH', '1', '2024-04-03', 3727, 4100, 4715, 5043, 4510, 0),
(936, 'OMF-SCT-00000000873', 15, 'SIMFLAMFAS sach 10\'S', 3, 2, 10, 'SACH', '50', '2022-11-02', 5500, 6050, 6958, 7442, 6655, 0),
(937, 'OMF-TBT-00000000874', 1, 'ASTA PLUS @30', 1, 2, 0, 'TAB', '1', '2024-05-05', 8500, 9350, 10752, 11500, 10285, 0),
(938, 'OMF-TBT-00000000875', 1, 'LACOLDIN TAB', 2, 1, 10, 'STRP', '1', '2023-07-01', 16500, 18150, 20872, 22324, 19965, 0),
(939, 'OMF-TBT-00000000876', 1, 'ALPARA TAB @150', 2, 80, 15, 'STRP', '1', '2024-07-01', 4534, 4987, 5735, 6134, 5486, 0),
(940, 'OMF-SRP-00000000877', 2, 'IMUNOS PLUS SYR', 7, 1, 1, 'BTL', '1', '2023-07-01', 92000, 101200, 116380, 124476, 111320, 0),
(941, 'OMF-TBT-00000000878', 1, 'IMUNOS PLUS TAB @20', 7, 1, 20, 'TAB', '1', '2024-08-08', 9500, 10450, 12018, 12854, 11495, 0),
(942, 'OMF-TBT-00000000879', 1, 'IMUNOS TAB @20', 7, 1, 20, 'TAB', '1', '2025-08-01', 7350, 8085, 9298, 9945, 8894, 0),
(943, 'OMF-AKS-00000000880', 7, 'MASKER KF94 SAMARA @20', 4, 8, 159, 'PCS', '1', '2022-12-01', 2250, 2475, 2846, 3044, 2722, 0),
(944, 'OMF-AKS-00000000881', 7, 'MASKER HIJAB ANAK CHASA @50', 4, 8, 50, 'PCS', '1', '2022-12-01', 800, 880, 1012, 1082, 968, 0),
(945, 'OMF-AKS-00000000882', 7, 'MASKER HIJAB ONE CARE @50', 4, 8, 400, 'PCS', '1', '2022-12-01', 700, 770, 886, 947, 847, 0),
(946, 'OMF-AKS-00000000883', 7, 'MASKER KF94 ICARE @20', 4, 8, 60, 'PCS', '1', '2022-12-01', 3000, 3300, 3795, 4059, 3630, 0),
(947, 'OMF-AKS-00000000884', 7, 'MASKER KF94 ONE CARE KANTONG @10', 4, 8, 9, 'POUCH', '1', '2022-12-01', 35000, 38500, 44275, 47355, 42350, 0),
(948, 'OMF-AKS-00000000885', 7, 'MASKER DUCKIL ANAK ICARE ALL VAR @25', 4, 8, 99, 'PCS', '1', '2022-12-01', 2800, 3080, 3542, 3788, 3388, 0),
(949, 'OMF-AKS-00000000886', 7, 'THERMOGUN MS-303', 4, 8, 2, 'PCS', '1', '2022-12-01', 325000, 357500, 411125, 439725, 393250, 0),
(950, 'OMF-TBT-00000000887', 1, 'CALORLOS @30', 1, 21, 60, 'TAB', '1', '2022-12-01', 3500, 3850, 4428, 4736, 4235, 0),
(951, 'OMF-AKS-00000000888', 7, 'OXYMETER PULSE LK-88', 4, 8, 37, 'PCS', '1', '2022-12-01', 95000, 104500, 120175, 128535, 114950, 0),
(952, 'OMF-AKS-00000000889', 7, 'OXYMETER PULSE XY-010', 4, 8, 2, 'PCS', '1', '2022-12-01', 215000, 236500, 271975, 290895, 260150, 0),
(953, 'OMF-AKS-00000000890', 7, 'MASKER 3M N95 1860 @20', 4, 8, 40, 'PCS', '1', '2022-12-01', 17500, 19250, 22138, 23678, 21175, 0),
(954, 'OMF-TBT-00000000891', 1, 'HI-D 5000 @30', 3, 144, 572, 'TAB', 'TAB', '2022-12-01', 3300, 3630, 4174, 4465, 3993, 0),
(955, 'OMF-TBT-00000000892', 1, 'LANTUROL 400', 1, 143, 100, 'TAB', '400', '2022-01-01', 5500, 6050, 6958, 7442, 6655, 0),
(956, 'OMF-IJI-00000000893', 22, 'ULVICE 1000 INJ @10', 3, 143, 10, 'VIAL', '1', '2023-06-01', 27000, 29700, 34155, 36531, 32670, 0),
(957, 'OMF-AKS-00000000894', 7, 'MAX KLEEN DESINFECTAN SPRAY 200 ML', 4, 8, 16, 'PCS', '1', '2022-12-01', 25455, 28000, 32200, 34440, 30800, 0),
(958, 'OMF-TBT-00000000895', 1, 'COMVIT D 1000 @30', 1, 8, 420, 'TAB', '1', '2022-12-01', 2833, 3116, 3583, 3833, 3428, 0),
(959, 'OMF-TBT-00000000896', 1, 'AVIGAN @100', 3, 26, 166, 'TAB', '200', '2030-08-31', 19841, 21825, 25099, 26845, 24008, 0),
(960, 'OMF-TBT-00000000897', 1, 'FARMACROL TAB', 1, 47, 0, 'TAB', '1', '2022-11-01', 9000, 9900, 11385, 12177, 10890, 0),
(961, 'OMF-TBT-00000000898', 1, 'CLOPIDOREL 75 MG hj @50', 3, 4, 50, 'TAB', '75', '2022-12-01', 860, 946, 1088, 1164, 1041, 0),
(962, 'OMF-TBT-00000000899', 1, 'CODEIN 10 MG @100', 5, 78, 173, 'TAB', '10', '2025-06-28', 623, 685, 788, 843, 754, 0),
(963, 'OMF-TBT-00000000900', 1, 'CODEIN 20 MG @100', 5, 78, 259, 'TAB', '20', '2025-02-07', 1478, 1626, 1870, 2000, 1789, 0),
(964, 'OMF-TBT-00000000901', 1, 'PARIET 20 @14', 3, 145, 7, 'TAB', '20', '2022-12-01', 22615, 24876, 28607, 30597, 27364, 0),
(965, 'OMF-TBT-00000000902', 1, 'UBITINE TAB 6\'S @30', 1, 146, 0, 'TAB', '1', '2023-03-01', 25000, 27500, 31625, 33825, 30250, 0),
(966, 'OMF-SRP-00000000903', 2, 'LAXADINE SYR 110 ML', 1, 39, 4, 'BTL', '1', '2024-09-30', 54000, 59400, 68310, 73062, 65340, 0),
(967, 'OMF-CEM-00000000904', 9, 'MYCORINE CR 15 GR', 2, 39, 3, 'TUBE', '1', '2025-07-31', 40000, 44000, 50600, 54120, 48400, 0),
(968, 'OMF-CEM-00000000905', 9, 'MYCORINE CR 5 GR', 2, 39, 4, 'TUBE', '1', '2025-10-31', 19000, 20900, 24035, 25707, 22990, 0),
(969, 'OMF-BTL-00000000906', 8, 'MYCORINE POWDER', 2, 39, 4, 'PCS', '1', '2024-03-31', 41500, 45650, 52498, 56150, 50215, 0),
(970, 'OMF-CEM-00000000907', 9, 'SCABIMITE DR 10 GR', 3, 39, 1, 'TUBE', '1', '2023-11-30', 45000, 49500, 56925, 60885, 54450, 0),
(971, 'OMF-CEM-00000000908', 9, 'SINOBIOTIK CR', 3, 39, 4, 'TUBE', '1', '2023-08-31', 17000, 18700, 21505, 23001, 20570, 0),
(972, 'OMF-TBT-00000000909', 1, 'SAKATONIK TAB HISAB ALL VAR', 7, 96, 5, 'TAB', '1', '2022-12-01', 12501, 13751, 15814, 16914, 15126, 0),
(973, 'OMF-SRP-00000000910', 2, 'OBH COMBI PLUS BATUK FLU SYR 60 ML ALL VAR', 2, 11, 8, 'BTL', '1', '2023-07-01', 9950, 10945, 12587, 13462, 12040, 0),
(974, 'OMF-SRP-00000000911', 2, 'VICKS FORMULA 44 DEWASA 27 ML', 2, 14, 2, 'BTL', '1', '2023-06-06', 7023, 7725, 8884, 9502, 8498, 0),
(975, 'OMF-IJI-00000000912', 22, 'RANITIDIN INJ 25 MG/ML @25', 3, 46, 45, 'VIAL', '1', '2023-07-01', 2334, 2567, 2952, 3157, 2824, 0),
(976, 'OMF-TBT-00000000913', 1, 'INCIDAL-OD TAB @50', 3, 18, 36, 'TAB', '10', '2024-02-02', 3472, 3819, 4392, 4697, 4201, 0),
(977, 'OMF-TBT-00000000914', 1, 'FASGO FORTE TAB @100', 1, 98, 0, 'TAB', '650', '2023-07-01', 3300, 3630, 4175, 4465, NULL, 1),
(978, 'OMF-TBT-00000000915', 1, 'FASGO FORTE TAB @100', 1, 98, 0, 'TAB', '650', '2023-07-01', 3300, 3630, 4175, 4465, NULL, 1),
(979, 'OMF-TBT-00000000916', 1, 'FASGO FORTE TAB @100', 1, 98, 0, 'TAB', '650', '2023-07-01', 3300, 3630, 4175, 4465, NULL, 1),
(980, 'OMF-TBT-00000000916', 1, 'FASGO FORTE TAB @100', 1, 98, 0, 'TAB', '650', '2023-07-01', 3300, 3630, 4175, 4465, NULL, 1),
(981, 'OMF-TBT-00000000916', 1, 'FASGO FORTE TAB @100', 1, 98, 15, 'STRP', '650', '2023-07-01', 3300, 3630, 4174, 4465, 3993, 0),
(982, 'OMF-TBT-00000000917', 1, 'FASGO FORTE TAB @100', 1, 98, 0, 'TAB', '650', '2023-07-01', 3300, 3630, 4175, 4465, NULL, 1),
(983, 'OMF-TBT-00000000918', 1, 'FASGO FORTE TAB @100', 1, 98, 0, 'TAB', '650', '2023-07-01', 3300, 3630, 4175, 4465, NULL, 1),
(984, 'OMF-TBT-00000000919', 1, 'FASGO FORTE TAB @100', 1, 98, 0, 'TAB', '650', '2023-07-01', 3300, 3630, 4175, 4465, NULL, 1),
(985, 'OMF-TBT-00000000919', 1, 'FASGO FORTE TAB @100', 1, 98, 0, 'TAB', '650', '2023-07-01', 3300, 3630, 4175, 4465, NULL, 1),
(986, 'OMF-TBT-00000000919', 1, 'FASGO FORTE TAB @100', 1, 98, 0, 'TAB', '650', '2023-07-01', 3300, 3630, 4175, 4465, NULL, 1),
(987, 'OMF-TBT-00000000920', 1, 'FASGO FORTE TAB @100', 1, 98, 0, 'TAB', '650', '2023-07-01', 3300, 3630, 4175, 4465, NULL, 1),
(988, 'OMF-TBT-00000000920', 1, 'FASGO FORTE TAB @100', 1, 98, 0, 'TAB', '650', '2023-07-01', 3300, 3630, 4175, 4465, NULL, 1),
(989, 'OMF-TBT-00000000920', 1, 'FASGO FORTE TAB @100', 1, 98, 0, 'TAB', '650', '2023-07-01', 3300, 3630, 4175, 4465, NULL, 1),
(990, 'OMF-TBT-00000000920', 1, 'FASGO FORTE TAB @100', 1, 98, 0, 'TAB', '650', '2023-07-01', 3300, 3630, 4175, 4465, NULL, 1),
(991, 'OMF-TBT-00000000920', 1, 'FASGO FORTE TAB @100', 1, 98, 0, 'STRP', '650', '2023-07-01', 3300, 3630, 4175, 4465, NULL, 1),
(992, 'OMF-TBT-00000000921', 1, 'AZITHROMYCIN 500 MG berno @100', 3, 28, 206, 'TAB', '500', '2025-05-01', 1450, 1595, 1834, 1962, 1754, 0),
(993, 'OMF-SRP-00000000922', 2, 'AZITHROMYCIN 200 MG/5 ML DS quantum', 3, 139, 1, 'BTL', '1', '2023-12-01', 65000, 71500, 82225, 87945, 78650, 0),
(994, 'OMF-TBT-00000000923', 1, 'IMBOOST ES TAB @30', 7, 3, 18, 'STRP', '1', '2022-12-01', 87249, 95974, 110370, 118048, 105571, 0),
(995, 'OMF-TBT-00000000924', 1, 'MICROLUT', 3, 18, 1, 'TAB', '1', '2022-04-30', 34346, 37781, 43448, 46471, 41559, 0),
(996, 'OMF-IJI-00000000925', 22, 'EXTRANEAL ULTRABAG 2L/BAG', 3, 8, 0, 'BAG', '1', '2023-03-27', 200000, 220000, 253000, 270600, 242000, 0),
(997, 'OMF-TBT-00000000926', 1, 'PONSTAN 500 MG @100', 3, 105, 90, 'TAB', '500', '2023-04-30', 2511, 2762, 3176, 3397, 3038, 0),
(998, 'OMF-SCT-00000000927', 15, 'PROMAG GAZERO @6', 1, 5, 30, 'SACH', '1', '2023-05-31', 1638, 1802, 2072, 2216, 1982, 0),
(999, 'OMF-TBT-00000000928', 1, 'VALSARTAN 80 MG HJ @30', 3, 4, 30, 'TAB', '80', '2023-05-31', 4000, 4400, 5060, 5412, 4840, 0),
(1000, 'OMF-SPO-00000000929', 17, 'BORRAGINOL-N SUPP @10', 3, 83, 10, 'SUPP', '1', '2024-05-06', 11540, 12694, 14598, 15614, 13963, 0),
(1001, 'OMF-ONT-00000000930', 10, 'BORRAGINOL-S OINT', 3, 83, 1, 'TUBE', '1', '2024-06-06', 98900, 108790, 125108, 133812, 119669, 0),
(1002, 'OMF-SRP-00000000931', 2, 'LASERIN 30 ML', 2, 36, 2, 'BTL', '1', '2023-02-02', 4574, 5031, 5786, 6188, 5534, 0),
(1003, 'OMF-SRP-00000000932', 2, 'SANADRYL DMP SYR 120 ML', 2, 22, 1, 'BTL', '1', '2023-08-08', 19600, 21560, 24794, 26519, 23716, 0),
(1004, 'OMF-TBT-00000000933', 1, 'TREMENZA TAB @100', 3, 22, 80, 'TAB', '1', '2024-06-06', 1455, 1600, 1840, 1968, 1760, 0),
(1005, 'OMF-TBT-00000000934', 1, 'CAVIPLEX CDEZ TAB @100', 7, 7, 10, 'STRP', '1', '2025-08-01', 14000, 15400, 17710, 18942, 16940, 0),
(1006, 'OMF-TBT-00000000935', 1, 'ZINKKID TAB @100', 1, 120, 100, 'TAB', '20', '2024-08-31', 2500, 2750, 3163, 3383, NULL, 1),
(1007, 'OMF-TBT-00000000936', 1, 'ZINKKID TAB @100', 1, 120, 100, 'TAB', '20', '2024-08-31', 2500, 2750, 3162, 3382, 3025, 0),
(1008, 'OMF-TBT-00000000937', 1, 'URISPAS TAB @30', 3, 120, 15, 'TAB', '200', '2023-08-31', 5084, 5592, 6431, 6878, 6151, 0),
(1009, 'OMF-TBT-00000000938', 1, 'GRATHAZONE 0.5 @200', 3, 148, 280, 'TAB', '0.5', '2025-03-03', 189, 208, 239, 256, 229, 0),
(1010, 'OMF-SRP-00000000939', 2, 'CELESTAMIN SYR 60 ML', 3, 147, 1, 'BTL', '1', '2023-03-03', 64300, 70730, 81340, 86998, 77803, 0),
(1011, 'OMF-SCT-00000000940', 15, 'MADU TJ SACH ALL VAR', 7, 63, 10, 'SACH', '1', '2022-12-01', 790, 869, 999, 1069, 956, 0),
(1012, 'OMF-AKS-00000000941', 7, 'MASKER TELINGA ONE CARE @50', 4, 8, 450, 'TAB', '1', '2022-12-01', 700, 770, 886, 947, 847, 0),
(1013, 'OMF-TBT-00000000942', 1, 'ELANOS TAB @30', 7, 98, 3, 'STRP', '1', '2022-05-05', 33000, 36300, 41745, 44649, 39930, 0),
(1014, 'OMF-TBT-00000000943', 1, 'RENOVIT  TAB @4 25\'S', 7, 49, 24, 'STRP', '1', '2022-12-01', 8570, 9427, 10841, 11595, 10370, 0),
(1015, 'OMF-TBT-00000000944', 1, 'XEPAMOL TAB', 1, 52, 2, 'TAB', '500', '2022-12-01', 12730, 14003, 16103, 17224, 15403, 0),
(1016, 'OMF-AKS-00000000945', 7, 'SALONPAS KOYO MERAH', 7, 43, 9, 'SACH', '1', '2022-12-01', 5378, 5916, 6803, 7277, 6508, 0),
(1017, 'OMF-CEM-00000000946', 9, 'HOT IN CREAM AROMATHERAPY HIJAU PUMP 120 ML', 7, 63, 1, 'BTL', '1', '2022-12-01', 22300, 24530, 28210, 30172, 26983, 0),
(1018, 'OMF-CEM-00000000947', 9, 'VOLTADEX GEL', 7, 26, 1, 'TUBE', '1', '2022-12-01', 21982, 24180, 27807, 29741, 26598, 0),
(1019, 'OMF-TBT-00000000948', 1, 'SALBUTAMOL 2 MG yarindo @100', 3, 112, 50, 'TAB', '2', '2022-12-01', 170, 187, 215, 230, 206, 0),
(1020, 'OMF-TBT-00000000949', 1, 'SALBUTAMOL 4 MG yarindo @100', 3, 112, 117, 'TAB', '4', '2022-12-01', 110, 121, 139, 149, 133, 0),
(1021, 'OMF-AKS-00000000950', 7, 'DERMAFIX 5 x 7 CM @25', 4, 8, 25, 'PCS', '1', '2022-12-01', 2707, 2978, 3425, 3663, 3276, 0),
(1022, 'OMF-KPL-00000000951', 18, 'ALPENTIN 100 MG @50', 3, 119, 40, 'TAB', '1', '2022-12-01', 3927, 4320, 4968, 5314, 4752, 0),
(1023, 'OMF-CEM-00000000952', 9, 'BENOSON-N CR 5GR', 3, 28, 3, 'TUBE', '1', '2022-12-01', 17661, 19427, 22341, 23895, 21370, 0),
(1024, 'OMF-TBT-00000000953', 14, 'MEMUCIL EFF @10', 3, 2, 140, 'TAB', '600', '2022-12-01', 8500, 9350, 10752, 11500, 10285, 0),
(1025, 'OMF-TBT-00000000954', 1, 'SIMLEV 500 MG @10', 3, 2, 5, 'TAB', '500', '2022-12-01', 30000, 33000, 37950, 40590, 36300, 0),
(1026, 'OMF-TBT-00000000955', 1, 'NEXIUM 20 @30', 3, 125, 33, 'TAB', 'TAB', '2022-12-01', 19159, 21074, 24236, 25922, 23182, 0),
(1027, 'OMF-TBT-00000000956', 1, 'INTERLAC CHEW TAB @30', 3, 32, 0, 'TAB', '1', '2022-12-01', 9500, 10450, 12018, 12854, 11495, 1),
(1028, 'OMF-TBT-00000000956', 1, 'INTERLAC CHEW TAB @30', 3, 32, 40, 'TAB', '1', '2022-12-01', 9500, 10450, 12018, 12854, 11495, 0),
(1029, 'OMF-SCT-00000000957', 15, 'ADEM SARI SACH  @48', 7, 8, 32, 'SACH', '1', '2022-09-23', 915, 1006, 1157, 1237, 1107, 0),
(1030, 'OMF-SRP-00000000958', 2, 'LIPROLAC BABY DROP', 1, 5, 1, 'BTL', '1', '2023-04-30', 210000, 231000, 265650, 284130, 254100, 0),
(1031, 'OMF-TBT-00000000959', 1, 'NOVALGIN TAB @100', 3, 118, 100, 'TAB', '500', '2024-03-31', 1424, 1566, 1801, 1926, 1723, 0),
(1032, 'OMF-SRP-00000000960', 2, 'DEPAKENE SYR 250 MG/ 5ML', 3, 150, 1, 'BTL', '1', '2024-04-26', 156700, 172370, 198226, 212015, 189607, 0),
(1033, 'OMF-KPL-00000000961', 18, 'DEFLAMAT - 100 CR @20', 3, 119, 15, 'CAPS', '100', '2022-11-30', 8000, 8800, 10120, 10824, 9680, 0),
(1034, 'OMF-KPL-00000000962', 18, 'DEFLAMAT - 75 CR @20', 3, 150, 20, 'CAPS', '75', '2022-12-31', 6500, 7150, 8222, 8794, 7865, 0),
(1035, 'OMF-CEM-00000000963', 9, 'DECUBAL CR 20 GR', 1, 119, 1, 'TUBE', '1', '2022-07-31', 21780, 23958, 27552, 29468, 26354, 0),
(1036, 'OMF-CEM-00000000964', 9, 'LOTASBAT CR', 3, 32, 2, 'TUBE', '1', '2024-04-30', 53500, 58850, 67678, 72386, 64735, 0),
(1037, 'OMF-TBT-00000000965', 1, 'MOTILIUM TAB @50', 3, 20, 50, 'TAB', '10', '2023-07-31', 5370, 5907, 6793, 7266, 6498, 0),
(1038, 'OMF-TBT-00000000966', 1, 'TILIDON 10 MG @30', 3, 32, 120, 'TAB', '10', '2026-05-31', 5000, 5500, 6325, 6765, 6050, 0),
(1039, 'OMF-TBT-00000000967', 1, 'PARIET 10 @14', 3, 145, 14, 'TAB', '10', '2023-12-12', 16875, 18562, 21346, 22831, 20418, 0),
(1040, 'OMF-SRP-00000000968', 2, 'CURVIT SYR 120 ML', 7, 3, 1, 'BTL', '1', '2023-07-07', 32750, 36025, 41429, 44311, 39628, 0),
(1041, 'OMF-TBT-00000000969', 1, 'FARMASAL 100 @100', 3, 47, 70, 'TAB', '100', '2023-02-03', 800, 880, 1012, 1082, 968, 0),
(1042, 'OMF-SCT-00000000970', 15, 'FITKOM GUMMY all var', 7, 3, 6, 'BOX', '1', '2023-01-01', 35500, 39050, 44908, 48032, 42955, 0),
(1043, 'OMF-TBT-00000000971', 1, 'FITKOM TAB HISAP all var', 7, 3, 6, 'BTL', '1', '2023-07-07', 11500, 12650, 14548, 15560, 13915, 0),
(1044, 'OMF-AKS-00000000972', 7, 'ANTIGENT STRIP TEST CLUNGEN @25', 4, 8, 25, 'STRP', '1', '2022-12-01', 40000, 44000, 50600, 54120, 48400, 0),
(1045, 'OMF-TBT-00000000973', 1, 'KETRICIN TAB @100', 3, 26, 1, 'TAB', '4', '2022-12-01', 3888, 4277, 4919, 5261, 4705, 0),
(1046, 'OMF-TBT-00000000974', 1, 'PROMAVIT TAB @60', 1, 1, 60, 'TAB', '1', '2023-12-01', 3300, 3630, 4174, 4465, 3993, 0),
(1047, 'OMF-SRP-00000000975', 2, 'MAXPRINOL SYR', 3, 2, 1, 'CAPS', '1', '2022-12-01', 75000, 82500, 94875, 101475, 90750, 0),
(1048, 'OMF-CEM-00000000976', 9, 'CANESTEN CR 5 GR', 2, 18, 1, 'TUBE', '1', '2022-12-01', 19658, 21624, 24868, 26598, 23786, 0),
(1049, 'OMF-TBT-00000000977', 1, 'GLUCOPHAGE XR 500 MG 15\'s @120', 3, 23, 30, 'TAB', '500', '2022-12-01', 3007, 3308, 3804, 4069, 3639, 0),
(1050, 'OMF-TBT-00000000978', 1, 'ANDALAN  laktasi TAB @28', 3, 34, 2, 'STRP', '1', '2022-12-01', 12090, 13299, 15294, 16358, 14629, 0),
(1051, 'OMF-TBT-00000000979', 1, 'SARIDON STRIP', 7, 18, 7, 'STRP', '1', '2022-12-01', 3056, 3362, 3866, 4135, 3698, 0),
(1052, 'OMF-SCT-00000000980', 15, 'NEO RHEUMACYL KOYO', 7, 30, 5, 'SACH', '1', '2022-12-01', 4070, 4477, 5149, 5507, 4925, 0),
(1053, 'OMF-AKS-00000000981', 7, 'HANDSCOON all siza SHAMROCK @50', 4, 8, 2, 'BOX', '1', '2022-12-01', 120000, 132000, 151800, 162360, 145200, 0),
(1054, 'OMF-CEM-00000000982', 9, 'OXYTETRACYCLIN SK', 3, 8, 1, 'TUBE', '1', '2022-12-01', 2537, 2791, 3210, 3433, 3070, 0),
(1055, 'OMF-TBT-00000000983', 1, 'NATRIUM DIKLOFENAK 50 MG novel @50', 3, 10, 2, 'TAB', '50', '2022-12-01', 310, 341, 392, 419, 375, 0),
(1056, 'OMF-TBT-00000000984', 1, 'CARBIDU TAB 0.75 MG', 3, 121, 10, 'TAB', '0.75', '2022-12-01', 254, 279, 321, 343, 307, 0),
(1057, 'OMF-TTA-00000000985', 19, 'CENDO LYTERS MD', 3, 110, 5, 'STRP', '1', '2022-12-01', 19250, 21175, 24351, 26045, 23292, 0),
(1058, 'OMF-TBT-00000000986', 1, 'LODIA TAB', 3, 22, 5, 'TAB', '1', '2022-12-01', 1000, 1100, 1265, 1353, 1210, 0),
(1059, 'OMF-CEM-00000000987', 9, 'BETADIN ZALF 10 GR', 7, 50, 1, 'TUBE', '1', '2022-12-01', 17490, 19239, 22125, 23664, 21163, 0),
(1060, 'OMF-SRP-00000000988', 2, 'TERMOREX SYR 30 ML', 1, 49, 1, 'BTL', '1', '2022-12-01', 7250, 7975, 9171, 9809, 8772, 0),
(1061, 'OMF-TBT-00000000989', 1, 'CRESTOR 20 MG 15\'S @30', 3, 125, 30, 'TAB', '20', '2023-10-10', 24357, 26793, 30812, 32955, 29472, 0),
(1062, 'OMF-TBT-00000000990', 1, 'LAPISIV-T @100', 2, 1, 9, 'TAB', '1', '2023-08-08', 14300, 15730, 18090, 19348, 17303, 0),
(1063, 'OMF-TBT-00000000991', 1, 'FOLDA TAB @30', 1, 2, 30, 'TAB', '1', '2024-05-05', 4150, 4565, 5250, 5615, 5022, 0),
(1064, 'OMF-TBT-00000000992', 1, 'LAPIMUC TAB @100', 3, 1, 100, 'TAB', '30', '2023-07-07', 850, 935, 1075, 1150, 1028, 0),
(1065, 'OMF-TBT-00000000993', 1, 'ODR SYR', 3, 1, 0, 'BTL', '1', '2023-04-04', 92000, 101200, 116380, 124476, 111320, 0),
(1066, 'OMF-TBT-00000000994', 1, 'ULCERID 40 @30', 3, 2, 0, 'TAB', '40', '2023-06-06', 5000, 5500, 6325, 6765, 6050, 0),
(1067, 'OMF-TBT-00000000995', 1, 'SIMFLOX 500 @30', 3, 2, 30, 'TAB', '500', '2023-01-01', 11500, 12650, 14548, 15560, 13915, 0),
(1068, 'OMF-TBT-00000000996', 1, 'AMVAR @30', 1, 2, 24, 'TAB', '1', '2024-03-03', 7000, 7700, 8855, 9471, 8470, 0),
(1069, 'OMF-BTL-00000000997', 8, 'AR-GOUT @30', 3, 2, 30, 'TAB', '0.5', '2023-02-02', 3750, 4125, 4744, 5074, 4538, 0),
(1070, 'OMF-TBT-00000000998', 1, 'LAPROSIN TAB', 3, 1, 0, 'TAB', '500', '2024-07-07', 9000, 9900, 11385, 12177, 10890, 0),
(1071, 'OMF-TBT-00000000999', 1, 'SIMARC 2 @100', 3, 47, 100, 'TAB', '2', '2024-01-31', 1470, 1617, 1860, 1989, 1779, 0),
(1072, 'OMF-CEM-00000001000', 9, 'COUNTERPAIN COOL CR 30 GR', 7, 48, 1, 'TUBE', '1', '2023-04-30', 36100, 39710, 45666, 48843, 43681, 0),
(1073, 'OMF-CEM-00000001001', 9, 'COUNTERPAIN COOL CR 60 GR', 7, 48, 1, 'TUBE', '1', '2023-07-31', 63100, 69410, 79822, 85374, 76351, 0),
(1074, 'OMF-AKS-00000001002', 7, 'HANSAPLAST KAIN ELSASTIS JUMBO 50 + 5 @100\'S', 4, 8, 165, 'PCS', '1', '2022-10-30', 414, 455, 523, 560, 500, 0),
(1075, 'OMF-AKS-00000001003', 7, 'TRANSOFIX', 4, 8, 10, 'PCS', '1', '2022-12-01', 7600, 8360, 9614, 10283, 9196, 0),
(1076, 'OMF-AKS-00000001004', 7, 'ALKOHOL SWAB GIDCARE @100', 4, 8, 200, 'BOX', '1', '2022-12-01', 125, 138, 159, 170, 152, 0),
(1077, 'OMF-AKS-00000001005', 7, 'PEMBALUT BERSALIN WANITA DACCO  M-8', 4, 8, 1, 'PCS', '1', '2022-12-01', 17000, 18700, 21505, 23001, 20570, 0),
(1078, 'OMF-AKS-00000001006', 7, 'PEMBALUT BERSALIN WANITA DACCO  L-4', 4, 8, 1, 'PCS', '1', '2022-12-01', 18000, 19800, 22770, 24354, 21780, 0),
(1079, 'OMF-SRP-00000001007', 2, 'KID-D 60 ML', 1, 144, 3, 'BTL', '1', '2023-07-31', 67500, 74250, 85388, 91328, 81675, 0),
(1080, 'OMF-TBT-00000001008', 1, 'FLAMSY 50 @30', 3, 144, 142, 'TAB', '50', '2023-03-31', 2000, 2200, 2530, 2706, 2420, 0),
(1081, 'OMF-TBT-00000001009', 1, 'CURCUMA FORCE STRIP', 7, 3, 10, 'TAB', '1', '2023-02-02', 10620, 11682, 13434, 14369, 12850, 0),
(1082, 'OMF-TBT-00000001010', 1, 'THERAGRAN-M STRIP @4 25\'S', 7, 48, 25, 'STRP', '1', '2023-02-02', 18200, 20020, 23023, 24625, 22022, 0),
(1083, 'OMF-TBT-00000001011', 1, 'ASTHIN FORCE @20', 1, 3, 0, 'TAB', '1', '2023-05-05', 7600, 8360, 9614, 10283, 9196, 0),
(1084, 'OMF-TBT-00000001012', 1, 'FUCOIDAN 6\'S @18', 1, 3, 18, 'TAB', '1', '2023-04-04', 11025, 12128, 13947, 14917, 13341, 0),
(1085, 'OMF-CEM-00000001013', 9, 'HOT IN CREAM STRONG MERAH TUBE 120 ML', 7, 63, 1, 'TUBE', '1', '2024-07-07', 24500, 26950, 30992, 33148, 29645, 0),
(1086, 'OMF-CEM-00000001014', 9, 'HOT IN CREAM STRONG MERAH TUBE 60 ML', 7, 63, 1, 'TUBE', '1', '2024-06-26', 14700, 16170, 18596, 19889, 17787, 0),
(1087, 'OMF-SRP-00000001015', 2, 'OBH COMBI PLUS BATUK FLU SYR 100 ML ALL VAR', 2, 11, 6, 'BTL', '1', '2023-07-07', 13781, 15159, 17433, 18646, 16675, 0),
(1088, 'OMF-SRP-00000001016', 2, 'SCOTT EMULSION VITA 400 ML', 7, 29, 1, 'SYR', '1', '2023-03-03', 52189, 57408, 66019, 70612, 63149, 0),
(1089, 'OMF-TBT-00000001017', 1, 'BECOMZET TAB @100', 7, 22, 29, 'STRP', '1', '2023-08-08', 21000, 23100, 26565, 28413, 25410, 0),
(1090, 'OMF-TBT-00000001018', 1, 'FLAMAR 50 MG @100', 3, 22, 100, 'TAB', '50', '2025-05-05', 1825, 2008, 2309, 2470, 2209, 0),
(1091, 'OMF-KPL-00000001019', 18, 'LAPRAZ CAPS @20', 3, 22, 40, 'CAPS', '30', '2023-05-05', 11980, 13178, 15155, 16209, 14496, 0),
(1092, 'OMF-TBT-00000001020', 1, 'SANPRIMA FORTE @100', 3, 22, 100, 'TAB', '1', '2025-05-05', 1995, 2194, 2523, 2699, 2413, 0),
(1093, 'OMF-KPL-00000001021', 18, 'HEPARMIN CAPS @30', 1, 116, 25, 'TAB', '1', '2023-03-30', 6667, 7334, 8434, 9021, 8067, 0),
(1094, 'OMF-TTA-00000001022', 20, 'FORUMEN EAR DROP', 7, 22, 3, 'PCS', '1', '2023-12-12', 25550, 28105, 32321, 34569, 30916, 0),
(1095, 'OMF-SRP-00000001023', 2, 'SANPRIMA SYR', 3, 22, 1, 'BTL', '1', '2023-06-06', 25600, 28160, 32384, 34637, 30976, 0),
(1096, 'OMF-IJI-00000001024', 22, 'NEUROSANBE INJ @10', 3, 22, 2, 'VIAL', '1', '2022-12-12', 5470, 6017, 6920, 7401, 6619, 0),
(1097, 'OMF-SRP-00000001025', 2, 'DAMABEN SYR', 3, 22, 1, 'BTL', '1', '2023-04-04', 9900, 10890, 12524, 13395, 11979, 0),
(1098, 'OMF-SRP-00000001026', 2, 'DAMABEN DROP', 3, 22, 1, 'BTL', '1', '2023-05-05', 13700, 15070, 17330, 18536, 16577, 0),
(1099, 'OMF-IJI-00000001027', 22, 'GARDASIL INJ', 3, 122, 3, 'BOX', '1', '2022-03-23', 818606, 900467, 1035537, 1107574, 990514, 0),
(1100, 'OMF-TBT-00000001028', 1, 'DISOLF TAB @30', 3, 26, 18, 'TAB', '1', '2023-05-05', 7000, 7700, 8855, 9471, 8470, 0),
(1101, 'OMF-SCT-00000001029', 15, 'YOUVIT KIDS 6\'S', 7, 26, 9, 'SACH', '1', '2022-11-01', 12204, 13424, 15438, 16512, 14766, 0),
(1102, 'OMF-SCT-00000001030', 15, 'YOUVIT ADULTS 6\'S', 7, 26, 11, 'SACH', '1', '2022-11-11', 12205, 13426, 15440, 16514, 14769, 0),
(1103, 'OMF-CEM-00000001031', 9, 'MELANOX CR', 3, 109, 1, 'TUBE', '1', '2024-04-04', 30000, 33000, 37950, 40590, 36300, 0),
(1104, 'OMF-CEM-00000001032', 9, 'MOMETHASON CR 5 GR', 3, 117, 2, 'TUBE', '1', '2024-06-06', 12825, 14108, 16224, 17353, 15519, 0),
(1105, 'OMF-CEM-00000001033', 9, 'MOMETHASON CR 10 GR', 3, 117, 2, 'TUBE', '1', '2024-06-06', 20250, 22275, 25616, 27398, 24502, 0),
(1106, 'OMF-BTL-00000001034', 8, 'QNC BTL', 8, 8, 0, 'BTL', '1', '2022-12-01', 181000, 199100, 228965, 244893, 219010, 0),
(1107, 'OMF-SRP-00000001035', 2, 'ZETMAG', 8, 8, 1, 'BTL', '1', '2022-12-01', 125000, 137500, 158125, 169125, 151250, 0),
(1108, 'OMF-KPL-00000001036', 18, 'PROCENA @60', 8, 8, 1, 'BTL', '1', '2022-12-01', 65000, 71500, 82225, 87945, 78650, 0),
(1109, 'OMF-BTL-00000001037', 8, 'M. ZAITUN BORGES 250 ML', 8, 8, 1, 'BTL', '1', '2022-12-01', 49000, 53900, 61985, 66297, 59290, 0),
(1110, 'OMF-BTL-00000001038', 8, 'M. ZAITUN BORGES 500 ML', 8, 8, 1, 'BTL', '1', '2022-12-01', 89000, 97900, 112585, 120417, 107690, 0),
(1111, 'OMF-TBT-00000001039', 1, 'CANDESARTAN 16 MG infion @30', 3, 141, 110, 'TAB', '16', '2024-05-31', 4000, 4400, 5060, 5412, 4840, 0),
(1112, 'OMF-TBT-00000001040', 1, 'BIONICOM ZINC @100', 7, 121, 49, 'TAB', '1', '2023-08-31', 17860, 19646, 22593, 24165, 21611, 0),
(1113, 'OMF-AKS-00000001041', 7, 'DODO NASAL ASPIRATOR', 4, 8, 1, 'BTL', '1', '2022-12-01', 19500, 21450, 24668, 26384, 23595, 0),
(1114, 'OMF-AKS-00000001042', 7, 'SPUIT 50 CC TERUMO (lubang pinggir)', 4, 8, 2, 'PCS', '1', '2022-12-01', 14000, 15400, 17710, 18942, 16940, 0),
(1115, 'OMF-AKS-00000001043', 7, 'SPUIT 50 CC TERUMO (lubang Tengah)', 4, 8, 2, 'TAB', '1', '2022-12-01', 28000, 30800, 35420, 37884, 33880, 0),
(1116, 'OMF-SCT-00000001044', 15, 'VEGETA  HERBAL SACH hanger', 7, 76, 10, 'BTL', '1', '2023-01-01', 2269, 2496, 2870, 3070, 2746, 0),
(1117, 'OMF-ONT-00000001045', 10, 'MYCO-Z OINT', 3, 48, 1, 'TUBE', '1', '2023-11-11', 78300, 86130, 99050, 105940, 94743, 0),
(1118, 'OMF-SRP-00000001046', 2, 'SOLAC SYR 120 ML', 1, 3, 1, 'BTL', '1', '2023-08-08', 73450, 80795, 92914, 99378, 88874, 0),
(1119, 'OMF-SRP-00000001047', 2, 'PRALAX SYR 100 ML', 1, 47, 1, 'BTL', '1', '2023-07-07', 70000, 77000, 88550, 94710, 84700, 0),
(1120, 'OMF-TBT-00000001048', 1, 'CRAVOX 500 MG', 3, 1, 10, 'TAB', '500', '2025-07-07', 37500, 41250, 47438, 50738, 45375, 0),
(1121, 'OMF-SRP-00000001049', 2, 'SCOTT EMULSION ORIGINAL 200 ML', 7, 11, 1, 'BTL', '1', '2023-01-01', 36164, 39780, 45747, 48929, 43758, 0),
(1122, 'OMF-SRP-00000001050', 2, 'SCOTT EMULSION ORIGINAL 400 ML', 7, 11, 1, 'BTL', '1', '2023-10-10', 60968, 67065, 77125, 82490, 73772, 0),
(1123, 'OMF-CEM-00000001051', 9, 'DERMATIX 9 GR', 7, 71, 1, 'TUBE', '1', '2022-11-01', 152500, 167750, 192912, 206332, 184525, 0),
(1124, 'OMF-KPL-00000001052', 18, 'XENICAL 120 MG CAPS @21', 3, 61, 0, 'CAPS', '120', '2023-02-28', 10947, 12042, 13848, 14812, 13246, 0),
(1125, 'OMF-CEM-00000001053', 9, 'NEO RHEUMACYL CR ORANGE', 7, 30, 2, 'TUBE', '1', '2024-06-09', 11364, 12500, 14375, 15375, 13750, 0),
(1126, 'OMF-TBT-00000001054', 1, 'MY BABY 1 SET All Varr', 7, 30, 2, 'POUCH', '1', '2022-12-01', 18637, 20501, 23576, 25216, 22551, 0),
(1127, 'OMF-BTL-00000001055', 8, 'MY BABY  HAIR AND BODY WASH', 7, 30, 2, 'BTL', '1', '2022-12-01', 12773, 14050, 16158, 17282, 15455, 0),
(1128, 'OMF-AKS-00000001056', 7, 'HANDSCOON all siza SENSI @40', 4, 8, 6, 'BOX', '1', '2024-12-01', 55800, 61380, 70587, 75497, 67518, 0),
(1129, 'OMF-TBT-00000001057', 1, 'VIAGRA 50 MG @4', 3, 105, 3, 'TAB', '50', '2025-11-11', 117213, 128934, 148274, 158589, 141827, 0),
(1130, 'OMF-TBT-00000001058', 1, 'LAMESON 8 MG', 3, 1, 110, 'TAB', '8', '2022-12-01', 5500, 6050, 6958, 7442, 6655, 0),
(1131, 'OMF-SPO-00000001059', 17, 'BORRAGINOL-S SUPP @10', 3, 83, 0, 'SUPP', '1', '2022-12-01', 13500, 14850, 17078, 18266, 16335, 0),
(1132, 'OMF-TBT-00000001060', 1, 'HI-D 1000 @30', 3, 144, 30, 'TAB', '1000', '2022-12-01', 2600, 2860, 3289, 3518, 3146, 0),
(1133, 'OMF-TBT-00000001061', 1, 'IMBOOST  KIDS SYR 120 ML', 7, 3, 1, 'BTL', '1', '2022-12-01', 50700, 55770, 64136, 68597, 61347, 0),
(1134, 'OMF-SRP-00000001062', 2, 'IMUNPED SYR', 7, 14, 4, 'BTL', '1', '2022-12-01', 45750, 50325, 57874, 61900, 55358, 0),
(1135, 'OMF-SRP-00000001063', 2, 'IMUNPED DROP', 7, 14, 1, 'BTL', '1', '2022-12-01', 47350, 52085, 59898, 64065, 57294, 0),
(1136, 'OMF-SRP-00000001064', 2, 'INPEPSA SYR 100 ML', 3, 47, 1, 'BTL', '1', '2022-12-01', 60000, 66000, 75900, 81180, 72600, 0),
(1137, 'OMF-TBT-00000001065', 1, 'MICROGEST 200 MCG @30', 3, 1, 0, 'TAB', '200', '2022-12-01', 22000, 24200, 27830, 29766, 26620, 0),
(1138, 'OMF-TBT-00000001066', 1, 'VALSARTAN 160 MG HJ @30', 3, 4, 30, 'TAB', '160', '2022-12-01', 5500, 6050, 6958, 7442, 6655, 0),
(1139, 'OMF-CEM-00000001067', 9, 'ACLOVIR CR', 3, 120, 11, 'TUBE', '1', '2024-09-30', 8500, 9350, 10752, 11500, 10285, 0),
(1140, 'OMF-KPL-00000001068', 18, 'BIOSTIN @30', 1, 120, 1, 'BOX', '1', '2022-12-31', 110000, 121000, 139150, 148830, 133100, 0),
(1141, 'OMF-TBT-00000001069', 1, 'BIO NERVE @40', 8, 8, 2, 'BTL', '1', '2022-12-01', 160000, 176000, 202400, 216480, 193600, 0),
(1142, 'OMF-SRP-00000001070', 2, 'SANADRYL EXP SYR 120 ML', 2, 22, 1, 'BTL', '1', '2024-06-03', 14300, 15730, 18090, 19348, 17303, 0),
(1143, 'OMF-GEL-00000001071', 11, 'KY-JELLY 50 GR', 7, 22, 1, 'TUBE', '1', '2023-06-06', 33598, 36958, 42502, 45458, 40654, 0),
(1144, 'OMF-SRP-00000001072', 2, 'CURFOS SYR 120 ML', 7, 32, 1, 'BTL', '1', '2023-03-31', 123000, 135300, 155595, 166419, 148830, 0),
(1145, 'OMF-BTL-00000001073', 8, 'M. KUTUS KUTUS 100 ML', 8, 8, 3, 'BTL', '1', '2024-02-23', 209091, 230000, 264500, 282900, 253000, 0),
(1146, 'OMF-SMG-00000001074', 25, 'PHYSIOMER BABY SPRAY', 7, 32, 1, 'BTL', '1', '2023-09-30', 163000, 179300, 206195, 220539, 197230, 0),
(1147, 'OMF-SMG-00000001075', 25, 'PHYSIOMER BABY HYPERTONIC SPRAY', 7, 32, 1, 'BTL', '1', '2023-09-30', 142000, 156200, 179630, 192126, 171820, 0),
(1148, 'OMF-SMG-00000001076', 25, 'PHYSIOMER ADULT HYPERTONIC SPRAY', 7, 32, 1, 'BTL', '1', '2023-08-31', 163000, 179300, 206195, 220539, 197230, 0),
(1149, 'OMF-SRP-00000001077', 2, 'FERLIN SYR 100 ML', 7, 14, 1, 'BTL', '1', '2023-05-31', 32000, 35200, 40480, 43296, 38720, 0),
(1150, 'OMF-TBT-00000001078', 1, 'IMBOOST FORCE ULTIMATE KAPL @30', 7, 3, 11, 'STRP', '1', '2023-08-08', 79317, 87249, 100336, 107316, 95974, 0),
(1151, 'OMF-BTL-00000001079', 8, 'M. TAWON FF', 7, 106, 2, 'BTL', '1', '2026-04-04', 55917, 61509, 70735, 75656, 67660, 0),
(1152, 'OMF-BTL-00000001080', 8, 'ROHTO EYE FLUSH  150 ML', 7, 17, 1, 'BTL', '1', '2024-03-03', 27000, 29700, 34155, 36531, 32670, 0),
(1153, 'OMF-TBT-00000001081', 1, 'VELACOM PLUS 2/500', 3, 10, 0, 'TAB', '1', '2023-06-06', 2334, 2567, 2952, 3157, 2824, 0),
(1154, 'OMF-BTL-00000001082', 8, 'AMITRIPTYLIN 25 MG yarindo @100', 3, 112, 10, 'TAB', '25', '2022-12-01', 300, 330, 380, 406, 363, 0),
(1155, 'OMF-TBT-00000001083', 1, 'PROCLOZAM 10', 6, 21, 9, 'TAB', '10', '2022-11-02', 2600, 2860, 3289, 3518, 3146, 0),
(1156, 'OMF-TBT-00000001084', 1, 'FORXIGA 10 MG @28', 3, 125, 0, 'TAB', '10', '2023-11-30', 16913, 18604, 21395, 22883, 20464, 0),
(1157, 'OMF-IJI-00000001085', 22, 'CYSTISTAT INJ', 3, 146, 0, 'PCS', '1', '2022-02-02', 1787500, 1966250, 2261188, 2418488, 2162875, 0),
(1158, 'OMF-SRP-00000001086', 2, 'EPISAN SYR 200 ML', 3, 22, 1, 'BTL', '1', '2023-08-08', 78400, 86240, 99176, 106075, 94864, 0),
(1159, 'OMF-BTL-00000001087', 8, 'REGROU FORTE', 3, 109, 1, 'BTL', '1', '2023-06-06', 98850, 108735, 125045, 133744, 119608, 0),
(1160, 'OMF-SRP-00000001088', 2, 'ERDOMEX DS', 3, 2, 1, 'BTL', '1\\', '2023-07-07', 41000, 45100, 51865, 55473, 49610, 0),
(1161, 'OMF-TBT-00000001089', 1, 'FREGO 5 @50', 3, 5, 50, 'TAB', '5', '2023-06-30', 6000, 6600, 7590, 8118, 7260, 0),
(1162, 'OMF-TBT-00000001090', 1, 'KALNEX  500  @100', 3, 5, 100, 'TAB', '500', '2024-04-30', 3350, 3685, 4238, 4533, 4054, 0),
(1163, 'OMF-TTA-00000001091', 19, 'ERLAMICETIN PLUS EYE DROP', 3, 7, 1, 'BTL', '1', '2022-11-01', 15400, 16940, 19481, 20836, 18634, 0),
(1164, 'OMF-TBT-00000001092', 1, 'BRICLOT  90 MG @30', 3, 26, 60, 'TAB', '90', '2023-02-02', 10000, 11000, 12650, 13530, 12100, 0),
(1165, 'OMF-TBT-00000001093', 1, 'YASMIN', 3, 18, 1, 'BOX', '1', '2023-10-10', 194179, 213597, 245637, 262724, 234957, 0),
(1166, 'OMF-SRP-00000001094', 2, 'PSIDII SYR', 7, 26, 2, 'BTL', '1', '2022-03-03', 38000, 41800, 48070, 51414, 45980, 0),
(1167, 'OMF-SRP-00000001095', 2, 'SUCRALFAT SYR 100 ML dexa', 3, 26, 2, 'BTL', '1', '2023-03-03', 22000, 24200, 27830, 29766, 26620, 0),
(1168, 'OMF-KPL-00000001096', 18, 'URSODEOXYCHOLIC ACID 250 MG @30', 3, 26, 30, 'KAPS', '250', '2024-06-06', 6160, 6776, 7792, 8334, 7454, 0),
(1169, 'OMF-BTL-00000001097', 8, 'REFIL TABUNG OKSIGEN 1 KUBIK', 7, 8, 0, 'PCS', '1', '2023-01-01', 75000, 82500, 95000, 95000, 90000, 0),
(1170, 'OMF-TBT-00000001098', 1, 'MAXPRINOL TAB @8', 3, 2, 25, 'TAB', '1', '2022-12-01', 10000, 11000, 12650, 13530, 12100, 0),
(1171, 'OMF-TBT-00000001099', 1, 'ANALSIK TAB @100', 6, 22, 46, 'TAB', '1', '2022-12-01', 1525, 1678, 1930, 2064, 1846, 0),
(1172, 'OMF-TBT-00000001100', 1, 'BIOTHICOL 500', 3, 22, 20, 'TAB', '500', '2022-12-01', 4050, 4455, 5124, 5480, 4901, 0),
(1173, 'OMF-AKS-00000001101', 7, 'DESINFEKTAN SECRET SPAR all var', 4, 8, 4, 'PCS', '1', '2022-12-01', 40000, 44000, 50600, 54120, 48400, 0),
(1174, 'OMF-SRP-00000001102', 2, 'SIM-DHA SYR', 1, 2, 2, 'BTL', '1', '2023-08-26', 45000, 49500, 56925, 60885, 54450, 0),
(1175, 'OMF-TBT-00000001103', 1, 'COBAZIM 1000 25\'S @100', 1, 32, 100, 'TAB', '1', '2024-10-31', 4500, 4950, 5693, 6089, 5445, 0),
(1176, 'OMF-CEM-00000001104', 9, 'EMTRIX SOL', 1, 15, 1, 'BOX', '1', '2022-12-04', 175000, 192500, 221375, 236775, 211750, 0),
(1177, 'OMF-BTL-00000001105', 8, 'ASEPSO BW REFIL All var', 7, 8, 0, 'POUCH', '1', '2024-04-04', 22500, 24750, 28462, 30442, 27225, 0),
(1178, 'OMF-CEM-00000001106', 9, 'HOT IN CREAM AROMATHERAPY HIJAU TUBE 120 ML', 7, 63, 1, 'TUBE', '1', '2024-03-03', 24500, 26950, 30992, 33148, 29645, 0),
(1179, 'OMF-CEM-00000001107', 9, 'HOT IN CREAM AROMATHERAPY HIJAU BTL 60 ML', 7, 63, 1, 'TUBE', '1', '2024-03-03', 14700, 16170, 18596, 19889, 17787, 0);
INSERT INTO `obat` (`id_obat`, `kode_obat`, `id_jenis_obat`, `nama_obat`, `id_golongan_obat`, `id_pabrik_obat`, `stok_obat`, `satuan_obat`, `dosis_satuan`, `tanggal_expired`, `harga_modal`, `harga_modal_ppn`, `hja_upds`, `hja_resep`, `hja_relasi`, `status_delete`) VALUES
(1180, 'OMF-SRP-00000001108', 2, 'COLORTUSIN SYR', 2, 113, 2, 'BTL', '1', '2023-08-08', 5500, 6050, 6958, 7442, 6655, 0),
(1181, 'OMF-TBT-00000001109', 1, 'COLORTUSIN TAB', 2, 113, 10, 'STRP', '1', '2024-08-08', 5035, 5538, 6369, 6812, 6092, 0),
(1182, 'OMF-AKS-00000001110', 7, 'SECRET DESINFEKTAN SPRAY All var', 4, 8, 0, 'PCS', '1', '2022-12-01', 40000, 44000, 50600, 54120, 48400, 0),
(1183, 'OMF-TBT-00000001111', 1, 'LAVIT -C 1000 @30', 7, 1, 120, 'TAB', '1000', '2023-08-08', 3100, 3410, 3922, 4194, 3751, 0),
(1184, 'OMF-KPL-00000001112', 18, 'DOSIVEC CAPS @30', 3, 21, 40, 'CAPS', '30', '2024-06-06', 4000, 4400, 5060, 5412, 4840, 0),
(1185, 'OMF-TBT-00000001113', 1, 'PROHISTIN TAB', 3, 21, 40, 'TAB', '10', '2025-07-01', 4350, 4785, 5503, 5886, 5264, 0),
(1186, 'OMF-SRP-00000001114', 2, 'PROCELES SYR', 3, 21, 1, 'BTL', '1', '2023-11-01', 35000, 38500, 44275, 47355, 42350, 0),
(1187, 'OMF-SRP-00000001115', 2, 'MUCOS SYR', 3, 21, 1, 'BTL', '1', '2024-02-02', 16500, 18150, 20872, 22324, 19965, 0),
(1188, 'OMF-SRP-00000001116', 2, 'CEFILA DS', 3, 1, 1, 'BTL', '1', '2023-05-05', 83000, 91300, 104995, 112299, 100430, 0),
(1189, 'OMF-TBT-00000001117', 1, 'ZIBRAMAX TAB @6', 3, 123, 12, 'TAB', '500', '2023-07-07', 37667, 41434, 47649, 50964, 45577, 0),
(1190, 'OMF-SRP-00000001118', 2, 'ZIBRAMAX DS', 3, 123, 1, 'BTL', '1', '2023-07-07', 108000, 118800, 136620, 146124, 130680, 0),
(1191, 'OMF-KPL-00000001119', 18, 'GEMFIBROZIL 300 Pharos @100', 3, 46, 20, 'KAPS', '300', '2022-12-01', 700, 770, 886, 947, 847, 0),
(1192, 'OMF-TBT-00000001120', 1, 'PROMEDEX SYR', 2, 32, 2, 'BTL', '1', '2023-07-31', 33075, 36382, 41840, 44750, 40021, 0),
(1193, 'OMF-TBT-00000001121', 1, 'ENERVON-C ACTIVE TAB @4 25\'s', 7, 14, 50, 'STRP', '1', '2023-08-08', 4572, 5029, 5784, 6186, 5532, 0),
(1194, 'OMF-CEM-00000001122', 9, 'LAFALOS PLUS CR', 7, 22, 2, 'TUBE', '1', '2024-03-03', 18096, 19905, 22891, 24484, 21896, 0),
(1195, 'OMF-CEM-00000001123', 9, 'PIBAKSIN CR', 3, 22, 1, 'TUBE', '1', '2023-04-04', 41000, 45100, 51865, 55473, 49610, 0),
(1196, 'OMF-TBT-00000001124', 1, 'BAQUINOR FORTE TAB', 3, 22, 20, 'TAB', '500', '2023-08-08', 13570, 14927, 17167, 18361, 16420, 0),
(1197, 'OMF-ONT-00000001125', 10, 'DESOLEX LOT', 3, 109, 1, 'BTL', '1', '2023-10-10', 50600, 55660, 64009, 68462, 61226, 0),
(1198, 'OMF-CEM-00000001126', 9, 'DESOLEX CR 10 GR', 3, 109, 1, 'TUBE', '1', '2024-05-05', 22800, 25080, 28842, 30849, 27588, 0),
(1199, 'OMF-CEM-00000001127', 9, 'DESOLEX-N CR 10 GR', 3, 109, 1, 'TUBE', '1', '2023-06-06', 28500, 31350, 36053, 38561, 34485, 0),
(1200, 'OMF-AKS-00000001128', 7, 'SUTRA GERIGI 12\'S', 4, 66, 2, 'PCS', '1', '2024-03-03', 24364, 26800, 30820, 32964, 29480, 0),
(1201, 'OMF-AKS-00000001129', 7, 'SUTRA TISSUE PLUS', 4, 66, 1, 'PCS', '1', '2024-12-12', 5000, 5500, 6325, 6765, 6050, 0),
(1202, 'OMF-TBT-00000001130', 1, 'NUVISIOON TAB @30', 1, 123, 20, 'TAB', '1', '2022-10-10', 5800, 6380, 7337, 7848, 7018, 0),
(1203, 'OMF-TBT-00000001131', 1, 'LAVIT -C 500 @30', 7, 1, 60, 'TAB', '1', '2023-08-08', 2000, 2200, 2530, 2706, 2420, 0),
(1204, 'OMF-TBT-00000001132', 14, 'FLUIMUCIL EFF 600 MG @10', 3, 151, 10, 'TAB', '600', '2024-04-30', 13900, 15290, 17584, 18807, 16819, 0),
(1205, 'OMF-KPL-00000001133', 18, 'FLUIMUCIL CAPS 200 MG @60', 3, 151, 60, 'KAPS', '200', '2024-09-30', 8784, 9662, 11112, 11885, 10629, 0),
(1206, 'OMF-TBT-00000001134', 1, 'PROVITAL PLUS @10\'S', 1, 143, 10, 'TAB', '1', '2025-04-30', 29000, 31900, 36685, 39237, 35090, 0),
(1207, 'OMF-TBT-00000001135', 1, 'TRACETATE TAB @30', 3, 47, 30, 'TAB', '1', '2024-06-30', 33000, 36300, 41745, 44649, 39930, 0),
(1208, 'OMF-SRP-00000001136', 2, 'TRACETATE SYR 200 ML', 3, 47, 1, 'BTL', '1', '2023-05-31', 390000, 429000, 493350, 527670, 471900, 0),
(1209, 'OMF-BTL-00000001137', 8, 'BETADIN SOL 1 L', 4, 50, 1, 'BTL', '1', '2024-12-12', 175000, 192500, 221375, 236775, 211750, 0),
(1210, 'OMF-KPL-00000001138', 18, 'INTERKRIL @30', 3, 32, 0, 'KAPS', '1', '2022-06-30', 9500, 10450, 12018, 12854, 11495, 1),
(1211, 'OMF-SPO-00000001139', 17, 'PRONALGES SUPP @10', 3, 26, 10, 'SUPP', '1', '2024-05-05', 14000, 15400, 17710, 18942, 16940, 0),
(1212, 'OMF-TBT-00000001140', 1, 'NUVISOPM TAB @30', 1, 123, 0, 'TAB', '1', '2022-10-10', 5800, 6380, 7337, 7848, 7018, 1),
(1213, 'OMF-AKS-00000001141', 7, 'KAPAS GULUNG  250 GRAM MOOR RINA', 4, 8, 2, 'PCS', '1', '2022-12-01', 18500, 20350, 23403, 25031, 22385, 0),
(1214, 'OMF-AKS-00000001142', 7, 'KAPAS GULUNG  50 GRAM MOOR RINA', 4, 8, 1, 'PCS', '1', '2022-12-01', 4500, 4950, 5693, 6089, 5445, 0),
(1215, 'OMF-TBT-00000001143', 1, 'ERYSANBE 500 MG TAB', 3, 22, 20, 'TAB', '500', '2022-12-01', 2976, 3273, 3764, 4026, 3601, 0),
(1216, 'OMF-BTL-00000001144', 8, 'ALOBOTHYL 5 ML', 7, 8, 0, 'BTL', '1', '2022-12-12', 23000, 25300, 29095, 31119, 27830, 0),
(1217, 'OMF-SRP-00000001145', 2, 'OBAT BATUK IBU DAN ANAK (OBIDA) 300 ML', 8, 8, 3, 'BTL', '1', '2023-10-10', 56644, 62308, 71655, 76639, 68539, 0),
(1218, 'OMF-AKS-00000001146', 7, 'TISSUE PASEO 50 SH', 4, 8, 10, 'PCS', '1', '2022-01-01', 1980, 2178, 2505, 2679, 2396, 0),
(1219, 'OMF-AKS-00000001147', 7, 'TISSUE PASEO 250 SH', 4, 8, 4, 'PCS', '1', '2022-12-01', 9570, 10527, 12107, 12949, 11580, 0),
(1220, 'OMF-KPL-00000001148', 18, 'LASGAN CAPS 20MG @20', 3, 1, 0, 'KAPS', '20', '2023-06-06', 14000, 15400, 17710, 18942, 16940, 0),
(1221, 'OMF-TBT-00000001149', 1, 'FREGO 10 @50', 3, 5, 50, 'TAB', '10', '2024-02-29', 5400, 5940, 6831, 7307, 6534, 0),
(1222, 'OMF-KPL-00000001150', 18, 'ERDOMEX CAPS @20', 3, 2, 0, 'CAPS', '300', '2021-09-29', 4050, 4455, 5124, 5480, 4901, 0),
(1223, 'OMF-SCT-00000001151', 15, 'TROPICANASLIM DIABETIC 50\'S', 7, 82, 1, 'BOX', '1', '2024-04-04', 37000, 40700, 46805, 50061, 44770, 0),
(1224, 'OMF-SCT-00000001152', 15, 'TROPICANASLIM CLASIC 25\'S', 7, 82, 1, 'BOX', '1', '2024-04-04', 19000, 20900, 24035, 25707, 22990, 0),
(1225, 'OMF-TBT-00000001153', 1, 'NEUROBAT TAB @10', 1, 32, 10, 'STRP', '1', '2023-04-30', 27000, 29700, 34155, 36531, 32670, 0),
(1226, 'OMF-KPL-00000001154', 18, 'NEUROSANTIN 300 @50', 3, 22, 50, 'CAPS', '300', '2023-02-02', 62000, 68200, 78430, 83886, 75020, 0),
(1227, 'OMF-SRP-00000001155', 2, 'EPISAN SYR 100 ML', 3, 22, 0, 'BTL', '1', '2023-08-08', 48900, 53790, 61859, 66162, 59170, 0),
(1228, 'OMF-TBT-00000001156', 1, 'TROVENSIN 4 @10', 3, 22, 10, 'TAB', '4', '2022-12-12', 12300, 13530, 15560, 16642, 14883, 0),
(1229, 'OMF-TBT-00000001157', 1, 'TROVENSIN 8 @10', 3, 22, 10, 'TAB', '8', '2022-12-01', 17300, 19030, 21885, 23407, 20934, 0),
(1230, 'OMF-TTA-00000001158', 20, 'OTILON EAR DROP', 3, 22, 0, 'BTL', '1', '2023-06-06', 38550, 42405, 48766, 52159, 46646, 0),
(1231, 'OMF-BTL-00000001159', 8, 'ALBOTYL 5 ML', 3, 8, 0, 'BTL', '1', '2024-08-08', 23000, 25300, 29095, 31119, 27830, 0),
(1232, 'OMF-AKS-00000001160', 7, 'PIPET KONDOM OBAT', 4, 8, 0, 'PCS', '1', '2022-12-01', 3850, 4235, 4871, 5210, 4659, 0),
(1233, 'OMF-CEM-00000001161', 9, 'MEDIFLEX CR', 3, 5, 0, 'TUBE', '1', '2022-12-01', 80000, 88000, 101200, 108240, 96800, 0),
(1234, 'OMF-TBT-00000001162', 1, 'NEUROSANBE 5000 @100', 3, 22, 90, 'TAB', '1', '2022-12-01', 2555, 2810, 3232, 3457, 3091, 0),
(1235, 'OMF-TBT-00000001163', 1, 'JANUMET 50/1000 @28', 3, 122, 0, 'TAB', '1', '2022-12-01', 8731, 9604, 11045, 11813, 10565, 0),
(1236, 'OMF-TBT-00000001164', 1, 'FRILADAR 2 @30', 3, 32, 30, 'TAB', '2', '2023-03-30', 6500, 7150, 8223, 8795, 7865, 0),
(1237, 'OMF-CEM-00000001165', 9, 'SALTICIN CR', 3, 32, 2, 'TUBE', '1', '2023-04-04', 29500, 32450, 37318, 39914, 35695, 0),
(1238, 'OMF-TBT-00000001166', 1, 'LIPITOR 10 MG @30', 3, 105, 30, 'TAB', '10', '2023-02-02', 18648, 20512, 23589, 25230, 22564, 0),
(1239, 'OMF-SRP-00000001167', 2, 'PLANTACID FORTE SYR 100 ML', 1, 5, 2, 'BTL', '1', '2023-08-31', 27000, 29700, 34155, 36531, 32670, 0),
(1240, 'OMF-SCT-00000001168', 15, 'ADEM SARI BOX 5\'S', 7, 8, 2, 'BOX', '1', '2022-12-10', 11200, 12320, 14168, 15154, 13552, 0),
(1241, 'OMF-TBT-00000001169', 1, 'LAPIBION TAB 10\'S', 7, 1, 10, 'STRP', '1', '2023-02-01', 13000, 14300, 16445, 17589, 15730, 0),
(1242, 'OMF-SRP-00000001170', 2, 'APECUR SYR', 7, 2, 1, 'BTL', '1', '2023-05-02', 35000, 38500, 44275, 47355, 42350, 0),
(1243, 'OMF-SRP-00000001171', 2, 'MYCONIS DROP', 3, 2, 1, 'BTL', '1', '2023-02-02', 37500, 41250, 47438, 50738, 45375, 0),
(1244, 'OMF-AKS-00000001172', 7, 'TIMBANGAN BADAN DIGITAL GEA EB 9350', 4, 8, 1, 'PCS', '1', '2022-12-01', 137500, 151250, 173938, 186038, 166376, 0),
(1245, 'OMF-SCT-00000001173', 15, 'TROPICANASLIM CLASIC 50\'S', 7, 82, 1, 'BOX', '1', '2023-03-03', 35000, 38500, 44275, 47355, 42350, 0),
(1246, 'OMF-CEM-00000001174', 9, 'KLODERMA  CR 10 GR', 3, 109, 1, 'TUBE', '1', '2024-03-01', 31625, 34787, 40006, 42789, 38266, 0),
(1247, 'OMF-ONT-00000001175', 10, 'KLODERMA  OINT 10 GR', 3, 109, 1, 'TUBE', '1', '2024-06-06', 31625, 34787, 40006, 42789, 38266, 0),
(1248, 'OMF-BTL-00000001176', 8, 'KLODERMA  LOTION 10 GR', 3, 109, 1, 'TUBE', '1', '2023-07-07', 69500, 76450, 87918, 94034, 84095, 0),
(1249, 'OMF-CEM-00000001177', 9, 'SAGESTAM EYE OINT', 3, 22, 1, 'TUBE', '1', '2023-04-04', 36500, 40150, 46173, 49385, 44165, 0),
(1250, 'OMF-SRP-00000001178', 2, 'CLANEKSI DS', 3, 22, 1, 'BTL', '1', '2023-06-06', 53000, 58300, 67045, 71709, 64130, 0),
(1251, 'OMF-SRP-00000001179', 2, 'CLANEKSI FORTE DS', 3, 22, 1, 'BTL', '1', '2023-06-06', 70400, 77440, 89056, 95252, 85184, 0),
(1252, 'OMF-GEL-00000001180', 11, 'VIGEL 30 GR', 7, 49, 2, 'TUBE', '1', '2025-07-07', 13650, 15015, 17268, 18469, 16517, 0);

-- --------------------------------------------------------

--
-- Struktur dari tabel `obat_detail`
--

CREATE TABLE `obat_detail` (
  `id_obat_detail` int(11) NOT NULL,
  `id_obat` int(11) NOT NULL,
  `id_supplier` int(11) NOT NULL
) ENGINE=InnoDB DEFAULT CHARSET=utf8;

--
-- Dumping data untuk tabel `obat_detail`
--

INSERT INTO `obat_detail` (`id_obat_detail`, `id_obat`, `id_supplier`) VALUES
(2, 2, 1),
(26, 21, 2),
(27, 22, 2),
(64, 55, 2),
(67, 58, 2),
(180, 45, 2),
(181, 105, 5),
(182, 3, 1),
(185, 159, 6),
(186, 158, 6),
(187, 157, 6),
(188, 156, 6),
(190, 154, 6),
(191, 153, 6),
(192, 152, 6),
(193, 151, 5),
(194, 150, 5),
(195, 149, 5),
(196, 148, 5),
(197, 147, 5),
(198, 146, 5),
(199, 145, 5),
(200, 144, 5),
(201, 143, 5),
(202, 142, 5),
(203, 141, 5),
(204, 140, 5),
(205, 139, 5),
(206, 138, 5),
(208, 136, 5),
(209, 135, 5),
(210, 134, 5),
(211, 133, 5),
(212, 132, 5),
(213, 131, 5),
(214, 130, 5),
(215, 56, 2),
(217, 128, 5),
(218, 127, 5),
(219, 126, 5),
(220, 125, 5),
(222, 123, 5),
(223, 122, 5),
(225, 120, 5),
(226, 119, 5),
(227, 118, 5),
(228, 117, 5),
(230, 116, 5),
(231, 114, 5),
(232, 113, 5),
(233, 112, 5),
(237, 108, 5),
(238, 107, 5),
(239, 106, 5),
(242, 103, 5),
(243, 102, 5),
(244, 101, 5),
(245, 100, 5),
(246, 99, 2),
(247, 98, 2),
(249, 97, 2),
(250, 96, 2),
(251, 95, 2),
(252, 94, 2),
(254, 91, 2),
(255, 92, 2),
(256, 90, 2),
(258, 89, 2),
(259, 88, 2),
(263, 84, 2),
(264, 83, 2),
(266, 81, 2),
(267, 80, 2),
(268, 79, 2),
(269, 78, 2),
(270, 77, 2),
(271, 76, 2),
(272, 75, 2),
(275, 72, 2),
(276, 71, 2),
(277, 70, 2),
(278, 69, 2),
(279, 68, 2),
(280, 67, 2),
(282, 65, 2),
(284, 63, 2),
(286, 61, 2),
(287, 60, 2),
(290, 4, 2),
(291, 5, 2),
(292, 6, 2),
(293, 7, 2),
(294, 8, 2),
(295, 9, 2),
(301, 12, 2),
(302, 14, 2),
(303, 13, 2),
(304, 15, 2),
(305, 16, 2),
(307, 18, 2),
(309, 19, 2),
(310, 20, 2),
(312, 25, 2),
(313, 26, 2),
(314, 27, 2),
(315, 28, 2),
(317, 115, 5),
(319, 23, 2),
(321, 31, 2),
(322, 32, 2),
(323, 33, 2),
(325, 35, 2),
(327, 37, 2),
(328, 38, 2),
(330, 40, 2),
(331, 41, 2),
(333, 42, 2),
(336, 48, 2),
(338, 50, 2),
(339, 51, 2),
(340, 52, 2),
(341, 53, 2),
(342, 57, 2),
(343, 54, 2),
(344, 160, 6),
(347, 162, 7),
(348, 162, 8),
(351, 163, 6),
(354, 166, 6),
(355, 167, 6),
(356, 168, 6),
(357, 169, 6),
(358, 164, 6),
(360, 171, 6),
(362, 173, 6),
(363, 174, 6),
(365, 176, 6),
(367, 178, 6),
(368, 179, 6),
(370, 181, 6),
(373, 183, 6),
(374, 184, 6),
(375, 177, 6),
(376, 185, 6),
(377, 186, 6),
(378, 187, 6),
(379, 188, 6),
(380, 189, 6),
(381, 190, 6),
(382, 191, 6),
(383, 192, 6),
(385, 194, 6),
(386, 195, 6),
(387, 196, 6),
(388, 197, 6),
(390, 198, 6),
(391, 193, 6),
(393, 200, 6),
(394, 201, 6),
(395, 202, 2),
(396, 203, 2),
(397, 204, 2),
(398, 205, 2),
(399, 206, 2),
(400, 207, 2),
(401, 208, 2),
(405, 212, 2),
(411, 216, 2),
(412, 217, 2),
(414, 219, 2),
(415, 220, 2),
(416, 221, 2),
(417, 222, 2),
(418, 223, 2),
(419, 224, 2),
(420, 224, 5),
(421, 225, 2),
(422, 225, 9),
(425, 227, 2),
(426, 228, 2),
(427, 229, 2),
(428, 230, 2),
(429, 231, 2),
(431, 233, 2),
(432, 234, 2),
(433, 235, 2),
(435, 237, 2),
(436, 237, 7),
(437, 237, 8),
(440, 239, 2),
(441, 239, 5),
(442, 240, 2),
(445, 242, 2),
(448, 244, 2),
(449, 244, 9),
(466, 251, 2),
(467, 251, 5),
(468, 252, 2),
(469, 252, 9),
(470, 253, 2),
(471, 253, 9),
(481, 255, 2),
(482, 256, 2),
(483, 256, 5),
(484, 257, 2),
(485, 257, 9),
(486, 258, 2),
(487, 258, 9),
(488, 259, 2),
(489, 259, 9),
(490, 260, 2),
(491, 260, 7),
(492, 260, 8),
(493, 261, 2),
(494, 261, 9),
(495, 262, 2),
(496, 262, 9),
(497, 263, 2),
(498, 263, 5),
(499, 263, 9),
(502, 265, 2),
(507, 269, 2),
(508, 269, 9),
(509, 270, 2),
(510, 271, 2),
(516, 276, 2),
(518, 278, 2),
(520, 280, 2),
(521, 34, 2),
(522, 281, 2),
(528, 286, 2),
(529, 287, 2),
(530, 288, 2),
(531, 289, 2),
(532, 290, 2),
(534, 291, 2),
(535, 292, 2),
(536, 293, 2),
(538, 295, 2),
(539, 296, 2),
(540, 297, 2),
(541, 298, 2),
(544, 301, 2),
(545, 302, 2),
(546, 303, 2),
(547, 304, 2),
(550, 307, 2),
(553, 310, 2),
(554, 311, 2),
(555, 311, 5),
(556, 312, 2),
(557, 312, 5),
(558, 312, 8),
(561, 314, 2),
(562, 314, 7),
(563, 314, 8),
(567, 317, 2),
(568, 318, 2),
(569, 319, 2),
(572, 322, 2),
(577, 326, 2),
(587, 327, 2),
(588, 327, 5),
(590, 329, 2),
(591, 161, 7),
(592, 161, 8),
(601, 334, 2),
(602, 335, 2),
(603, 336, 2),
(610, 337, 2),
(611, 337, 5),
(612, 339, 2),
(613, 339, 5),
(614, 340, 2),
(615, 341, 2),
(616, 277, 2),
(620, 345, 2),
(622, 347, 2),
(624, 346, 2),
(625, 349, 2),
(626, 348, 2),
(627, 350, 2),
(629, 352, 2),
(630, 353, 2),
(633, 356, 2),
(634, 356, 9),
(635, 357, 2),
(636, 357, 9),
(639, 359, 2),
(640, 359, 9),
(645, 362, 2),
(646, 362, 9),
(647, 363, 2),
(648, 363, 9),
(649, 364, 2),
(650, 364, 9),
(651, 365, 2),
(652, 365, 9),
(655, 367, 2),
(656, 367, 9),
(657, 368, 2),
(658, 368, 9),
(659, 369, 2),
(660, 370, 2),
(661, 371, 2),
(662, 372, 2),
(664, 374, 2),
(665, 375, 2),
(666, 376, 2),
(667, 377, 2),
(668, 378, 2),
(669, 378, 9),
(671, 380, 2),
(673, 382, 2),
(674, 383, 2),
(675, 384, 2),
(676, 385, 2),
(680, 386, 2),
(681, 386, 9),
(682, 388, 2),
(685, 391, 2),
(687, 392, 2),
(688, 393, 2),
(689, 394, 2),
(690, 395, 2),
(691, 396, 2),
(692, 396, 5),
(693, 397, 2),
(694, 397, 9),
(698, 400, 2),
(704, 405, 2),
(705, 404, 2),
(706, 406, 2),
(708, 408, 2),
(709, 409, 2),
(710, 410, 2),
(711, 411, 2),
(712, 412, 2),
(713, 413, 2),
(718, 417, 2),
(719, 418, 2),
(720, 418, 5),
(721, 418, 9),
(725, 420, 2),
(728, 423, 2),
(729, 424, 2),
(731, 426, 2),
(732, 425, 2),
(733, 427, 2),
(735, 429, 2),
(736, 429, 9),
(737, 430, 2),
(738, 430, 9),
(739, 431, 2),
(740, 432, 2),
(741, 432, 9),
(742, 433, 2),
(745, 435, 2),
(746, 434, 2),
(747, 434, 9),
(748, 436, 2),
(749, 437, 2),
(750, 438, 2),
(754, 441, 2),
(755, 441, 5),
(756, 441, 9),
(757, 442, 2),
(758, 442, 5),
(759, 442, 9),
(760, 443, 2),
(761, 443, 9),
(762, 444, 2),
(763, 444, 9),
(765, 446, 2),
(766, 447, 2),
(767, 448, 2),
(768, 449, 2),
(769, 450, 2),
(770, 451, 2),
(771, 452, 2),
(772, 453, 2),
(773, 453, 5),
(780, 456, 2),
(781, 456, 7),
(782, 456, 8),
(783, 457, 2),
(784, 457, 5),
(785, 458, 2),
(786, 458, 5),
(787, 459, 2),
(788, 459, 5),
(789, 460, 2),
(794, 463, 2),
(795, 463, 9),
(796, 464, 2),
(797, 464, 5),
(798, 465, 2),
(799, 465, 5),
(800, 465, 9),
(801, 466, 2),
(802, 467, 2),
(803, 468, 2),
(810, 473, 2),
(813, 474, 2),
(814, 474, 9),
(815, 475, 2),
(816, 476, 2),
(817, 477, 2),
(818, 478, 2),
(819, 479, 2),
(820, 480, 2),
(821, 471, 2),
(822, 471, 5),
(823, 471, 9),
(824, 481, 2),
(827, 483, 2),
(828, 484, 2),
(831, 486, 2),
(832, 487, 2),
(833, 487, 5),
(834, 488, 2),
(835, 488, 5),
(839, 491, 2),
(840, 492, 5),
(847, 495, 2),
(848, 496, 2),
(851, 497, 2),
(852, 499, 2),
(853, 500, 2),
(856, 501, 2),
(857, 501, 9),
(858, 502, 2),
(859, 503, 2),
(860, 504, 2),
(861, 505, 2),
(863, 507, 2),
(865, 509, 2),
(866, 509, 5),
(867, 509, 9),
(869, 511, 2),
(870, 511, 5),
(877, 515, 2),
(878, 515, 5),
(879, 516, 2),
(880, 517, 2),
(886, 521, 2),
(887, 521, 9),
(889, 523, 2),
(891, 525, 2),
(892, 526, 2),
(893, 527, 2),
(894, 527, 9),
(895, 528, 2),
(896, 529, 2),
(897, 529, 9),
(898, 530, 2),
(899, 531, 2),
(900, 532, 2),
(901, 533, 2),
(902, 534, 2),
(903, 534, 5),
(904, 535, 2),
(905, 536, 2),
(906, 537, 2),
(907, 538, 2),
(908, 539, 2),
(909, 540, 2),
(910, 541, 2),
(911, 542, 2),
(913, 544, 2),
(914, 545, 2),
(915, 546, 3),
(916, 547, 3),
(917, 548, 3),
(918, 549, 3),
(919, 550, 3),
(920, 49, 2),
(921, 551, 3),
(923, 553, 3),
(924, 554, 3),
(926, 556, 3),
(928, 558, 3),
(929, 559, 3),
(930, 560, 3),
(931, 561, 3),
(933, 563, 3),
(934, 564, 3),
(941, 570, 3),
(942, 570, 5),
(943, 571, 3),
(944, 571, 5),
(945, 572, 3),
(946, 572, 5),
(947, 573, 3),
(948, 574, 3),
(949, 575, 3),
(952, 578, 3),
(953, 579, 3),
(954, 580, 3),
(955, 581, 3),
(956, 582, 3),
(957, 582, 5),
(959, 584, 3),
(960, 584, 7),
(961, 584, 8),
(965, 587, 3),
(970, 590, 3),
(971, 586, 3),
(975, 592, 3),
(976, 592, 7),
(983, 594, 3),
(984, 594, 7),
(985, 594, 8),
(986, 595, 3),
(987, 596, 3),
(988, 596, 9),
(989, 597, 3),
(990, 598, 3),
(991, 599, 3),
(992, 600, 3),
(993, 601, 3),
(994, 602, 3),
(995, 602, 5),
(1000, 605, 3),
(1001, 606, 3),
(1002, 607, 3),
(1005, 610, 3),
(1006, 611, 3),
(1007, 612, 3),
(1010, 615, 3),
(1011, 616, 3),
(1012, 617, 3),
(1013, 617, 7),
(1014, 617, 8),
(1015, 618, 3),
(1016, 619, 3),
(1018, 621, 3),
(1020, 623, 3),
(1021, 622, 3),
(1023, 614, 3),
(1024, 624, 3),
(1026, 626, 3),
(1036, 629, 3),
(1040, 634, 3),
(1043, 637, 3),
(1051, 632, 3),
(1052, 628, 3),
(1053, 627, 3),
(1054, 644, 3),
(1058, 646, 3),
(1059, 646, 5),
(1060, 646, 9),
(1061, 647, 3),
(1064, 649, 3),
(1065, 650, 3),
(1066, 650, 7),
(1067, 650, 8),
(1071, 653, 3),
(1073, 654, 3),
(1074, 655, 3),
(1077, 656, 3),
(1078, 658, 3),
(1084, 662, 3),
(1085, 661, 3),
(1086, 660, 3),
(1087, 659, 3),
(1088, 663, 3),
(1089, 664, 3),
(1090, 665, 3),
(1091, 666, 3),
(1094, 668, 3),
(1096, 670, 3),
(1097, 671, 3),
(1099, 673, 3),
(1100, 674, 3),
(1102, 676, 3),
(1103, 676, 7),
(1104, 676, 8),
(1105, 675, 3),
(1106, 675, 7),
(1107, 675, 8),
(1111, 680, 3),
(1112, 681, 3),
(1113, 682, 3),
(1117, 686, 3),
(1120, 689, 3),
(1121, 690, 3),
(1122, 691, 3),
(1124, 693, 3),
(1125, 694, 3),
(1126, 695, 1),
(1127, 695, 3),
(1128, 696, 3),
(1129, 697, 3),
(1130, 697, 5),
(1134, 699, 3),
(1135, 700, 3),
(1139, 702, 3),
(1141, 704, 3),
(1143, 705, 3),
(1144, 706, 3),
(1146, 708, 3),
(1147, 709, 3),
(1148, 710, 3),
(1150, 712, 3),
(1151, 713, 3),
(1152, 714, 3),
(1153, 715, 3),
(1154, 716, 3),
(1155, 717, 3),
(1157, 719, 3),
(1158, 720, 3),
(1159, 721, 3),
(1160, 722, 3),
(1161, 723, 3),
(1162, 724, 3),
(1164, 726, 3),
(1166, 728, 3),
(1167, 728, 5),
(1168, 729, 3),
(1169, 730, 3),
(1171, 732, 3),
(1172, 732, 9),
(1173, 733, 3),
(1174, 734, 3),
(1175, 734, 5),
(1176, 735, 3),
(1177, 736, 3),
(1178, 736, 5),
(1180, 738, 3),
(1181, 737, 3),
(1182, 739, 3),
(1184, 741, 3),
(1185, 742, 3),
(1186, 743, 3),
(1187, 744, 3),
(1188, 745, 3),
(1189, 746, 3),
(1190, 747, 3),
(1191, 672, 3),
(1192, 748, 1),
(1193, 748, 9),
(1194, 749, 1),
(1195, 749, 9),
(1196, 749, 18),
(1197, 750, 1),
(1198, 751, 1),
(1199, 751, 9),
(1200, 698, 1),
(1201, 698, 3),
(1202, 752, 9),
(1203, 752, 13),
(1204, 323, 2),
(1208, 754, 7),
(1209, 754, 8),
(1210, 754, 17),
(1211, 755, 7),
(1212, 755, 8),
(1213, 755, 17),
(1214, 756, 7),
(1215, 756, 8),
(1216, 756, 17),
(1217, 757, 7),
(1218, 757, 8),
(1219, 757, 17),
(1220, 758, 7),
(1221, 758, 8),
(1222, 758, 17),
(1223, 759, 7),
(1224, 760, 7),
(1225, 761, 7),
(1226, 762, 7),
(1227, 762, 8),
(1228, 762, 17),
(1232, 763, 7),
(1233, 763, 8),
(1234, 763, 17),
(1235, 764, 7),
(1236, 764, 8),
(1237, 764, 17),
(1238, 765, 7),
(1239, 765, 8),
(1240, 765, 17),
(1241, 766, 7),
(1242, 766, 8),
(1243, 766, 17),
(1244, 767, 7),
(1245, 767, 8),
(1246, 767, 17),
(1247, 768, 1),
(1248, 768, 9),
(1249, 769, 1),
(1250, 769, 9),
(1251, 770, 1),
(1252, 770, 9),
(1255, 772, 9),
(1256, 489, 2),
(1257, 489, 9),
(1258, 773, 9),
(1259, 774, 24),
(1260, 775, 24),
(1261, 776, 24),
(1262, 777, 7),
(1263, 777, 8),
(1264, 777, 17),
(1265, 778, 7),
(1266, 778, 8),
(1267, 778, 17),
(1268, 779, 7),
(1269, 779, 8),
(1270, 779, 17),
(1274, 781, 7),
(1275, 781, 8),
(1276, 781, 17),
(1277, 782, 7),
(1278, 782, 8),
(1279, 782, 17),
(1280, 783, 9),
(1281, 783, 12),
(1282, 784, 9),
(1283, 784, 12),
(1284, 785, 9),
(1285, 785, 12),
(1286, 786, 9),
(1287, 786, 12),
(1288, 787, 9),
(1289, 787, 12),
(1290, 788, 9),
(1291, 788, 12),
(1292, 789, 9),
(1293, 789, 12),
(1294, 790, 9),
(1295, 790, 12),
(1296, 791, 9),
(1297, 791, 12),
(1298, 792, 9),
(1299, 792, 11),
(1300, 793, 9),
(1301, 793, 12),
(1302, 794, 9),
(1303, 794, 12),
(1304, 795, 9),
(1305, 795, 12),
(1306, 796, 9),
(1307, 796, 12),
(1308, 797, 9),
(1309, 797, 12),
(1310, 798, 9),
(1311, 798, 12),
(1312, 799, 9),
(1313, 799, 12),
(1317, 543, 7),
(1318, 801, 25),
(1319, 802, 25),
(1320, 803, 25),
(1321, 804, 25),
(1322, 805, 25),
(1323, 806, 25),
(1324, 807, 25),
(1325, 808, 25),
(1326, 809, 25),
(1327, 810, 25),
(1328, 811, 25),
(1329, 812, 25),
(1330, 813, 25),
(1331, 814, 25),
(1332, 815, 25),
(1334, 816, 25),
(1335, 817, 25),
(1336, 818, 18),
(1337, 609, 3),
(1338, 819, 19),
(1339, 518, 2),
(1340, 820, 20),
(1341, 821, 24),
(1343, 822, 19),
(1344, 823, 18),
(1345, 824, 17),
(1346, 825, 17),
(1348, 827, 7),
(1349, 827, 8),
(1350, 827, 17),
(1351, 828, 26),
(1352, 829, 26),
(1353, 830, 20),
(1354, 831, 20),
(1355, 232, 2),
(1356, 832, 7),
(1357, 832, 8),
(1358, 832, 17),
(1359, 226, 2),
(1360, 226, 9),
(1363, 833, 7),
(1364, 833, 8),
(1365, 833, 17),
(1366, 834, 7),
(1367, 834, 8),
(1368, 834, 17),
(1370, 835, 27),
(1373, 836, 28),
(1375, 838, 20),
(1376, 839, 22),
(1377, 840, 11),
(1378, 840, 22),
(1379, 643, 3),
(1380, 642, 3),
(1382, 841, 17),
(1383, 842, 14),
(1386, 285, 2),
(1387, 284, 2),
(1388, 283, 2),
(1392, 844, 11),
(1393, 844, 14),
(1394, 845, 11),
(1395, 845, 14),
(1397, 847, 11),
(1398, 846, 11),
(1399, 848, 11),
(1400, 849, 5),
(1401, 850, 5),
(1402, 851, 5),
(1403, 852, 5),
(1404, 853, 5),
(1405, 854, 5),
(1406, 855, 9),
(1407, 855, 16),
(1408, 855, 26),
(1409, 856, 22),
(1410, 857, 22),
(1411, 282, 2),
(1416, 482, 2),
(1417, 482, 5),
(1418, 859, 19),
(1419, 860, 19),
(1420, 861, 17),
(1421, 862, 14),
(1422, 180, 14),
(1423, 863, 14),
(1424, 249, 2),
(1425, 249, 5),
(1426, 249, 9),
(1427, 864, 12),
(1430, 238, 2),
(1431, 238, 5),
(1432, 254, 2),
(1433, 254, 5),
(1434, 254, 9),
(1435, 867, 12),
(1436, 692, 3),
(1438, 868, 29),
(1441, 869, 29),
(1442, 300, 2),
(1443, 870, 29),
(1444, 871, 29),
(1445, 872, 29),
(1446, 873, 5),
(1447, 874, 5),
(1448, 398, 2),
(1449, 440, 2),
(1450, 440, 9),
(1451, 401, 2),
(1452, 401, 5),
(1453, 279, 2),
(1454, 591, 3),
(1455, 591, 5),
(1456, 591, 9),
(1458, 875, 5),
(1459, 64, 2),
(1460, 414, 2),
(1462, 358, 2),
(1463, 358, 9),
(1464, 876, 9),
(1465, 877, 9),
(1466, 878, 9),
(1467, 879, 9),
(1468, 880, 6),
(1469, 881, 6),
(1470, 882, 6),
(1471, 883, 7),
(1472, 883, 8),
(1473, 883, 17),
(1474, 884, 21),
(1475, 885, 7),
(1476, 885, 8),
(1477, 885, 17),
(1478, 886, 7),
(1479, 886, 8),
(1480, 887, 7),
(1481, 887, 8),
(1482, 888, 1),
(1483, 889, 1),
(1484, 890, 1),
(1485, 213, 2),
(1486, 213, 7),
(1487, 891, 7),
(1488, 892, 7),
(1489, 892, 8),
(1492, 893, 18),
(1493, 893, 29),
(1494, 894, 18),
(1495, 894, 29),
(1497, 895, 9),
(1498, 896, 9),
(1500, 898, 9),
(1501, 899, 9),
(1502, 900, 9),
(1503, 555, 3),
(1504, 901, 9),
(1505, 568, 3),
(1506, 583, 3),
(1507, 513, 2),
(1509, 902, 9),
(1510, 267, 2),
(1511, 267, 9),
(1512, 903, 18),
(1513, 904, 18),
(1514, 905, 18),
(1515, 906, 18),
(1516, 907, 7),
(1517, 907, 8),
(1518, 630, 3),
(1519, 455, 2),
(1520, 455, 7),
(1521, 455, 8),
(1522, 908, 7),
(1523, 909, 7),
(1524, 633, 3),
(1525, 910, 9),
(1526, 562, 3),
(1527, 911, 9),
(1528, 912, 6),
(1529, 913, 6),
(1530, 914, 6),
(1531, 199, 6),
(1532, 342, 2),
(1533, 343, 2),
(1535, 915, 23),
(1536, 916, 23),
(1537, 917, 23),
(1538, 918, 23),
(1539, 919, 23),
(1540, 920, 23),
(1541, 921, 7),
(1542, 701, 3),
(1543, 701, 7),
(1544, 701, 8),
(1545, 638, 3),
(1546, 552, 3),
(1548, 641, 3),
(1549, 640, 3),
(1550, 639, 3),
(1551, 355, 2),
(1552, 520, 2),
(1553, 520, 9),
(1554, 360, 2),
(1555, 360, 9),
(1558, 922, 20),
(1559, 923, 20),
(1560, 924, 20),
(1561, 925, 9),
(1562, 926, 20),
(1563, 927, 7),
(1564, 928, 7),
(1565, 928, 8),
(1566, 929, 7),
(1567, 929, 8),
(1568, 930, 7),
(1569, 930, 8),
(1570, 566, 3),
(1571, 566, 5),
(1573, 931, 9),
(1574, 932, 9),
(1577, 934, 9),
(1578, 933, 9),
(1579, 935, 9),
(1580, 936, 7),
(1581, 936, 8),
(1582, 937, 7),
(1583, 937, 8),
(1584, 514, 2),
(1585, 514, 7),
(1586, 514, 8),
(1587, 46, 2),
(1588, 938, 7),
(1589, 938, 8),
(1590, 331, 2),
(1591, 331, 7),
(1592, 331, 8),
(1593, 330, 2),
(1594, 330, 7),
(1595, 330, 8),
(1597, 243, 2),
(1598, 243, 9),
(1599, 940, 7),
(1600, 940, 8),
(1601, 941, 7),
(1602, 941, 8),
(1603, 942, 7),
(1604, 942, 8),
(1605, 172, 6),
(1607, 944, 30),
(1609, 946, 30),
(1610, 943, 30),
(1611, 945, 30),
(1612, 947, 30),
(1613, 948, 30),
(1614, 949, 30),
(1615, 950, 7),
(1616, 950, 8),
(1617, 950, 17),
(1618, 951, 30),
(1620, 953, 30),
(1621, 952, 30),
(1622, 954, 13),
(1623, 955, 32),
(1624, 956, 32),
(1625, 957, 32),
(1626, 958, 30),
(1627, 959, 11),
(1628, 800, 13),
(1629, 800, 18),
(1630, 576, 3),
(1631, 246, 2),
(1632, 246, 3),
(1633, 960, 13),
(1634, 961, 5),
(1635, 961, 13),
(1636, 962, 27),
(1637, 963, 27),
(1638, 964, 13),
(1639, 965, 7),
(1640, 490, 2),
(1642, 462, 2),
(1643, 462, 9),
(1644, 966, 21),
(1645, 967, 21),
(1646, 968, 21),
(1647, 969, 21),
(1648, 970, 21),
(1649, 971, 21),
(1651, 565, 3),
(1652, 211, 2),
(1653, 44, 2),
(1656, 973, 9),
(1657, 381, 2),
(1659, 974, 9),
(1660, 975, 9),
(1661, 306, 2),
(1662, 976, 5),
(1663, 976, 9),
(1664, 93, 2),
(1665, 508, 2),
(1666, 977, 21),
(1667, 978, 21),
(1668, 980, 21),
(1669, 979, 21),
(1671, 982, 21),
(1672, 983, 21),
(1673, 984, 21),
(1674, 985, 21),
(1675, 986, 21),
(1676, 988, 21),
(1677, 990, 21),
(1679, 987, 21),
(1680, 989, 21),
(1681, 991, 21),
(1682, 992, 21),
(1684, 993, 21),
(1685, 994, 13),
(1686, 981, 21),
(1687, 62, 2),
(1688, 1, 1),
(1689, 995, 13),
(1690, 333, 2),
(1691, 17, 2),
(1693, 11, 2),
(1694, 11, 3),
(1703, 110, 5),
(1704, 996, 5),
(1706, 494, 2),
(1707, 494, 5),
(1708, 494, 9),
(1709, 137, 5),
(1710, 997, 5),
(1711, 998, 5),
(1712, 972, 5),
(1713, 999, 5),
(1714, 1000, 9),
(1715, 74, 2),
(1716, 73, 2),
(1717, 1001, 9),
(1718, 399, 2),
(1719, 399, 9),
(1720, 1002, 9),
(1721, 30, 2),
(1724, 299, 2),
(1725, 1003, 31),
(1726, 332, 2),
(1727, 1004, 31),
(1728, 1005, 1),
(1729, 1006, 24),
(1730, 1007, 24),
(1732, 1008, 24),
(1733, 390, 2),
(1734, 389, 2),
(1735, 248, 1),
(1736, 248, 2),
(1737, 248, 9),
(1739, 1010, 16),
(1740, 1010, 29),
(1741, 87, 2),
(1742, 688, 3),
(1743, 711, 3),
(1744, 214, 2),
(1745, 214, 9),
(1746, 780, 7),
(1747, 780, 8),
(1748, 780, 17),
(1749, 215, 2),
(1750, 1011, 2),
(1752, 247, 2),
(1753, 247, 9),
(1754, 121, 5),
(1755, 1012, 30),
(1756, 39, 2),
(1757, 753, 7),
(1758, 753, 8),
(1759, 753, 17),
(1760, 1013, 21),
(1762, 1014, 2),
(1763, 1015, 7),
(1764, 1015, 32),
(1765, 1016, 13),
(1767, 1017, 9),
(1768, 1018, 11),
(1769, 1019, 13),
(1770, 182, 6),
(1771, 1020, 13),
(1772, 1021, 6),
(1773, 1022, 11),
(1774, 1023, 9),
(1775, 1024, 7),
(1776, 1024, 8),
(1777, 1024, 17),
(1778, 1025, 7),
(1779, 1025, 8),
(1780, 1025, 17),
(1782, 1027, 5),
(1783, 1027, 32),
(1784, 1028, 5),
(1785, 1028, 32),
(1786, 403, 2),
(1788, 1030, 5),
(1789, 1031, 29),
(1790, 1032, 29),
(1791, 1033, 29),
(1792, 1034, 29),
(1793, 1035, 29),
(1794, 707, 3),
(1795, 1036, 5),
(1796, 1036, 32),
(1799, 604, 3),
(1800, 604, 5),
(1801, 1038, 5),
(1802, 1038, 32),
(1803, 1039, 13),
(1804, 1040, 13),
(1805, 1041, 13),
(1806, 1042, 13),
(1807, 1043, 13),
(1808, 1044, 30),
(1809, 1045, 11),
(1810, 1046, 7),
(1811, 1046, 8),
(1812, 1046, 17),
(1813, 1047, 7),
(1814, 1047, 8),
(1815, 1047, 17),
(1816, 1048, 9),
(1817, 1049, 11),
(1818, 1050, 9),
(1819, 1050, 26),
(1823, 1051, 2),
(1824, 1051, 9),
(1825, 1052, 9),
(1826, 1052, 23),
(1827, 1053, 30),
(1828, 1054, 3),
(1830, 1055, 12),
(1831, 1056, 3),
(1832, 1056, 9),
(1833, 657, 3),
(1834, 1057, 17),
(1835, 1058, 31),
(1836, 124, 5),
(1837, 1059, 13),
(1838, 165, 6),
(1839, 1060, 9),
(1840, 1060, 16),
(1841, 577, 3),
(1842, 439, 2),
(1843, 1061, 29),
(1844, 1062, 7),
(1845, 1062, 8),
(1846, 1063, 7),
(1847, 1063, 8),
(1848, 1064, 7),
(1849, 1064, 8),
(1850, 1065, 7),
(1851, 1065, 8),
(1852, 1066, 7),
(1853, 1066, 8),
(1857, 1068, 7),
(1858, 1069, 7),
(1859, 1069, 8),
(1860, 1070, 7),
(1861, 1070, 8),
(1862, 635, 3),
(1863, 608, 3),
(1864, 1071, 13),
(1865, 1071, 18),
(1866, 325, 2),
(1867, 1072, 5),
(1868, 1072, 9),
(1869, 1073, 5),
(1870, 1073, 9),
(1872, 155, 6),
(1873, 1075, 14),
(1874, 1076, 14),
(1875, 1077, 14),
(1876, 1078, 14),
(1877, 1079, 13),
(1878, 1079, 32),
(1879, 1080, 32),
(1880, 236, 2),
(1881, 1081, 13),
(1882, 1082, 13),
(1883, 1083, 13),
(1884, 1084, 13),
(1885, 1085, 9),
(1886, 1085, 13),
(1887, 1086, 9),
(1888, 1086, 13),
(1889, 1087, 9),
(1890, 320, 2),
(1891, 416, 2),
(1892, 1088, 9),
(1894, 837, 28),
(1896, 308, 2),
(1897, 1090, 31),
(1898, 1091, 31),
(1899, 1092, 31),
(1900, 1093, 18),
(1901, 210, 2),
(1903, 1094, 31),
(1904, 1095, 31),
(1906, 1097, 31),
(1907, 1098, 31),
(1908, 1099, 29),
(1911, 1100, 11),
(1912, 1102, 11),
(1913, 1101, 11),
(1914, 685, 3),
(1915, 645, 3),
(1916, 645, 7),
(1917, 645, 8),
(1918, 1103, 17),
(1919, 1104, 17),
(1920, 1105, 17),
(1921, 59, 2),
(1922, 1106, 25),
(1923, 1107, 25),
(1924, 1108, 25),
(1925, 1109, 25),
(1926, 1110, 25),
(1927, 1111, 20),
(1928, 1112, 20),
(1929, 1113, 14),
(1930, 1114, 14),
(1931, 1115, 14),
(1932, 1116, 13),
(1933, 1117, 13),
(1934, 524, 2),
(1935, 677, 3),
(1936, 589, 3),
(1937, 1118, 13),
(1938, 1119, 13),
(1939, 454, 2),
(1940, 454, 7),
(1941, 454, 8),
(1945, 1120, 7),
(1946, 1120, 8),
(1947, 1120, 17),
(1948, 569, 3),
(1949, 585, 3),
(1950, 585, 5),
(1951, 771, 9),
(1954, 1121, 9),
(1955, 1122, 9),
(1956, 1123, 29),
(1957, 1124, 29),
(1958, 1125, 23),
(1959, 82, 2),
(1960, 344, 2),
(1961, 1126, 23),
(1962, 1127, 23),
(1963, 1128, 12),
(1964, 1129, 11),
(1965, 620, 3),
(1969, 593, 3),
(1970, 593, 7),
(1971, 593, 8),
(1972, 1130, 7),
(1973, 1130, 8),
(1974, 1130, 17),
(1975, 313, 2),
(1976, 313, 5),
(1977, 939, 9),
(1978, 10, 2),
(1979, 10, 3),
(1980, 1089, 31),
(1981, 29, 2),
(1982, 1131, 9),
(1983, 652, 3),
(1984, 651, 3),
(1985, 567, 3),
(1986, 218, 2),
(1987, 1132, 13),
(1988, 1132, 32),
(1989, 1133, 13),
(1992, 1136, 13),
(1993, 1137, 7),
(1994, 1137, 8),
(1995, 1137, 17),
(1996, 1037, 5),
(1997, 1037, 13),
(1999, 1138, 5),
(2000, 625, 3),
(2001, 1139, 24),
(2002, 1140, 24),
(2004, 1141, 25),
(2005, 328, 2),
(2006, 1142, 31),
(2007, 1143, 31),
(2008, 1144, 5),
(2009, 1144, 32),
(2010, 1145, 5),
(2011, 1146, 5),
(2012, 1147, 5),
(2013, 1148, 5),
(2014, 1149, 29),
(2015, 305, 2),
(2016, 648, 3),
(2017, 648, 9),
(2021, 361, 2),
(2022, 361, 9),
(2024, 461, 2),
(2025, 461, 5),
(2026, 272, 2),
(2028, 1150, 13),
(2029, 472, 2),
(2030, 351, 2),
(2031, 354, 2),
(2032, 519, 2),
(2033, 519, 9),
(2034, 1151, 9),
(2035, 366, 2),
(2036, 366, 9),
(2037, 407, 2),
(2038, 897, 9),
(2039, 718, 3),
(2040, 1152, 9),
(2041, 1067, 7),
(2042, 1067, 8),
(2043, 1067, 17),
(2046, 1155, 7),
(2047, 1155, 8),
(2048, 1155, 17),
(2049, 1154, 3),
(2050, 1154, 13),
(2051, 1156, 29),
(2053, 1157, 7),
(2054, 36, 2),
(2055, 636, 3),
(2056, 1158, 31),
(2057, 669, 3),
(2058, 268, 2),
(2059, 470, 2),
(2060, 469, 2),
(2061, 1159, 12),
(2062, 1159, 17),
(2063, 1153, 12),
(2064, 1160, 7),
(2065, 1160, 8),
(2066, 1160, 17),
(2067, 1161, 5),
(2068, 1162, 7),
(2069, 1163, 18),
(2070, 1164, 11),
(2071, 1165, 9),
(2072, 1165, 11),
(2074, 1167, 11),
(2075, 727, 3),
(2076, 1168, 11),
(2077, 703, 3),
(2080, 1170, 7),
(2081, 1170, 8),
(2082, 1170, 17),
(2083, 1171, 31),
(2085, 1173, 6),
(2090, 1176, 29),
(2091, 1177, 13),
(2092, 1134, 29),
(2093, 1135, 29),
(2094, 428, 2),
(2095, 86, 2),
(2097, 1178, 9),
(2098, 1179, 9),
(2099, 1180, 9),
(2100, 1181, 9),
(2101, 1182, 6),
(2102, 1183, 7),
(2103, 1183, 8),
(2104, 1183, 17),
(2105, 1184, 7),
(2106, 1184, 8),
(2107, 1184, 17),
(2108, 1185, 7),
(2109, 1185, 8),
(2110, 1185, 17),
(2111, 1186, 7),
(2112, 1186, 8),
(2113, 1186, 17),
(2114, 1187, 7),
(2115, 1187, 8),
(2116, 1187, 17),
(2117, 1188, 7),
(2118, 1188, 8),
(2119, 1188, 17),
(2120, 1189, 7),
(2121, 1189, 8),
(2122, 1189, 17),
(2123, 1190, 7),
(2124, 1190, 8),
(2125, 1190, 17),
(2126, 506, 2),
(2128, 1191, 3),
(2129, 241, 2),
(2130, 241, 5),
(2131, 485, 2),
(2132, 485, 5),
(2133, 1192, 5),
(2134, 1192, 32),
(2135, 294, 2),
(2136, 1193, 9),
(2137, 1193, 29),
(2138, 1194, 31),
(2139, 1195, 31),
(2140, 725, 3),
(2142, 1196, 31),
(2143, 1197, 12),
(2144, 1197, 17),
(2145, 1198, 12),
(2146, 1198, 17),
(2147, 1199, 12),
(2148, 1199, 17),
(2149, 1200, 9),
(2150, 1200, 12),
(2151, 1201, 12),
(2154, 1203, 7),
(2155, 1203, 8),
(2156, 1203, 17),
(2157, 209, 2),
(2159, 1204, 18),
(2160, 1204, 29),
(2161, 1205, 18),
(2162, 1205, 29),
(2163, 1206, 32),
(2164, 1207, 13),
(2165, 1207, 18),
(2166, 1208, 13),
(2167, 1208, 18),
(2168, 498, 2),
(2169, 1209, 13),
(2170, 1175, 5),
(2171, 1175, 32),
(2172, 588, 3),
(2173, 588, 5),
(2174, 1210, 5),
(2175, 1211, 11),
(2176, 740, 3),
(2177, 47, 2),
(2178, 1212, 7),
(2179, 1212, 8),
(2181, 1213, 6),
(2182, 1214, 6),
(2183, 170, 6),
(2184, 1215, 31),
(2185, 1172, 31),
(2186, 1216, 9),
(2187, 321, 2),
(2188, 379, 2),
(2189, 387, 2),
(2190, 66, 2),
(2191, 522, 2),
(2192, 1217, 9),
(2193, 1218, 9),
(2194, 1219, 9),
(2195, 266, 2),
(2196, 843, 7),
(2197, 843, 8),
(2198, 843, 17),
(2199, 1202, 7),
(2200, 1202, 8),
(2201, 1220, 7),
(2202, 1220, 8),
(2203, 1220, 17),
(2204, 1221, 5),
(2205, 1221, 18),
(2206, 866, 11),
(2207, 1222, 7),
(2208, 1222, 8),
(2209, 1222, 17),
(2212, 275, 2),
(2213, 1224, 7),
(2214, 1224, 12),
(2215, 1225, 5),
(2216, 1225, 32),
(2217, 1226, 31),
(2218, 1227, 31),
(2219, 1228, 31),
(2220, 1229, 31),
(2221, 1230, 31),
(2222, 1231, 9),
(2223, 1232, 6),
(2225, 684, 3),
(2227, 1233, 5),
(2228, 109, 5),
(2229, 104, 5),
(2230, 679, 3),
(2231, 865, 12),
(2232, 858, 5),
(2233, 858, 13),
(2234, 510, 2),
(2235, 557, 3),
(2236, 373, 2),
(2238, 1235, 29),
(2241, 419, 2),
(2242, 419, 5),
(2243, 419, 9),
(2246, 1169, 18),
(2270, 1166, 11),
(2271, 687, 3),
(2272, 1238, 11),
(2273, 1240, 5),
(2274, 1029, 5),
(2275, 111, 5),
(2276, 512, 2),
(2277, 512, 5),
(2278, 1074, 5),
(2282, 1239, 5),
(2283, 826, 17),
(2284, 1249, 31),
(2285, 1251, 31),
(2286, 1250, 31),
(2287, 1248, 12),
(2288, 1246, 12),
(2289, 1246, 17),
(2290, 1245, 7),
(2291, 1245, 12),
(2292, 1247, 12),
(2293, 1244, 6),
(2294, 1242, 7),
(2295, 1242, 8),
(2296, 1242, 17),
(2297, 1241, 7),
(2298, 1241, 8),
(2299, 1241, 17),
(2300, 1174, 5),
(2301, 1243, 7),
(2302, 1243, 8),
(2303, 1243, 17),
(2304, 175, 6),
(2305, 264, 2),
(2306, 264, 5),
(2307, 1223, 7),
(2308, 1223, 12),
(2309, 273, 2),
(2310, 273, 9),
(2311, 613, 3),
(2312, 731, 3),
(2313, 683, 3),
(2314, 1234, 31),
(2315, 1096, 31),
(2316, 631, 3),
(2318, 1026, 29),
(2319, 43, 2),
(2320, 316, 2),
(2321, 316, 5),
(2322, 315, 2),
(2323, 338, 2),
(2324, 338, 5),
(2325, 309, 2),
(2326, 667, 3),
(2327, 493, 2),
(2328, 493, 5),
(2329, 493, 9),
(2330, 1236, 5),
(2331, 445, 2),
(2332, 129, 5),
(2333, 250, 2),
(2334, 250, 5),
(2335, 250, 9),
(2336, 603, 3),
(2337, 603, 5),
(2338, 1237, 5),
(2339, 1237, 32),
(2340, 1252, 16),
(2341, 274, 2),
(2342, 402, 2),
(2343, 324, 2),
(2344, 24, 2),
(2345, 422, 2),
(2347, 245, 2),
(2348, 85, 2),
(2349, 1009, 16),
(2350, 415, 2),
(2351, 421, 2),
(2352, 678, 3);

-- --------------------------------------------------------

--
-- Struktur dari tabel `pabrik_obat`
--

CREATE TABLE `pabrik_obat` (
  `id_pabrik_obat` int(11) NOT NULL,
  `nama_pabrik` varchar(70) NOT NULL,
  `nomor_telepon_pabrik` varchar(30) NOT NULL,
  `alamat_pabrik` text NOT NULL,
  `status_delete` int(1) NOT NULL
) ENGINE=InnoDB DEFAULT CHARSET=utf8;

--
-- Dumping data untuk tabel `pabrik_obat`
--

INSERT INTO `pabrik_obat` (`id_pabrik_obat`, `nama_pabrik`, `nomor_telepon_pabrik`, `alamat_pabrik`, `status_delete`) VALUES
(1, 'PT. LAPI', '000', 'XXX', 0),
(2, 'PT. SIMEX', '000', 'XXX', 0),
(3, 'PT. SOHO', '000', 'XXX', 0),
(4, 'PT. HEXPHARM JAYA', '000', 'XXX', 0),
(5, 'PT. KALBE FARMA', '000', 'XXX', 0),
(6, 'PT. IFARS', '000', 'XXX', 0),
(7, 'PT. ERELA', '000', 'XXX', 0),
(8, 'NN', '000', 'XXX', 0),
(9, 'PT. SANOFI', '111', 'XXX', 0),
(10, 'PT. NOVEL', '111', 'XXX', 0),
(11, 'PT. COMBIPHAR', '111', 'XXX', 0),
(12, 'PT. TUNGGAL IDAMAN ABADI', '111', 'XXX', 0),
(13, 'PT. ANUGRAH PHARMINDO LESTAR', '111', 'XXX', 0),
(14, 'PT. DARYA-VARRI', '111', 'XXX', 0),
(15, 'PT. MENARINI INDRIA LAB', '111', 'XXX', 0),
(16, 'CV. SKY GROUP', '111', 'XXX', 0),
(17, 'PT. ROHTO LAB', '111', 'XXX', 0),
(18, 'PT.  BAYER', '111', 'XXX', 0),
(19, 'JOHN FRANCIS LAB', '111', 'XXX', 0),
(20, 'PT. JANSSEN', '111', 'XXX', 0),
(21, 'PT. MEPRO', '111', 'XXX', 0),
(22, 'PT. SANBE', '111', 'XXX', 0),
(23, 'PT. MERCK TBK', '111', 'XXX', 0),
(24, 'PT. POHN BIDARA MEDIKA', '111', 'XXX', 0),
(25, 'PT. MINOROCK MANDIRI', '111', 'XXX', 0),
(26, 'PT. DEXA MEDICA', '111', 'XXX', 0),
(27, 'PT. GRATIA HUSADA FARMA', '000', 'XXX', 0),
(28, 'PT. BERNOFARM', '111', 'XXX', 0),
(29, 'PT. GLAXO WELLCOMW INDONESIA', '111', 'XXX', 0),
(30, 'PT. TEMP SCAN PASIFIC TBK', '000', 'XXX', 0),
(31, 'PT. TEMP SCAN PASIFIC TBK', '000', 'XXX', 0),
(32, 'PT INTERBAT', '111', 'XXX', 0),
(33, 'PT. CORRONET CROWN', '000', 'XXX', 0),
(34, 'PT. HARSEN', '11', 'XXX', 0),
(35, 'PT. BINTANG TOEDJOE', '111', 'xxx', 0),
(36, 'PT. MECOSIN INDONESIA', '111', 'xxx', 0),
(37, 'PT. NELLCO', '11', 'xxx', 0),
(38, 'PT. DELTAMED LAB', '11', 'XXX', 0),
(39, 'PT. GALENIUM PHARMESIA', '11', 'XXX', 0),
(40, 'PT. ITRASAL', '111', 'XXX', 0),
(41, 'PT. FARATU', '111', 'XXX', 0),
(42, 'PT. JOHNSON AND JOHNSON', '111', 'XXX', 0),
(43, 'PT. HISAMITSU', '111', 'XXX', 0),
(44, 'PT. KONICARE', '111', 'XXX', 0),
(45, 'PT. CURBOS FARMA', '111', 'XXX', 0),
(46, 'PT. PHAROS', '000', 'XXX', 0),
(47, 'PT. FAHRENHEIT', '111', 'XXX', 0),
(48, 'PT. THAISO PHARMACEUTICAK INDONESIA TBK', '0', 'X', 0),
(49, 'PT. KONIMEX', '0', 'X', 0),
(50, 'PT. MAHAKAM BETA Farma', '1', 'X', 0),
(51, 'PT. MEDIAFARMA LAB', '000', 'xxx', 0),
(52, 'PT. METISKA', '000', 'xxx', 0),
(53, 'PT. INDOCARE CITRAPASIFIC', '111', 'XXX', 0),
(54, 'PT. BUYER', '0', '1', 0),
(55, 'PT. HERLINA INDAH', '0', '1', 0),
(56, 'XIAMIN NATURE CARING', '1', 'X', 0),
(57, 'PT. PRYDAM FARMA', '0', 'x', 0),
(58, 'PT. SERVIER', '0', 'X', 0),
(59, 'PT. GLORIA ORIGITA COSMETIC', '1', 'X', 0),
(60, 'PT. VERMINDO INTERNASIONAL', '0', 'x', 0),
(61, 'PT. BOEHRINGER INGELHEIM', '1', 'x', 0),
(62, 'PT. TRI TUNGGAL CIPTA ANUGRAH', '1', 'X', 0),
(63, 'PT. ULTRASAKTI', '0', 'x', 0),
(64, 'PT. SURABAYA INDAH PERMAI', '0', 'X', 0),
(65, 'PT. SEKAWAN KOSMETIK WASANTARA', '1', 'X', 0),
(66, 'PT. DKT INTERNASIONAL', '1', 'X', 0),
(67, 'PT. SIDOMUNCUL TBK', '1', '0', 0),
(68, 'CV. SINAR MUTIARA', '1', 'X', 0),
(69, 'NN', '1', 'X', 0),
(70, 'CESSA NATURAL', '1', 'XX', 0),
(71, 'PT. TRANSFARMA MEDICA INDAH', '1', 'XX', 0),
(72, 'PT MEDIKON', '1', 'X', 0),
(73, 'PT. ONEMED', '0', '1', 0),
(74, 'PT. DANPAC PHARMA', '1', 'X', 0),
(75, 'PT. MADURASA  UNGGULAN NUSANTARA', '0', 'X', 0),
(76, 'PT. SARI ENESIS INDAH', '08001282828', 'BEKASI', 0),
(77, 'PT. NOVARTIS INDONESIA', '1', 'X', 0),
(78, 'PT. KIMIA FAMA', '0', 'X', 0),
(79, 'PT. MEPRO', '1', 'X', 0),
(80, 'PT. MOLEX AYUS', '0', 'X', 0),
(81, 'PT. DUA LIMA INDUSTRIES', '0', 'TANGGERANG', 0),
(82, 'PT. NUTRIFOOD INDONESIA', '0', 'X', 0),
(83, 'PT. TAKEDA', '0', 'x', 0),
(84, 'PT. PIM PHARMACEUTICAL', '1', 'X', 0),
(85, 'PT. YAHI UTAMA', '0', 'TANGGERANG', 0),
(86, 'PT. DELTA ATSIRI PRIMA', '1', 'X', 0),
(87, 'PT. EAGLE INDO PHARMA', '1', 'X', 0),
(88, 'PT. USFI', '1', 'X', 0),
(89, 'PT. BINSON', '1', 'X', 0),
(90, 'PT. SUPRA FERBIND FARMA', '1', 'x', 0),
(91, 'PT. KINO INDONESIA Tbk', '1', 'X', 0),
(92, 'PT. TRIPLE ACNE CORPORATION', '1', 'X', 0),
(93, 'PT. INDUSTRI JAMU BOROBUDUR', '1', 'X', 0),
(94, 'PT. SAMCO FARMA', '1', 'X', 0),
(95, 'PT. INDO ABADI SARI MAKMUR', '1', 'X', 0),
(96, 'PT. SAKA FARMA LAB', '1', 'X', 0),
(97, 'PT. PHARMA HEALT CARE', '1', 'x', 0),
(98, 'PT. DANKOS', '1', 'X', 0),
(99, 'PT. CIUBRUS FARMA', '1', 'X', 0),
(100, 'PT. RECKITT BENCKISER TRADING INDONESIA', '1', 'BOGOR', 0),
(101, 'PT. HENSON FARMA', '0', '1', 0),
(102, 'PT BEIERSDORF INDONESIA', '0', 'MALANG', 0),
(103, 'PT. PRATAPA NIRMALA', '1', 'X', 0),
(104, 'PT. JOHNSON & JOHNSON', '1', 'X', 1),
(105, 'PT. 	PFIZER', '1', 'X', 0),
(106, 'CV KALI KURNIA', '0', 'SIDOARJO', 0),
(107, 'PT. MEIJI', '0', 'X', 0),
(108, 'PT. STERLING PRODUCTS INDONESIA', '0', 'X', 0),
(109, 'PT. SDM LAB', '1', 'X', 0),
(110, 'PT. CENDO PHARMACEUTICAL', '0', 'x', 0),
(111, 'PT. PROMED', '1', 'X', 0),
(112, 'PT. YARINDO', '1', 'X', 0),
(113, 'PT. RAMA CIPTA MANDIRI', '1', 'X', 0),
(114, 'PT. OTSUKA', '0', '-', 0),
(115, 'PT. WIDRATA', '0', '1', 0),
(116, 'PT. ROYAL MEDICAL PHARMALAB', '1', 'X', 0),
(117, 'PT. NULAB', '1', 'X', 0),
(118, 'PT.  AVENTIS PHARMA', '1', 'X', 0),
(119, 'PT. ACTAVIS', '1', '0', 0),
(120, 'PT. INDOFARMA', '0', 'X', 0),
(121, 'PT. SAMPHARINDO PERDANA', '1', 'X', 0),
(122, 'PT. MSD', '0', 'X', 0),
(123, 'PT. GUARDIAN PHARMATAMA', '1', 'X', 0),
(124, 'PT. MINOROCK MANDIRI', '0', 'X', 0),
(125, 'PT. AZTRAZANECA INDONESIA', '0', '1', 0),
(126, 'PT. PFIZER', '1', 'X', 1),
(127, 'PT. GLOBAL MULTI PHARMALAB', '1', 'X', 0),
(128, 'PT. NUTRINDO GRAHAHUSADA UTAMA', '0', 'JAKARTA', 0),
(129, 'PT. IKAPHARMINDO PUTRAMAS', '1', 'X', 0),
(130, 'Church & Dwight UK Limited', '1', 'x', 0),
(131, 'PT. SOLAS LANGGENG SEJAHTERA', '1', 'X', 0),
(132, 'PT. SATORI', '0', 'X', 0),
(133, 'BSN MEDICAL', '1', 'X', 0),
(134, 'PT. DJEMBATAN DUA', '0', 'JL. PETOJOE MELINTANG NO.14 PETOJOE SELATAN, JAKARTA', 0),
(135, 'PT. SUNTHI SEPURI', '0', '1', 0),
(136, 'PT. RADIANT SENTRAL NUTRINDO', '0', 'JL. PANJANG NO. 79 L, JAKARTA BARAT', 0),
(137, 'PT. UNIVERSAL PHARM', '1', 'X', 0),
(138, 'PT. PYRIDAMS', '1', 'X', 0),
(139, 'PT. QUANTUM LAB', '0', 'X', 0),
(140, 'PT. GRACIA PHARMINDO', '1', 'X', 0),
(141, 'PT. INFION', '0', 'X', 0),
(142, 'PT. MERSI', '1', 'X', 0),
(143, 'PT. LANDSON', '0', 'X', 0),
(144, 'PT.  IMEDCO', '0', 'X', 0),
(145, 'PT. EISAI INDONESIA', '0', 'X', 0),
(146, 'PT. DIPA PHARMALAB INTERSAINS', '0', 'X', 0),
(147, 'PT. ORGANON PHARMA INDONESIA', '0', 'X', 0),
(148, 'PT. GRAHA', '1', 'X', 0),
(149, 'PT. AZTRA ZANECA', '1', 'X', 1),
(150, 'PT. ABBOT', '1', 'X', 0),
(151, 'PT. ZAMBON', '1', 'X', 0);

-- --------------------------------------------------------

--
-- Struktur dari tabel `pasien`
--

CREATE TABLE `pasien` (
  `id_pasien` int(11) NOT NULL,
  `nama_pasien` varchar(70) NOT NULL,
  `nomor_telepon_pasien` varchar(20) NOT NULL,
  `alamat_pasien` text NOT NULL,
  `status_delete` int(1) NOT NULL
) ENGINE=InnoDB DEFAULT CHARSET=latin1;

--
-- Dumping data untuk tabel `pasien`
--

INSERT INTO `pasien` (`id_pasien`, `nama_pasien`, `nomor_telepon_pasien`, `alamat_pasien`, `status_delete`) VALUES
(1, 'ipad', '085348646819', 'jl. a. yani 2 no. 68', 1),
(2, 'ipad', '085348646819', 'jl. a. yani 2 no. 68', 1),
(3, 'ipad', '085348646819', 'jl. a. yani 2 no. 68', 0),
(4, 'NY. LINAYANTI CHANDRA', '0', '0', 0),
(5, 'NY. LINAYANTI CHANDRA', '0', '0', 0),
(6, 'NY. DEVY', '0887 5882 288', 'JL. RUKUN NO. 22', 0),
(7, 'TN. TON TON', '0811201278', 'jl. aws gg. 3b no.53', 0),
(8, 'TN. DIDIT', '0813 4626 6888', 'JL. AM. SANGAJI GG. BELIBIS NO.24.A', 0),
(9, 'TN. CHAN PHAK LIEM', '08115588991', 'JL. A. YANI 2', 0),
(10, 'TN. LIANG', '08121508885', 'TERPAL CROCODILE', 0);

-- --------------------------------------------------------

--
-- Struktur dari tabel `pemakaian_obat`
--

CREATE TABLE `pemakaian_obat` (
  `id_pemakaian` int(11) NOT NULL,
  `tanggal_pemakaian` date NOT NULL,
  `id_dokter` int(11) DEFAULT NULL,
  `id_supplier` int(11) DEFAULT NULL,
  `id_obat` int(11) NOT NULL,
  `stok_pakai` int(11) NOT NULL,
  `ket_data` varchar(20) NOT NULL
) ENGINE=InnoDB DEFAULT CHARSET=utf8 ROW_FORMAT=COMPACT;

--
-- Dumping data untuk tabel `pemakaian_obat`
--

INSERT INTO `pemakaian_obat` (`id_pemakaian`, `tanggal_pemakaian`, `id_dokter`, `id_supplier`, `id_obat`, `stok_pakai`, `ket_data`) VALUES
(1, '2021-08-19', NULL, 1, 3, 10, 'supplier'),
(2, '2021-08-19', NULL, 1, 1, 10, 'supplier'),
(3, '2021-08-19', 1, 1, 1, 10, 'dokter'),
(4, '2021-08-19', 1, 2, 5, 5, 'dokter'),
(5, '2021-08-19', 1, 1, 1, 10, 'dokter'),
(6, '2021-08-19', 1, 1, 3, 10, 'dokter'),
(7, '2021-08-19', 1, 1, 1, 10, 'dokter'),
(8, '2021-08-25', 1, 1, 1, 10, 'dokter'),
(9, '2021-08-25', 1, 1, 1, 10, 'dokter'),
(10, '2021-08-25', 1, 1, 3, 10, 'dokter'),
(11, '2021-08-27', NULL, 1, 1, 10, 'supplier'),
(12, '2021-09-09', NULL, 5, 109, 20, 'supplier'),
(13, '2021-09-09', NULL, 5, 104, 100, 'supplier'),
(14, '2021-09-09', NULL, 3, 679, 20, 'supplier'),
(15, '2021-09-09', NULL, 12, 865, 14, 'supplier'),
(16, '2021-09-09', NULL, 5, 858, 10, 'supplier'),
(17, '2021-09-09', NULL, 2, 510, 2, 'supplier'),
(18, '2021-09-27', 1, 1, 1, 10, 'dokter'),
(19, '2021-09-27', 1, 1, 3, 10, 'dokter'),
(20, '2021-09-27', 1, 1, 1, 10, 'dokter'),
(21, '2021-09-27', 1, 1, 3, 10, 'dokter'),
(22, '2021-09-27', NULL, 1, 1, 100, 'supplier'),
(23, '2021-09-27', NULL, 1, 3, 90, 'supplier'),
(24, '2021-10-01', NULL, 17, 843, 50, 'supplier'),
(25, '2021-10-02', NULL, 2, 423, 2, 'supplier'),
(26, '2021-10-02', NULL, 2, 408, 2, 'supplier'),
(27, '2021-10-02', NULL, 2, 483, 2, 'supplier'),
(28, '2021-10-02', NULL, 6, 880, 1, 'supplier'),
(29, '2021-10-02', 1, 17, 832, 10, 'dokter'),
(30, '2021-10-02', 1, 17, 832, 10, 'dokter'),
(31, '2021-10-02', 1, 13, 954, 30, 'dokter'),
(32, '2021-10-02', 1, 13, 954, 30, 'dokter'),
(33, '2021-10-02', 1, 5, 116, 10, 'dokter'),
(34, '2021-10-02', 1, 5, 116, 10, 'dokter'),
(35, '2021-10-02', NULL, 30, 943, 20, 'supplier'),
(36, '2021-10-02', NULL, 2, 81, 1, 'supplier'),
(37, '2021-10-02', NULL, 2, 27, 1, 'supplier'),
(38, '2021-10-02', NULL, 2, 85, 12, 'supplier'),
(39, '2021-10-02', NULL, 9, 273, 1, 'supplier'),
(40, '2021-10-02', 1, 31, 1092, 10, 'dokter'),
(41, '2021-10-02', 1, 8, 827, 10, 'dokter'),
(42, '2021-10-02', 1, 9, 648, 8, 'dokter'),
(43, '2021-10-02', 1, 5, 1028, 15, 'dokter'),
(44, '2021-10-02', NULL, 3, 692, 14, 'supplier'),
(45, '2021-10-02', NULL, 3, 683, 1, 'supplier'),
(46, '2021-10-02', NULL, 2, 480, 1, 'supplier'),
(47, '2021-10-03', NULL, 3, 668, 10, 'supplier'),
(48, '2021-10-03', NULL, 2, 402, 1, 'supplier'),
(49, '2021-10-03', NULL, 7, 1223, 1, 'supplier'),
(50, '2021-10-03', NULL, 29, 1176, 1, 'supplier'),
(51, '2021-10-03', NULL, 3, 602, 5, 'supplier'),
(52, '2021-10-03', NULL, 8, 331, 1, 'supplier'),
(53, '2021-10-03', NULL, 20, 1111, 10, 'supplier'),
(54, '2021-10-03', NULL, 5, 150, 10, 'supplier'),
(55, '2021-10-03', NULL, 9, 494, 1, 'supplier'),
(56, '2021-10-03', NULL, 3, 668, 10, 'supplier'),
(57, '2021-10-03', NULL, 5, 104, 40, 'supplier'),
(58, '2021-10-03', NULL, 5, 109, 20, 'supplier'),
(59, '2021-10-03', NULL, 3, 679, 20, 'supplier'),
(60, '2021-10-03', NULL, 12, 865, 14, 'supplier'),
(61, '2021-10-03', NULL, 13, 858, 10, 'supplier'),
(62, '2021-10-03', NULL, 2, 510, 1, 'supplier'),
(63, '2021-10-03', NULL, 5, 1029, 10, 'supplier'),
(64, '2021-10-03', NULL, 2, 512, 2, 'supplier'),
(65, '2021-10-03', NULL, 2, 60, 1, 'supplier'),
(66, '2021-10-03', NULL, 9, 935, 1, 'supplier'),
(67, '2021-10-03', NULL, 2, 232, 1, 'supplier'),
(68, '2021-10-03', NULL, 2, 226, 1, 'supplier'),
(69, '2021-10-03', NULL, 9, 225, 1, 'supplier'),
(70, '2021-10-03', NULL, 11, 1166, 1, 'supplier'),
(71, '2021-10-03', NULL, 11, 1166, 1, 'supplier'),
(72, '2021-10-03', NULL, 3, 557, 10, 'supplier'),
(73, '2021-10-04', NULL, 6, 175, 1, 'supplier'),
(74, '2021-10-04', NULL, 2, 500, 1, 'supplier'),
(75, '2021-10-04', NULL, 6, 153, 1, 'supplier'),
(76, '2021-10-04', NULL, 12, 1055, 10, 'supplier'),
(77, '2021-10-04', NULL, 2, 341, 1, 'supplier'),
(78, '2021-10-04', NULL, 2, 81, 1, 'supplier'),
(79, '2021-10-04', NULL, 2, 274, 1, 'supplier'),
(80, '2021-10-04', NULL, 5, 591, 1, 'supplier'),
(81, '2021-10-04', NULL, 2, 424, 2, 'supplier'),
(82, '2021-10-04', NULL, 2, 341, 1, 'supplier'),
(83, '2021-10-04', NULL, 2, 408, 5, 'supplier'),
(84, '2021-10-04', NULL, 2, 486, 2, 'supplier'),
(85, '2021-10-04', NULL, 2, 85, 1, 'supplier'),
(86, '2021-10-04', NULL, 2, 407, 1, 'supplier'),
(87, '2021-10-04', NULL, 2, 395, 1, 'supplier'),
(88, '2021-10-04', NULL, 2, 19, 10, 'supplier'),
(89, '2021-10-04', NULL, 2, 514, 1, 'supplier'),
(90, '2021-10-04', NULL, 3, 599, 10, 'supplier'),
(91, '2021-10-04', NULL, 8, 1202, 10, 'supplier'),
(92, '2021-10-04', NULL, 2, 86, 1, 'supplier'),
(93, '2021-10-04', NULL, 2, 215, 2, 'supplier'),
(94, '2021-10-04', NULL, 2, 378, 2, 'supplier'),
(95, '2021-10-04', NULL, 2, 341, 1, 'supplier'),
(96, '2021-10-04', NULL, 6, 190, 1, 'supplier'),
(97, '2021-10-04', 1, 5, 113, 10, 'dokter'),
(98, '2021-10-04', NULL, 2, 391, 1, 'supplier'),
(99, '2021-10-04', NULL, 6, 175, 1, 'supplier'),
(100, '2021-10-04', NULL, 2, 373, 1, 'supplier'),
(101, '2021-10-04', NULL, 2, 204, 1, 'supplier'),
(102, '2021-10-04', NULL, 2, 280, 1, 'supplier'),
(103, '2021-10-04', NULL, 2, 324, 1, 'supplier'),
(104, '2021-10-04', NULL, 2, 358, 1, 'supplier'),
(105, '2021-10-04', NULL, 2, 86, 2, 'supplier'),
(106, '2021-10-04', NULL, 5, 874, 10, 'supplier'),
(107, '2021-10-04', NULL, 6, 174, 2, 'supplier'),
(108, '2021-10-04', NULL, 5, 107, 10, 'supplier'),
(109, '2021-10-04', NULL, 2, 341, 1, 'supplier'),
(110, '2021-10-04', NULL, 3, 552, 1, 'supplier'),
(111, '2021-10-05', NULL, 5, 603, 1, 'supplier'),
(112, '2021-10-05', NULL, 5, 117, 20, 'supplier'),
(113, '2021-10-05', NULL, 5, 603, 1, 'supplier'),
(114, '2021-10-05', NULL, 5, 117, 20, 'supplier'),
(115, '2021-10-05', NULL, 12, 1055, 20, 'supplier'),
(116, '2021-10-05', NULL, 2, 309, 1, 'supplier'),
(117, '2021-10-05', NULL, 9, 250, 2, 'supplier'),
(118, '2021-10-05', NULL, 31, 1089, 1, 'supplier'),
(119, '2021-10-05', NULL, 3, 706, 1, 'supplier'),
(120, '2021-10-05', NULL, 2, 316, 1, 'supplier'),
(121, '2021-10-05', NULL, 3, 745, 10, 'supplier'),
(122, '2021-10-05', NULL, 3, 664, 10, 'supplier'),
(123, '2021-10-05', NULL, 6, 173, 10, 'supplier'),
(124, '2021-10-05', NULL, 3, 667, 10, 'supplier'),
(125, '2021-10-05', NULL, 2, 371, 1, 'supplier'),
(126, '2021-10-05', NULL, 3, 678, 6, 'supplier'),
(127, '2021-10-05', NULL, 6, 163, 5, 'supplier'),
(128, '2021-10-05', NULL, 9, 418, 1, 'supplier'),
(129, '2021-10-05', NULL, 18, 1169, 1, 'supplier'),
(130, '2021-10-05', NULL, 5, 109, 30, 'supplier'),
(131, '2021-10-05', NULL, 3, 679, 10, 'supplier'),
(132, '2021-10-05', NULL, 5, 1174, 1, 'supplier'),
(133, '2021-10-06', NULL, 1, 770, 10, 'supplier'),
(134, '2021-10-06', NULL, 2, 85, 3, 'supplier'),
(135, '2021-10-06', NULL, 2, 341, 1, 'supplier'),
(136, '2021-10-06', NULL, 3, 687, 10, 'supplier'),
(137, '2021-10-06', NULL, 31, 1234, 10, 'supplier'),
(138, '2021-10-06', NULL, 3, 631, 10, 'supplier'),
(139, '2021-10-06', NULL, 2, 321, 1, 'supplier'),
(140, '2021-10-06', NULL, 2, 342, 1, 'supplier'),
(141, '2021-10-06', NULL, 11, 1101, 1, 'supplier'),
(142, '2021-10-06', NULL, 8, 1066, 30, 'supplier'),
(143, '2021-10-06', NULL, 3, 678, 18, 'supplier'),
(144, '2021-10-06', NULL, 2, 428, 1, 'supplier'),
(145, '2021-10-06', NULL, 3, 635, 4, 'supplier'),
(146, '2021-10-06', NULL, 2, 416, 1, 'supplier'),
(147, '2021-10-06', NULL, 9, 772, 1, 'supplier'),
(148, '2021-10-06', NULL, 2, 1014, 1, 'supplier'),
(149, '2021-10-06', NULL, 2, 373, 1, 'supplier'),
(150, '2021-10-06', NULL, 2, 341, 1, 'supplier'),
(151, '2021-10-06', NULL, 2, 215, 2, 'supplier'),
(152, '2021-10-06', NULL, 7, 514, 1, 'supplier'),
(153, '2021-10-06', NULL, 5, 107, 30, 'supplier'),
(154, '2021-10-06', NULL, 5, 111, 30, 'supplier'),
(155, '2021-10-06', NULL, 2, 410, 1, 'supplier'),
(156, '2021-10-06', NULL, 30, 943, 1, 'supplier'),
(157, '2021-10-05', NULL, 2, 39, 1, 'supplier'),
(158, '2021-10-05', NULL, 5, 241, 1, 'supplier'),
(159, '2021-10-05', NULL, 23, 919, 1, 'supplier'),
(160, '2021-10-05', NULL, 5, 117, 1, 'supplier'),
(161, '2021-10-05', NULL, 2, 64, 1, 'supplier'),
(162, '2021-10-05', 1, 7, 886, 10, 'dokter'),
(163, '2021-10-05', 2, 5, 588, 2, 'dokter'),
(164, '2021-10-05', 2, 3, 725, 2, 'dokter'),
(165, '2021-10-05', 1, 8, 1067, 10, 'dokter'),
(166, '2021-10-05', 1, 24, 1008, 15, 'dokter'),
(167, '2021-10-05', 1, 31, 1090, 10, 'dokter'),
(168, '2021-10-05', NULL, 2, 309, 1, 'supplier'),
(169, '2021-10-05', NULL, 5, 151, 20, 'supplier'),
(170, '2021-10-05', NULL, 2, 272, 1, 'supplier'),
(171, '2021-10-05', NULL, 3, 611, 1, 'supplier'),
(172, '2021-10-05', NULL, 5, 852, 1, 'supplier'),
(173, '2021-10-06', NULL, 2, 225, 2, 'supplier'),
(174, '2021-10-06', NULL, 2, 341, 1, 'supplier'),
(175, '2021-10-06', NULL, 2, 454, 1, 'supplier'),
(176, '2021-10-06', NULL, 2, 518, 1, 'supplier'),
(177, '2021-10-06', NULL, 2, 414, 1, 'supplier'),
(178, '2021-10-06', NULL, 22, 840, 1, 'supplier'),
(179, '2021-10-06', NULL, 7, 592, 1, 'supplier'),
(180, '2021-10-06', NULL, 2, 341, 1, 'supplier'),
(181, '2021-10-06', NULL, 5, 224, 1, 'supplier'),
(182, '2021-10-06', NULL, 2, 60, 1, 'supplier'),
(183, '2021-10-06', NULL, 3, 652, 10, 'supplier'),
(184, '2021-10-06', NULL, 2, 277, 2, 'supplier'),
(185, '2021-10-06', NULL, 2, 341, 2, 'supplier');

-- --------------------------------------------------------

--
-- Struktur dari tabel `pembelian_detail`
--

CREATE TABLE `pembelian_detail` (
  `id_pembelian_detail` int(11) NOT NULL,
  `id_pembelian_obat` int(11) NOT NULL,
  `id_obat` int(11) NOT NULL,
  `jumlah` int(11) NOT NULL,
  `harga_obat` int(11) NOT NULL,
  `disc_1` int(11) NOT NULL,
  `disc_2` int(11) NOT NULL,
  `disc_3` int(11) NOT NULL,
  `sub_total` int(11) NOT NULL
) ENGINE=InnoDB DEFAULT CHARSET=utf8 ROW_FORMAT=COMPACT;

--
-- Dumping data untuk tabel `pembelian_detail`
--

INSERT INTO `pembelian_detail` (`id_pembelian_detail`, `id_pembelian_obat`, `id_obat`, `jumlah`, `harga_obat`, `disc_1`, `disc_2`, `disc_3`, `sub_total`) VALUES
(1, 1, 1, 100, 737, 10, 0, 0, 66330),
(2, 1, 2, 100, 331, 10, 0, 0, 29790),
(5, 6, 416, 2, 10600, 0, 0, 0, 21200),
(6, 6, 413, 2, 9990, 0, 0, 0, 19980),
(7, 6, 371, 12, 16727, 2, 0, 0, 196710),
(8, 6, 372, 12, 24364, 2, 0, 0, 286521),
(9, 7, 1134, 4, 45750, 1, 0, 0, 181170);

--
-- Trigger `pembelian_detail`
--
DELIMITER $$
CREATE TRIGGER `stok_tambah_obat` AFTER INSERT ON `pembelian_detail` FOR EACH ROW BEGIN
    	UPDATE obat SET stok_obat = NEW.jumlah + stok_obat WHERE id_obat = NEW.id_obat;
END
$$
DELIMITER ;

-- --------------------------------------------------------

--
-- Struktur dari tabel `pembelian_obat`
--

CREATE TABLE `pembelian_obat` (
  `id_pembelian_obat` int(11) NOT NULL,
  `id_supplier` int(11) NOT NULL,
  `kode_pembelian` varchar(100) NOT NULL,
  `tanggal_terima` date NOT NULL,
  `waktu_hutang` int(11) NOT NULL,
  `tanggal_jatuh_tempo` date NOT NULL,
  `jenis_beli` varchar(50) NOT NULL,
  `ppn` int(11) NOT NULL,
  `total_semua` int(11) NOT NULL
) ENGINE=InnoDB DEFAULT CHARSET=utf8 ROW_FORMAT=COMPACT;

--
-- Dumping data untuk tabel `pembelian_obat`
--

INSERT INTO `pembelian_obat` (`id_pembelian_obat`, `id_supplier`, `kode_pembelian`, `tanggal_terima`, `waktu_hutang`, `tanggal_jatuh_tempo`, `jenis_beli`, `ppn`, `total_semua`) VALUES
(1, 1, 'OBA-00000000001', '2021-08-16', 0, '2021-08-15', 'cash', 10, 105732),
(6, 9, 'OBA-00000000002', '2022-10-02', 30, '2022-10-31', 'kredit', 10, 576851),
(7, 16, 'OBA-00000000003', '2021-10-02', 0, '2021-10-01', 'cash', 10, 199287);

-- --------------------------------------------------------

--
-- Struktur dari tabel `profile_instansi`
--

CREATE TABLE `profile_instansi` (
  `id_profile_instansi` int(1) NOT NULL,
  `nama_instansi` varchar(100) NOT NULL,
  `alamat_instansi` text NOT NULL,
  `nomor_telepon_instansi` varchar(30) NOT NULL
) ENGINE=InnoDB DEFAULT CHARSET=utf8;

--
-- Dumping data untuk tabel `profile_instansi`
--

INSERT INTO `profile_instansi` (`id_profile_instansi`, `nama_instansi`, `alamat_instansi`, `nomor_telepon_instansi`) VALUES
(1, 'Apotek Bunda Farma', 'Jl. A. Yani II No. 68 Samarinda', '0823 5219 3351');

-- --------------------------------------------------------

--
-- Struktur dari tabel `racik_obat`
--

CREATE TABLE `racik_obat` (
  `id_racik_obat` int(11) NOT NULL,
  `id_racik_obat_data` int(11) NOT NULL,
  `nama_racik` varchar(70) NOT NULL,
  `jenis_racik` varchar(10) NOT NULL,
  `jumlah_racik` int(11) NOT NULL,
  `ongkos_racik` int(11) NOT NULL,
  `harga_total_racik` int(11) NOT NULL
) ENGINE=InnoDB DEFAULT CHARSET=utf8;

--
-- Dumping data untuk tabel `racik_obat`
--

INSERT INTO `racik_obat` (`id_racik_obat`, `id_racik_obat_data`, `nama_racik`, `jenis_racik`, `jumlah_racik`, `ongkos_racik`, `harga_total_racik`) VALUES
(1, 1, 'racikan zein 1', 'dtd', 15, 15000, 25000),
(2, 1, 'Obat Tanpa Racik 2', '-', 0, 0, 30000),
(8, 5, 'Obat Tanpa Racik', '-', 0, 0, 270000),
(9, 6, 'Obat Tanpa Racik', '-', 0, 0, 283000),
(10, 7, 'Obat Tanpa Racik', '-', 0, 0, 11000),
(11, 8, 'Obat Tanpa Racik', '-', 0, 0, 48000),
(12, 9, 'RACIKAN KRIM 1', 'non-dtd', 1, 20000, 270000),
(13, 10, 'Obat Tanpa Racik', '-', 0, 0, 129000);

-- --------------------------------------------------------

--
-- Struktur dari tabel `racik_obat_data`
--

CREATE TABLE `racik_obat_data` (
  `id_racik_obat_data` int(11) NOT NULL,
  `tanggal_racik` date NOT NULL,
  `id_pasien` int(11) NOT NULL,
  `id_dokter` int(11) NOT NULL,
  `total_semua` int(11) NOT NULL
) ENGINE=InnoDB DEFAULT CHARSET=utf8;

--
-- Dumping data untuk tabel `racik_obat_data`
--

INSERT INTO `racik_obat_data` (`id_racik_obat_data`, `tanggal_racik`, `id_pasien`, `id_dokter`, `total_semua`) VALUES
(1, '2021-08-19', 1, 1, 55000),
(5, '2021-10-02', 5, 1, 270000),
(6, '2021-10-02', 6, 1, 283000),
(7, '2021-10-04', 7, 1, 11000),
(8, '2021-10-05', 8, 1, 48000),
(9, '2021-10-05', 9, 2, 270000),
(10, '2021-10-05', 10, 1, 285000);

-- --------------------------------------------------------

--
-- Struktur dari tabel `racik_obat_detail`
--

CREATE TABLE `racik_obat_detail` (
  `id_racik_obat_detail` int(11) NOT NULL,
  `id_racik_obat` int(11) NOT NULL,
  `id_obat` int(11) NOT NULL,
  `id_supplier` int(11) NOT NULL,
  `jumlah` varchar(10) NOT NULL,
  `sub_total` int(11) NOT NULL
) ENGINE=InnoDB DEFAULT CHARSET=utf8;

--
-- Dumping data untuk tabel `racik_obat_detail`
--

INSERT INTO `racik_obat_detail` (`id_racik_obat_detail`, `id_racik_obat`, `id_obat`, `id_supplier`, `jumlah`, `sub_total`) VALUES
(1, 1, 1, 1, '10', 10000),
(2, 1, 5, 2, '5', 0),
(3, 2, 1, 1, '10', 10000),
(4, 2, 3, 1, '10', 10000),
(5, 2, 1, 1, '10', 10000),
(14, 8, 832, 17, '10', 95000),
(16, 8, 954, 13, '30', 134000),
(18, 8, 116, 5, '10', 41000),
(19, 9, 1092, 31, '10', 27000),
(20, 9, 827, 8, '10', 17000),
(21, 9, 648, 9, '8', 46000),
(22, 9, 1028, 5, '15', 193000),
(23, 10, 113, 5, '10', 11000),
(24, 11, 886, 7, '10', 48000),
(25, 12, 588, 5, '2', 216000),
(26, 12, 725, 3, '2', 34000),
(27, 13, 1067, 8, '10', 156000),
(28, 13, 1008, 24, '15', 104000),
(29, 13, 1090, 31, '10', 25000);

-- --------------------------------------------------------

--
-- Struktur dari tabel `stok_opnem`
--

CREATE TABLE `stok_opnem` (
  `id_stok_opnem` int(11) NOT NULL,
  `tanggal_stok_opnem` date NOT NULL,
  `keterangan` text DEFAULT NULL,
  `created_at` timestamp NULL DEFAULT NULL,
  `updated_at` timestamp NULL DEFAULT NULL
) ENGINE=InnoDB DEFAULT CHARSET=utf8;

--
-- Dumping data untuk tabel `stok_opnem`
--

INSERT INTO `stok_opnem` (`id_stok_opnem`, `tanggal_stok_opnem`, `keterangan`, `created_at`, `updated_at`) VALUES
(1, '2021-08-17', '-', '2021-08-17 21:13:33', '2021-08-17 21:13:33'),
(2, '2021-08-17', '-', '2021-08-17 21:13:51', '2021-08-17 21:13:51'),
(3, '2021-08-17', '-', '2021-08-17 21:14:35', '2021-08-17 21:14:35'),
(22, '2022-10-01', 'S.O AWAL 01 10 2021', '2021-10-02 11:02:06', '2021-10-02 11:02:06'),
(23, '2021-10-01', 'part 2', '2021-10-02 11:47:14', '2021-10-02 11:47:14'),
(29, '2021-10-01', 'PART 3', '2021-10-02 17:28:35', '2021-10-02 17:28:35');

-- --------------------------------------------------------

--
-- Struktur dari tabel `stok_opnem_detail`
--

CREATE TABLE `stok_opnem_detail` (
  `id_stok_opnem_detail` int(11) NOT NULL,
  `id_stok_opnem` int(11) NOT NULL,
  `id_obat` int(11) NOT NULL,
  `stok_komputer` int(11) DEFAULT NULL,
  `stok_fisik` int(11) DEFAULT NULL,
  `stok_selisih` int(11) DEFAULT NULL,
  `sub_nilai` int(11) DEFAULT NULL
) ENGINE=InnoDB DEFAULT CHARSET=utf8;

--
-- Dumping data untuk tabel `stok_opnem_detail`
--

INSERT INTO `stok_opnem_detail` (`id_stok_opnem_detail`, `id_stok_opnem`, `id_obat`, `stok_komputer`, `stok_fisik`, `stok_selisih`, `sub_nilai`) VALUES
(293, 22, 4, 0, 17, -17, 109888),
(294, 22, 5, 0, 19, -19, 380000),
(295, 22, 6, 0, 2, -2, 86848),
(296, 22, 7, 0, 2, -2, 43522),
(297, 22, 8, 0, 2, -2, 27144),
(298, 22, 9, 0, 5, -5, 28835),
(299, 22, 10, 0, 2, -2, 66000),
(300, 22, 11, 0, 5, -5, 204630),
(301, 22, 13, 0, 2, -2, 22678),
(302, 22, 14, 0, 1, -1, 9152),
(303, 22, 16, 0, 1, -1, 9937),
(304, 22, 17, 0, 3, -3, 96000),
(305, 22, 19, 0, 100, -100, 80700),
(306, 22, 20, 0, 1, -1, 12073),
(307, 22, 23, 0, 1, -1, 14211),
(308, 22, 24, 0, 1, -1, 8086),
(309, 22, 25, 0, 3, -3, 128544),
(310, 22, 26, 0, 122, -122, 3537268),
(311, 22, 27, 0, 9, -9, 59175),
(312, 22, 28, 0, 18, -18, 32274),
(313, 22, 29, 0, 10, -10, 219920),
(314, 22, 30, 0, 9, -9, 92700),
(315, 22, 31, 0, 2, -2, 129546),
(316, 22, 32, 0, 0, 0, 0),
(317, 22, 33, 0, 3, -3, 120678),
(318, 22, 34, 0, 3, -3, 116064),
(319, 22, 35, 0, 3, -3, 84930),
(320, 22, 36, 0, 6, -6, 276000),
(321, 22, 37, 0, 1, -1, 83516),
(322, 22, 38, 0, 1, -1, 40003),
(323, 22, 39, 0, 107, -107, 783240),
(324, 22, 40, 0, 2, -2, 20040),
(325, 22, 41, 0, 2, -2, 24564),
(326, 22, 42, 0, 215, -215, 374100),
(327, 22, 43, 0, 0, 0, 0),
(328, 22, 44, 0, 6, -6, 70200),
(329, 22, 46, 0, 4, -4, 80000),
(330, 22, 47, 1, 3, -2, 75000),
(331, 22, 48, 0, 5, -5, 124925),
(332, 22, 51, 0, 1, -1, 17000),
(333, 22, 52, 0, 30, -30, 240000),
(334, 22, 53, 0, 80, -80, 220000),
(335, 22, 54, 0, 2, -2, 70000),
(336, 22, 55, 0, 5, -5, 182500),
(337, 22, 56, 0, 8, -8, 368000),
(338, 22, 57, 0, 100, -100, 87400),
(339, 22, 58, 0, 3, -3, 103656),
(340, 22, 59, 0, 3, -3, 63000),
(341, 22, 60, 0, 56, -56, 587048),
(342, 22, 62, 0, 5, -5, 93750),
(343, 22, 64, 0, 3, -3, 45402),
(344, 22, 65, 0, 2, -2, 74008),
(345, 22, 66, 0, 1, -1, 62185),
(346, 22, 67, 0, 1, -1, 27500),
(347, 22, 68, 0, 2, -2, 53560),
(348, 22, 69, 0, 43, -43, 339743),
(349, 22, 70, 0, 4, -4, 32000),
(350, 22, 71, 0, 1, -1, 25000),
(351, 22, 72, 0, 1, -1, 11000),
(352, 22, 73, 0, 4, -4, 139600),
(353, 22, 74, 0, 1, -1, 62600),
(354, 22, 75, 0, 2, -2, 60000),
(355, 22, 76, 0, 10, -10, 142380),
(356, 22, 77, 0, 5, -5, 99645),
(357, 22, 78, 0, 8, -8, 112000),
(358, 22, 80, 0, 1, -1, 133000),
(359, 22, 81, 0, 24, -24, 174648),
(360, 22, 82, 0, 1, -1, 11364),
(361, 22, 83, 0, 1, -1, 33000),
(362, 22, 85, 0, 70, -70, 188510),
(363, 22, 86, 0, 67, -67, 180900),
(364, 22, 87, 0, 25, -25, 64850),
(365, 22, 88, 0, 10, -10, 17580),
(366, 22, 89, 0, 6, -6, 29556),
(367, 22, 90, 0, 1, -1, 12877),
(368, 22, 91, 0, 2, -2, 42862),
(369, 22, 92, 0, 2, -2, 80246),
(370, 22, 93, 0, 3, -3, 147273),
(371, 22, 94, 0, 1, -1, 27047),
(372, 22, 95, 0, 2, -2, 38264),
(373, 22, 96, 0, 2, -2, 38440),
(374, 22, 97, 0, 2, -2, 38440),
(375, 22, 98, 23, 2, 21, 24600),
(376, 22, 99, 0, 5, -5, 60000),
(377, 22, 100, 0, 1, -1, 77000),
(378, 22, 101, 0, 1, -1, 82500),
(379, 22, 102, 0, 1, -1, 85000),
(380, 22, 103, 0, 76, -76, 45600),
(381, 22, 104, 0, 140, -140, 28000),
(382, 22, 105, 0, 90, -90, 37800),
(383, 22, 111, 0, 20, -20, 22000),
(384, 22, 112, 0, 1, -1, 7455),
(385, 22, 124, 0, 1, -1, 11500),
(386, 22, 129, 0, 0, 0, 0),
(387, 22, 130, 0, 60, -60, 45000),
(388, 22, 131, 0, 77, -77, 42350),
(389, 22, 153, 0, 3, -3, 10500),
(390, 22, 154, 0, 3, -3, 30000),
(391, 22, 155, 0, 2, -2, 49000),
(392, 22, 156, 0, 4, -4, 208000),
(393, 22, 157, 0, 4, -4, 100000),
(394, 22, 159, 0, 5, -5, 10000),
(395, 22, 161, 0, 17, -17, 408000),
(396, 22, 163, 0, 50, -50, 65000),
(397, 22, 164, 0, 2, -2, 5060),
(398, 22, 165, 0, 1, -1, 6050),
(399, 22, 166, 0, 2, -2, 16060),
(400, 22, 167, 0, 2, -2, 13000),
(401, 22, 168, 0, 2, -2, 6600),
(402, 22, 169, 0, 2, -2, 5060),
(403, 22, 172, 0, 12, -12, 528000),
(404, 22, 173, 0, 10, -10, 36300),
(405, 22, 174, 0, 68, -68, 108800),
(406, 22, 175, 0, 2, -2, 9000),
(407, 22, 176, 0, 2, -2, 22000),
(408, 22, 177, 0, 5, -5, 8500),
(409, 22, 178, 0, 2, -2, 12100),
(410, 22, 179, 0, 4, -4, 158400),
(411, 22, 180, 0, 25, -25, 114750),
(412, 22, 181, 0, 1, -1, 25000),
(413, 22, 182, 0, 10, -10, 100930),
(414, 22, 183, 0, 0, 0, 0),
(415, 22, 184, 0, 10, -10, 8500),
(416, 22, 185, 0, 1, -1, 73260),
(417, 22, 186, 0, 1, -1, 5170),
(418, 22, 187, 0, 1, -1, 5000),
(419, 22, 188, 0, 1, -1, 90200),
(420, 22, 189, 0, 90, -90, 148500),
(421, 22, 190, 0, 24, -24, 14400),
(422, 22, 191, 0, 100, -100, 165000),
(423, 22, 192, 0, 96, -96, 158400),
(424, 22, 193, 0, 1, -1, 95000),
(425, 22, 194, 0, 1, -1, 38500),
(426, 22, 195, 0, 50, -50, 57500),
(427, 22, 196, 0, 3, -3, 90000),
(428, 22, 197, 0, 1, -1, 95000),
(429, 22, 198, 0, 1, -1, 175000),
(430, 22, 199, 0, 1, -1, 100000),
(431, 22, 200, 0, 1, -1, 175000),
(432, 22, 201, 0, 1, -1, 95000),
(433, 22, 203, 0, 1, -1, 179851),
(434, 22, 204, 0, 47, -47, 423000),
(435, 22, 205, 0, 2, -2, 50760),
(436, 22, 206, 0, 2, -2, 52726),
(437, 22, 207, 0, 9, -9, 67320),
(438, 22, 209, 0, 7, -7, 245798),
(439, 22, 210, 0, 1, -1, 100000),
(440, 22, 213, 0, 24, -24, 456000),
(441, 22, 214, 0, 1, -1, 51233),
(442, 22, 215, 0, 9, -9, 6831),
(443, 22, 216, 0, 4, -4, 51768),
(444, 22, 218, 0, 3, -3, 30189),
(445, 22, 222, 0, 1, -1, 22491),
(446, 22, 223, 0, 2, -2, 28026),
(447, 22, 224, 0, 2, -2, 36396),
(448, 22, 225, 0, 26, -26, 29952),
(449, 22, 226, 0, 72, -72, 256536),
(450, 22, 227, 0, 3, -3, 12711),
(451, 22, 228, 0, 2, -2, 15296),
(452, 22, 229, 0, 1, -1, 4166),
(453, 22, 230, 0, 23, -23, 70173),
(454, 22, 232, 0, 7, -7, 93590),
(455, 22, 234, 0, 3, -3, 20241),
(456, 22, 235, 0, 2, -2, 55572),
(457, 22, 236, 0, 3, -3, 77550),
(458, 22, 237, 0, 1, -1, 64525),
(459, 22, 238, 0, 1, -1, 231818),
(460, 22, 239, 0, 1, -1, 103989),
(461, 22, 240, 0, 2, -2, 27598),
(462, 22, 241, 0, 5, -5, 76750),
(463, 22, 242, 0, 1, -1, 51078),
(464, 22, 243, 0, 18, -18, 91206),
(465, 22, 244, 0, 3, -3, 22605),
(466, 22, 245, 0, 2, -2, 87412),
(467, 22, 246, 0, 1, -1, 47373),
(468, 22, 247, 0, 1, -1, 129085),
(469, 22, 248, 0, 2, -2, 21400),
(470, 22, 249, 0, 42, -42, 2772168),
(471, 22, 250, 0, 3, -3, 104073),
(472, 22, 252, 0, 5, -5, 54250),
(473, 22, 253, 0, 2, -2, 38126),
(474, 22, 254, 0, 2, -2, 66060),
(475, 22, 255, 0, 3, -3, 19557),
(476, 22, 256, 0, 2, -2, 24804),
(477, 22, 257, 0, 1, -1, 29032),
(478, 22, 258, 0, 1, -1, 65015),
(479, 22, 259, 0, 24, -24, 181056),
(480, 22, 260, 0, 2, -2, 67000),
(481, 22, 261, 0, 1, -1, 27567),
(482, 22, 262, 0, 1, -1, 60447),
(483, 22, 263, 0, 4, -4, 30912),
(484, 22, 264, 0, 0, 0, 0),
(485, 22, 265, 0, 2, -2, 38128),
(486, 22, 266, 0, 2, -2, 116800),
(487, 22, 267, 0, 4, -4, 52644),
(488, 22, 268, 0, 2, -2, 31400),
(489, 22, 269, 0, 1, -1, 47674),
(490, 22, 270, 0, 1, -1, 37830),
(491, 22, 271, 0, 1, -1, 29181),
(492, 22, 272, 0, 2, -2, 116866),
(493, 22, 273, 0, 3, -3, 30000),
(494, 22, 274, 0, 1, -1, 25595),
(495, 22, 276, 0, 3, -3, 72420),
(496, 22, 277, 0, 46, -46, 43700),
(497, 22, 278, 0, 2, -2, 28422),
(498, 22, 279, 0, 390, -390, 88920),
(499, 22, 280, 0, 54, -54, 65016),
(500, 22, 281, 0, 1, -1, 16616),
(501, 22, 282, 0, 1, -1, 21525),
(502, 22, 283, 0, 2, -2, 48000),
(503, 22, 284, 0, 2, -2, 41000),
(504, 22, 285, 0, 2, -2, 52000),
(505, 22, 286, 0, 2, -2, 61526),
(506, 22, 287, 0, 2, -2, 71072),
(507, 22, 288, 0, 1, -1, 28364),
(508, 22, 289, 0, 5, -5, 11685),
(509, 22, 290, 0, 1, -1, 198674),
(510, 22, 291, 0, 2, -2, 38384),
(511, 22, 292, 0, 2, -2, 44998),
(512, 22, 293, 0, 2, -2, 64566),
(513, 22, 294, 0, 4, -4, 131000),
(514, 22, 295, 0, 1, -1, 12933),
(515, 22, 296, 0, 2, -2, 28784),
(516, 22, 297, 0, 1, -1, 24753),
(517, 22, 298, 0, 1, -1, 11216),
(518, 22, 299, 0, 2, -2, 24000),
(519, 22, 300, 0, 2, -2, 49754),
(520, 22, 302, 0, 1, -1, 28236),
(521, 22, 303, 0, 1, -1, 23186),
(522, 22, 304, 0, 2, -2, 64298),
(523, 22, 305, 0, 2, -2, 74236),
(524, 22, 306, 0, 2, -2, 68544),
(525, 22, 307, 0, 1, -1, 64745),
(526, 22, 308, 0, 1, -1, 25000),
(527, 22, 309, 0, 4, -4, 48244),
(528, 22, 310, 0, 0, 0, 0),
(529, 22, 311, 0, 2, -2, 63548),
(530, 22, 312, 0, 1, -1, 61679),
(531, 22, 313, 0, 1, -1, 26201),
(532, 22, 314, 0, 1, -1, 68846),
(533, 22, 315, 0, 1, -1, 20336),
(534, 22, 316, 0, 1, -1, 29754),
(535, 22, 317, 0, 1, -1, 10876),
(536, 22, 318, 0, 2, -2, 31368),
(537, 22, 319, 0, 1, -1, 18665),
(538, 22, 320, 0, 3, -3, 38679),
(539, 22, 321, 0, 3, -3, 45795),
(540, 22, 322, 0, 1, -1, 13437),
(541, 22, 323, 0, 4, -4, 68092),
(542, 22, 324, 0, 3, -3, 33213),
(543, 22, 325, 0, 4, -4, 64716),
(544, 22, 327, 0, 1, -1, 41184),
(545, 22, 328, 0, 2, -2, 25400),
(546, 22, 329, 0, 1, -1, 14100),
(547, 22, 330, 0, 4, -4, 120000),
(548, 22, 331, 0, 6, -6, 150000),
(549, 22, 332, 0, 3, -3, 61500),
(550, 22, 333, 0, 2, -2, 63800),
(551, 22, 334, 0, 1, -1, 91250),
(552, 22, 335, 0, 2, -2, 32036),
(553, 22, 336, 0, 1, -1, 28636),
(554, 22, 337, 0, 1, -1, 16683),
(555, 22, 338, 0, 0, 0, 0),
(556, 22, 339, 0, 1, -1, 27146),
(557, 22, 340, 0, 1, -1, 27146),
(558, 22, 341, 0, 59, -59, 44250),
(559, 22, 342, 0, 2, -2, 29800),
(560, 22, 343, 0, 3, -3, 60000),
(561, 22, 344, 0, 3, -3, 86319),
(562, 22, 346, 0, 2, -2, 23112),
(563, 22, 347, 0, 1, -1, 11556),
(564, 22, 348, 0, 1, -1, 10730),
(565, 22, 349, 0, 1, -1, 11556),
(566, 22, 350, 0, 4, -4, 231832),
(567, 22, 351, 0, 4, -4, 120608),
(568, 22, 352, 0, 4, -4, 74200),
(569, 22, 353, 0, 3, -3, 37479),
(570, 22, 354, 0, 4, -4, 32728),
(571, 22, 355, 0, 3, -3, 14319),
(572, 22, 356, 0, 2, -2, 123910),
(573, 22, 357, 0, 11, -11, 401654),
(574, 22, 358, 0, 6, -6, 103998),
(575, 22, 359, 0, 11, -11, 108174),
(576, 22, 360, 0, 11, -11, 54087),
(577, 22, 361, 0, 3, -3, 22500),
(578, 22, 362, 0, 2, -2, 28254),
(579, 22, 363, 0, 1, -1, 15935),
(580, 22, 364, 0, 2, -2, 65824),
(581, 22, 365, 0, 2, -2, 34886),
(582, 22, 366, 0, 3, -3, 26730),
(583, 22, 367, 0, 10, -10, 12710),
(584, 22, 368, 0, 1, -1, 16614),
(585, 22, 369, 0, 24, -24, 116592),
(586, 22, 370, 0, 3, -3, 26415),
(587, 22, 371, 0, 0, 0, 0),
(588, 22, 372, 0, 3, -3, 74433),
(589, 22, 373, 0, 19, -19, 282188),
(590, 22, 374, 0, 7, -7, 13461),
(591, 22, 375, 0, 10, -10, 16920),
(592, 22, 376, 0, 10, -10, 16930),
(593, 22, 377, 0, 7, -7, 13846),
(594, 22, 378, 0, 23, -23, 80431),
(595, 22, 379, 0, 15, -15, 123885),
(596, 22, 380, 0, 0, 0, 0),
(597, 22, 381, 0, 3, -3, 42135),
(598, 22, 382, 0, 1, -1, 12539),
(599, 22, 383, 0, 3, -3, 13221),
(600, 22, 384, 0, 3, -3, 23766),
(601, 22, 385, 0, 2, -2, 30960),
(602, 22, 386, 0, 5, -5, 274360),
(603, 22, 387, 0, 5, -5, 181025),
(604, 22, 388, 0, 0, 0, 0),
(605, 22, 389, 0, 2, -2, 13200),
(606, 22, 390, 0, 2, -2, 2140),
(607, 22, 391, 0, 3, -3, 20250),
(608, 22, 392, 0, 1, -1, 16872),
(609, 22, 393, 0, 1, -1, 6116),
(610, 22, 394, 0, 83, -83, 107236),
(611, 22, 395, 0, 6, -6, 70902),
(612, 22, 396, 0, 24, -24, 75408),
(613, 22, 397, 0, 2, -2, 20174),
(614, 22, 398, 0, 4, -4, 72800),
(615, 22, 399, 0, 5, -5, 64500),
(616, 22, 400, 0, 14, -14, 90720),
(617, 22, 401, 0, 7, -7, 11669),
(618, 22, 402, 0, 18, -18, 208080),
(619, 22, 403, 0, 13, -13, 130000),
(620, 22, 404, 0, 1, -1, 5705),
(621, 22, 405, 0, 3, -3, 17496),
(622, 22, 406, 0, 18, -18, 173088),
(623, 22, 407, 0, 11, -11, 97680),
(624, 22, 408, 0, 27, -27, 35667),
(625, 22, 409, 0, 3, -3, 23259),
(626, 22, 410, 0, 9, -9, 54369),
(627, 22, 411, 0, 0, 0, 0),
(628, 22, 412, 0, 2, -2, 57082),
(629, 22, 413, 0, 1, -1, 10337),
(630, 22, 414, 0, 7, -7, 93240),
(631, 22, 415, 0, 1, -1, 12766),
(632, 22, 416, 0, 2, -2, 21200),
(633, 22, 417, 0, 1, -1, 11910),
(634, 22, 418, 0, 25, -25, 52000),
(635, 22, 419, 0, 8, -8, 145464),
(636, 22, 420, 0, 10, -10, 20070),
(637, 22, 421, 0, 1, -1, 1932),
(638, 22, 422, 0, 2, -2, 4222),
(639, 22, 423, 0, 10, -10, 17370),
(640, 22, 424, 0, 9, -9, 20943),
(641, 22, 425, 0, 24, -24, 105216),
(642, 22, 426, 0, 5, -5, 53495),
(643, 22, 427, 0, 2, -2, 131768),
(644, 22, 428, 0, 1, -1, 14700),
(645, 22, 429, 0, 6, -6, 92238),
(646, 22, 430, 0, 2, -2, 8814),
(647, 22, 431, 0, 2, -2, 15844),
(648, 22, 432, 0, 2, -2, 30960),
(649, 22, 433, 0, 3, -3, 43161),
(650, 22, 434, 0, 23, -23, 72312),
(651, 22, 435, 0, 20, -20, 116040),
(652, 22, 436, 0, 1, -1, 14495),
(653, 22, 437, 0, 2, -2, 13756),
(654, 22, 438, 0, 2, -2, 55306),
(655, 22, 439, 0, 2, -2, 29290),
(656, 22, 440, 0, 2, -2, 43600),
(657, 22, 441, 0, 1, -1, 38095),
(658, 22, 442, 0, 1, -1, 55192),
(659, 22, 443, 0, 1, -1, 56622),
(660, 22, 444, 0, 1, -1, 21860),
(661, 22, 445, 0, 0, 0, 0),
(662, 22, 446, 0, 1, -1, 110830),
(663, 22, 447, 0, 1, -1, 110864),
(664, 22, 448, 0, 1, -1, 116401),
(665, 22, 449, 0, 1, -1, 215814),
(666, 22, 450, 0, 1, -1, 30790),
(667, 22, 451, 0, 1, -1, 11756),
(668, 22, 452, 0, 1, -1, 11958),
(669, 22, 453, 0, 1, -1, 34027),
(670, 22, 454, 0, 5, -5, 97500),
(671, 22, 455, 0, 1, -1, 17500),
(672, 22, 456, 0, 1, -1, 24784),
(673, 22, 457, 0, 1, -1, 60099),
(674, 22, 458, 0, 1, -1, 36608),
(675, 22, 459, 0, 1, -1, 72532),
(676, 22, 461, 0, 1, -1, 27000),
(677, 22, 462, 0, 5, -5, 205000),
(678, 22, 463, 0, 1, -1, 46270),
(679, 22, 464, 0, 1, -1, 41032),
(680, 22, 465, 0, 1, -1, 45269),
(681, 22, 466, 0, 4, -4, 12284),
(682, 22, 467, 0, 4, -4, 5812),
(683, 22, 468, 0, 10, -10, 26030),
(684, 22, 469, 0, 1, -1, 31000),
(685, 22, 470, 0, 1, -1, 30000),
(686, 22, 471, 0, 3, -3, 11700),
(687, 22, 472, 0, 44, -44, 87120),
(688, 22, 473, 0, 2, -2, 30050),
(689, 22, 474, 0, 1, -1, 60840),
(690, 22, 476, 0, 1, -1, 23386),
(691, 22, 477, 0, 6, -6, 73596),
(692, 22, 478, 0, 3, -3, 31347),
(693, 22, 479, 0, 5, -5, 46520),
(694, 22, 480, 0, 8, -8, 87776),
(695, 22, 481, 0, 3, -3, 29949),
(696, 22, 482, 0, 56, -56, 392000),
(697, 22, 483, 0, 6, -6, 10434),
(698, 22, 484, 0, 1, -1, 7932),
(699, 22, 485, 0, 11, -11, 214500),
(700, 22, 486, 0, 4, -4, 6640),
(701, 22, 487, 0, 2, -2, 10338),
(702, 22, 488, 0, 2, -2, 8840),
(703, 22, 489, 0, 68, -68, 142800),
(704, 22, 490, 0, 14, -14, 165200),
(705, 22, 491, 0, 9, -9, 26244),
(706, 22, 492, 0, 1, -1, 16630),
(707, 22, 493, 0, 0, 0, 0),
(708, 22, 494, 0, 1, -1, 20895),
(709, 22, 495, 0, 2, -2, 8532),
(710, 22, 496, 0, 3, -3, 34416),
(711, 22, 497, 0, 2, -2, 36816),
(712, 22, 498, 0, 1, -1, 34000),
(713, 22, 499, 0, 2, -2, 40584),
(714, 22, 500, 0, 2, -2, 24654),
(715, 22, 501, 0, 1, -1, 27192),
(716, 22, 502, 0, 1, -1, 56302),
(717, 22, 503, 0, 1, -1, 61353),
(718, 22, 504, 0, 0, 0, 0),
(719, 22, 505, 0, 1, -1, 17886),
(720, 22, 506, 0, 1, -1, 66215),
(721, 22, 507, 0, 2, -2, 4710),
(722, 22, 508, 0, 0, 0, 0),
(723, 22, 509, 0, 3, -3, 56184),
(724, 22, 510, 0, 26, -26, 842036),
(725, 22, 511, 0, 3, -3, 43302),
(726, 22, 512, 0, 2, -2, 28564),
(727, 22, 513, 0, 5, -5, 10130),
(728, 22, 514, 0, 20, -20, 540000),
(729, 22, 515, 0, 4, -4, 147520),
(730, 22, 516, 0, 1, -1, 60098),
(731, 22, 517, 0, 1, -1, 25477),
(732, 22, 518, 0, 21, -21, 119322),
(733, 22, 519, 0, 3, -3, 54000),
(734, 22, 520, 0, 2, -2, 48834),
(735, 22, 521, 0, 2, -2, 80084),
(736, 22, 522, 0, 1, -1, 37121),
(737, 22, 523, 0, 1, -1, 17559),
(738, 22, 524, 0, 4, -4, 36220),
(739, 22, 525, 0, 1, -1, 18747),
(740, 22, 526, 0, 1, -1, 11105),
(741, 22, 527, 0, 1, -1, 45580),
(742, 22, 528, 0, 1, -1, 61046),
(743, 22, 529, 0, 2, -2, 10750),
(744, 22, 530, 0, 18, -18, 105948),
(745, 22, 531, 0, 1, -1, 56969),
(746, 22, 532, 0, 1, -1, 24597),
(747, 22, 533, 0, 1, -1, 60646),
(748, 22, 534, 0, 1, -1, 12895),
(749, 22, 537, 0, 1, -1, 7109),
(750, 22, 538, 0, 1, -1, 15631),
(751, 22, 539, 0, 1, -1, 38155),
(752, 22, 540, 0, 1, -1, 75819),
(753, 22, 541, 0, 1, -1, 106906),
(754, 22, 542, 0, 2, -2, 31104),
(755, 22, 543, 0, 1, -1, 23004),
(756, 22, 544, 0, 1, -1, 9142),
(757, 22, 545, 0, 1, -1, 8372),
(758, 22, 546, 0, 1, -1, 4100),
(759, 22, 547, 0, 20, -20, 64000),
(760, 22, 548, 0, 1, -1, 22500),
(761, 22, 549, 0, 1, -1, 32000),
(762, 22, 551, 0, 1, -1, 29137),
(763, 22, 552, 0, 2, -2, 26950),
(764, 22, 553, 0, 1, -1, 13476),
(765, 22, 556, 0, 20, -20, 2029100),
(766, 22, 558, 0, 1, -1, 42909),
(767, 22, 559, 0, 1, -1, 74100),
(768, 22, 560, 0, 1, -1, 34909),
(769, 22, 561, 0, 1, -1, 27250),
(770, 22, 562, 0, 1, -1, 35875),
(771, 22, 564, 0, 1, -1, 39800),
(772, 22, 565, 0, 2, -2, 32800),
(773, 22, 567, 0, 2, -2, 37456),
(774, 22, 572, 0, 1, -1, 23133),
(775, 22, 573, 0, 1, -1, 17300),
(776, 22, 575, 0, 10, -10, 74560),
(777, 22, 576, 0, 1, -1, 53000),
(778, 22, 577, 0, 1, -1, 33000),
(779, 22, 578, 0, 10, -10, 150000),
(780, 22, 579, 0, 1, -1, 37650),
(781, 22, 580, 0, 1, -1, 16400),
(782, 22, 582, 0, 12, -12, 64800),
(783, 22, 583, 0, 1, -1, 3300),
(784, 22, 584, 0, 12, -12, 37200),
(785, 22, 585, 0, 2, -2, 9600),
(786, 22, 587, 0, 1, -1, 57010),
(787, 22, 588, 0, 4, -4, 317900),
(788, 22, 589, 0, 2, -2, 170000),
(789, 22, 591, 0, 2, -2, 21182),
(790, 22, 592, 0, 1, -1, 38500),
(791, 22, 593, 0, 69, -69, 234600),
(792, 22, 595, 0, 2, -2, 75000),
(793, 22, 598, 0, 1, -1, 22900),
(794, 22, 600, 0, 1, -1, 120000),
(795, 22, 603, 0, 1, -1, 13000),
(796, 22, 606, 0, 1, -1, 37800),
(797, 22, 611, 0, 1, -1, 67700),
(798, 22, 612, 0, 1, -1, 55091),
(799, 22, 613, 0, 1, -1, 62600),
(800, 22, 615, 0, 1, -1, 22090),
(801, 22, 616, 0, 0, 0, 0),
(802, 22, 618, 0, 4, -4, 52000),
(803, 22, 622, 0, 60, -60, 400140),
(804, 22, 623, 0, 3, -3, 200046),
(805, 22, 626, 0, 1, -1, 39545),
(806, 22, 627, 0, 10, -10, 20720),
(807, 22, 628, 0, 20, -20, 25380),
(808, 22, 630, 0, 315, -315, 315000),
(809, 22, 634, 0, 1, -1, 10145),
(810, 22, 635, 0, 31, -31, 183954),
(811, 22, 636, 0, 2, -2, 67700),
(812, 22, 637, 0, 1, -1, 33818),
(813, 22, 638, 0, 2, -2, 71400),
(814, 22, 639, 0, 1, -1, 35932),
(815, 22, 640, 0, 1, -1, 17661),
(816, 22, 641, 0, 2, -2, 70642),
(817, 22, 642, 0, 1, -1, 17600),
(818, 22, 643, 0, 1, -1, 17600),
(819, 22, 646, 0, 1, -1, 23673),
(820, 22, 647, 0, 1, -1, 76091),
(821, 22, 659, 0, 1, -1, 24518),
(822, 22, 660, 0, 1, -1, 25364),
(823, 22, 661, 0, 1, -1, 32550),
(824, 22, 662, 0, 2, -2, 102300),
(825, 22, 663, 0, 1, -1, 23209),
(826, 22, 669, 0, 1, -1, 51150),
(827, 22, 670, 0, 1, -1, 110332),
(828, 22, 671, 0, 1, -1, 69327),
(829, 22, 673, 0, 1, -1, 140768),
(830, 22, 674, 0, 1, -1, 57068),
(831, 22, 677, 0, 2, -2, 196800),
(832, 22, 684, 0, 1, -1, 5496),
(833, 22, 685, 0, 1, -1, 53000),
(834, 22, 699, 0, 1, -1, 43118),
(835, 22, 700, 0, 1, -1, 48191),
(836, 22, 705, 0, 1, -1, 43964),
(837, 22, 706, 0, 1, -1, 34664),
(838, 22, 711, 0, 1, -1, 42695),
(839, 22, 714, 0, 0, 0, 0),
(840, 22, 716, 0, 1, -1, 55227),
(841, 22, 718, 0, 1, -1, 7500),
(842, 22, 720, 0, 1, -1, 34664),
(843, 22, 722, 0, 1, -1, 58336),
(844, 22, 725, 0, 2, -2, 24600),
(845, 22, 732, 0, 1, -1, 64255),
(846, 22, 737, 0, 1, -1, 47345),
(847, 22, 738, 0, 1, -1, 24518),
(848, 22, 739, 0, 1, -1, 39990),
(849, 22, 740, 0, 100, -100, 45000),
(850, 22, 741, 0, 1, -1, 48191),
(851, 22, 742, 0, 10, -10, 43120),
(852, 22, 743, 0, 1, -1, 34282),
(853, 22, 744, 0, 0, 0, 0),
(854, 22, 749, 0, 1, -1, 8000),
(855, 22, 752, 0, 141, -141, 1438200),
(856, 22, 756, 0, 1, -1, 39000),
(857, 22, 758, 23, 1, 22, 60000),
(858, 22, 763, 0, 1, -1, 25000),
(859, 22, 764, 0, 4, -4, 92000),
(860, 22, 765, 0, 1, -1, 34500),
(861, 22, 766, 0, 2, -2, 310000),
(862, 22, 771, 0, 1, -1, 57500),
(863, 22, 772, 0, 2, -2, 20000),
(864, 22, 773, 0, 1, -1, 44000),
(865, 22, 774, 0, 90, -90, 504000),
(866, 22, 777, 0, 1, -1, 25000),
(867, 22, 778, 0, 0, 0, 0),
(868, 22, 779, 0, 2, -2, 60000),
(869, 22, 780, 0, 44, -44, 110000),
(870, 22, 781, 0, 2, -2, 66000),
(871, 22, 782, 0, 18, -18, 594000),
(872, 22, 783, 0, 1, -1, 13790),
(873, 22, 784, 0, 1, -1, 12307),
(874, 22, 785, 0, 1, -1, 17560),
(875, 22, 786, 0, 1, -1, 17560),
(876, 22, 787, 0, 1, -1, 8340),
(877, 22, 788, 0, 1, -1, 20260),
(878, 22, 789, 0, 1, -1, 20260),
(879, 22, 790, 0, 1, -1, 20290),
(880, 22, 791, 0, 1, -1, 16101),
(881, 22, 792, 0, 1, -1, 13790),
(882, 22, 793, 0, 1, -1, 9460),
(883, 22, 794, 0, 1, -1, 9700),
(884, 22, 795, 0, 1, -1, 9460),
(885, 22, 796, 0, 1, -1, 9700),
(886, 22, 797, 0, 1, -1, 9460),
(887, 22, 798, 0, 1, -1, 9700),
(888, 22, 799, 0, 1, -1, 9700),
(889, 22, 801, 0, 1, -1, 30000),
(890, 22, 802, 0, 1, -1, 105000),
(891, 22, 803, 0, 1, -1, 47000),
(892, 22, 804, 0, 1, -1, 63000),
(893, 22, 805, 0, 1, -1, 39500),
(894, 22, 806, 0, 1, -1, 110000),
(895, 22, 807, 0, 1, -1, 140000),
(896, 22, 808, 0, 1, -1, 76000),
(897, 22, 809, 0, 1, -1, 76000),
(898, 22, 810, 0, 1, -1, 19000),
(899, 22, 811, 0, 1, -1, 26000),
(900, 22, 812, 0, 2, -2, 112000),
(901, 22, 813, 0, 1, -1, 17000),
(902, 22, 814, 0, 1, -1, 26000),
(903, 22, 815, 0, 1, -1, 125000),
(904, 22, 816, 0, 2, -2, 70000),
(905, 22, 817, 0, 2, -2, 60000),
(906, 22, 820, 0, 12, -12, 163200),
(907, 22, 822, 0, 1, -1, 125000),
(908, 22, 824, 0, 1, -1, 29000),
(909, 22, 825, 0, 1, -1, 28375),
(910, 22, 826, 0, 0, 0, 0),
(911, 22, 828, 0, 0, 0, 0),
(912, 22, 833, 0, 58, -58, 168200),
(913, 22, 834, 0, 30, -30, 360000),
(914, 22, 836, 0, 4, -4, 14332),
(915, 22, 837, 0, 9, -9, 134910),
(916, 22, 840, 0, 2, -2, 253510),
(917, 22, 841, 0, 1, -1, 40300),
(918, 22, 843, 0, 4572, -4572, 12573000),
(919, 22, 844, 0, 1, -1, 62750),
(920, 22, 845, 0, 4, -4, 59800),
(921, 22, 846, 0, 1, -1, 100000),
(922, 22, 847, 0, 1, -1, 150000),
(923, 22, 851, 0, 0, 0, 0),
(924, 22, 852, 0, 4, -4, 124000),
(925, 22, 856, 0, 1, -1, 39600),
(926, 22, 857, 0, 6, -6, 75600),
(927, 22, 859, 0, 6, -6, 83700),
(928, 22, 860, 0, 6, -6, 89100),
(929, 22, 863, 0, 30, -30, 87000),
(930, 22, 864, 0, 2, -2, 34000),
(931, 22, 867, 0, 0, 0, 0),
(932, 22, 870, 0, 1, -1, 27501),
(933, 22, 871, 0, 1, -1, 34500),
(934, 22, 875, 0, 1, -1, 18455),
(935, 22, 876, 0, 1, -1, 118182),
(936, 22, 877, 0, 1, -1, 11770),
(937, 22, 878, 0, 1, -1, 15800),
(938, 22, 879, 0, 1, -1, 4720),
(939, 22, 880, 0, 1, -1, 310000),
(940, 22, 881, 0, 1, -1, 275000),
(941, 22, 882, 0, 1, -1, 275000),
(942, 22, 891, 0, 1, -1, 25300),
(943, 22, 892, 0, 440, -440, 990000),
(944, 22, 894, 0, 1, -1, 114713),
(945, 22, 895, 0, 100, -100, 40000),
(946, 22, 897, 0, 6, -6, 22500),
(947, 22, 898, 0, 1, -1, 61933),
(948, 22, 902, 0, 500, -500, 237500),
(949, 22, 905, 0, 0, 0, 0),
(950, 22, 906, 0, 0, 0, 0),
(951, 22, 908, 0, 365, -365, 912500),
(952, 22, 911, 0, 3, -3, 43800),
(953, 22, 915, 0, 0, 0, 0),
(954, 22, 916, 0, 1, -1, 21899),
(955, 22, 917, 0, 0, 0, 0),
(956, 22, 918, 0, 10, -10, 65790),
(957, 22, 919, 0, 1, -1, 14100),
(958, 22, 920, 0, 2, -2, 24500),
(959, 22, 931, 0, 6, -6, 94800),
(960, 22, 932, 0, 4, -4, 96800),
(961, 22, 933, 0, 3, -3, 78000),
(962, 22, 934, 0, 1, -1, 47800),
(963, 22, 935, 0, 71, -71, 264617),
(964, 22, 938, 0, 10, -10, 165000),
(965, 22, 939, 0, 15, -15, 68010),
(966, 22, 940, 0, 1, -1, 92000),
(967, 22, 941, 0, 20, -20, 190000),
(968, 22, 942, 0, 20, -20, 147000),
(969, 22, 943, 0, 180, -180, 405000),
(970, 22, 944, 0, 50, -50, 40000),
(971, 22, 945, 0, 400, -400, 280000),
(972, 22, 946, 0, 60, -60, 180000),
(973, 22, 947, 0, 9, -9, 315000),
(974, 22, 948, 0, 99, -99, 277200),
(975, 22, 949, 0, 2, -2, 650000),
(976, 22, 950, 0, 60, -60, 210000),
(977, 22, 951, 0, 37, -37, 3515000),
(978, 22, 952, 0, 2, -2, 430000),
(979, 22, 953, 0, 40, -40, 700000),
(980, 22, 957, 0, 16, -16, 407280),
(981, 22, 958, 0, 420, -420, 1189860),
(982, 22, 959, 0, 166, -166, 3293606),
(983, 22, 966, 0, 4, -4, 216000),
(984, 22, 967, 0, 3, -3, 120000),
(985, 22, 968, 0, 4, -4, 76000),
(986, 22, 969, 0, 4, -4, 166000),
(987, 22, 970, 0, 1, -1, 45000),
(988, 22, 971, 0, 4, -4, 68000),
(989, 22, 972, 0, 5, -5, 62505),
(990, 22, 973, 0, 8, -8, 79600),
(991, 22, 974, 0, 2, -2, 14046),
(992, 22, 981, 0, 15, -15, 49500),
(993, 22, 993, 0, 1, -1, 65000),
(994, 22, 994, 0, 18, -18, 1570482),
(995, 22, 995, 0, 1, -1, 34346),
(996, 22, 998, 0, 30, -30, 49140),
(997, 22, 1000, 0, 10, -10, 115400),
(998, 22, 1001, 0, 1, -1, 98900),
(999, 22, 1002, 0, 2, -2, 9148),
(1000, 22, 1003, 0, 1, -1, 19600),
(1001, 22, 1005, 0, 10, -10, 140000),
(1002, 22, 1007, 100, 100, 0, 250000),
(1003, 22, 1010, 0, 1, -1, 64300),
(1004, 22, 1011, 0, 10, -10, 7900),
(1005, 22, 1012, 0, 450, -450, 315000),
(1006, 22, 1013, 0, 3, -3, 99000),
(1007, 22, 1014, 0, 25, -25, 214250),
(1008, 22, 1015, 0, 2, -2, 25460),
(1009, 22, 1016, 0, 9, -9, 48402),
(1010, 22, 1017, 0, 1, -1, 22300),
(1011, 22, 1018, 0, 1, -1, 21982),
(1012, 22, 1021, 0, 25, -25, 67675),
(1013, 22, 1023, 0, 3, -3, 52983),
(1014, 22, 1024, 0, 140, -140, 1190000),
(1015, 22, 1025, 0, 5, -5, 150000),
(1016, 22, 1029, 0, 18, -18, 16470),
(1017, 22, 1030, 0, 1, -1, 210000),
(1018, 22, 1032, 0, 1, -1, 156700),
(1019, 22, 1035, 0, 1, -1, 21780),
(1020, 22, 1036, 0, 2, -2, 107000),
(1021, 22, 1040, 0, 1, -1, 32750),
(1022, 22, 1042, 0, 6, -6, 213000),
(1023, 22, 1043, 0, 6, -6, 69000),
(1024, 22, 1044, 0, 25, -25, 1000000),
(1025, 22, 1048, 0, 1, -1, 19658),
(1026, 22, 1050, 0, 2, -2, 24180),
(1027, 22, 1051, 0, 7, -7, 21392),
(1028, 22, 1052, 0, 5, -5, 20350),
(1029, 22, 1053, 0, 2, -2, 240000),
(1030, 22, 1054, 0, 1, -1, 2537),
(1031, 22, 1057, 0, 5, -5, 96250),
(1032, 22, 1059, 0, 1, -1, 17490),
(1033, 22, 1060, 0, 1, -1, 7250),
(1034, 22, 1062, 0, 9, -9, 128700),
(1035, 22, 1072, 0, 1, -1, 36100),
(1036, 22, 1073, 0, 1, -1, 63100),
(1037, 22, 1074, 0, 0, 0, 0),
(1038, 22, 1075, 0, 10, -10, 76000),
(1039, 22, 1076, 0, 200, -200, 25000),
(1040, 22, 1077, 0, 1, -1, 17000),
(1041, 22, 1078, 0, 1, -1, 18000),
(1042, 22, 1079, 0, 3, -3, 202500),
(1043, 22, 1081, 0, 10, -10, 106200),
(1044, 22, 1082, 0, 25, -25, 455000),
(1045, 22, 1085, 0, 1, -1, 24500),
(1046, 22, 1086, 0, 1, -1, 14700),
(1047, 22, 1087, 0, 6, -6, 82686),
(1048, 22, 1088, 0, 1, -1, 52189),
(1049, 22, 1089, 0, 30, -30, 630000),
(1050, 22, 1090, 0, 100, -100, 182500),
(1051, 22, 1092, 0, 100, -100, 199500),
(1052, 22, 1093, 0, 25, -25, 166675),
(1053, 22, 1094, 0, 3, -3, 76650),
(1054, 22, 1095, 0, 1, -1, 25600),
(1055, 22, 1097, 0, 1, -1, 9900),
(1056, 22, 1098, 0, 1, -1, 13700),
(1057, 22, 1101, 0, 10, -10, 122040),
(1058, 22, 1102, 0, 11, -11, 134255),
(1059, 22, 1103, 0, 1, -1, 30000),
(1060, 22, 1104, 0, 2, -2, 25650),
(1061, 22, 1105, 0, 2, -2, 40500),
(1062, 22, 1107, 0, 1, -1, 125000),
(1063, 22, 1108, 0, 1, -1, 65000),
(1064, 22, 1109, 0, 1, -1, 49000),
(1065, 22, 1110, 0, 1, -1, 89000),
(1066, 22, 1112, 0, 49, -49, 875140),
(1067, 22, 1113, 0, 1, -1, 19500),
(1068, 22, 1114, 0, 2, -2, 28000),
(1069, 22, 1115, 0, 2, -2, 56000),
(1070, 22, 1116, 0, 10, -10, 22690),
(1071, 22, 1117, 0, 1, -1, 78300),
(1072, 22, 1118, 0, 1, -1, 73450),
(1073, 22, 1119, 0, 1, -1, 70000),
(1074, 22, 1120, 0, 10, -10, 375000),
(1075, 22, 1121, 0, 1, -1, 36164),
(1076, 22, 1122, 0, 1, -1, 60968),
(1077, 22, 1123, 0, 1, -1, 152500),
(1078, 22, 1125, 0, 2, -2, 22728),
(1079, 22, 1128, 0, 6, -6, 334800),
(1080, 22, 1131, 0, 0, 0, 0),
(1081, 22, 1133, 0, 1, -1, 50700),
(1082, 22, 1134, 0, 0, 0, 0),
(1083, 22, 1135, 0, 1, -1, 47350),
(1084, 22, 1136, 0, 1, -1, 60000),
(1085, 22, 1137, 0, 0, 0, 0),
(1086, 22, 1139, 0, 11, -11, 93500),
(1087, 22, 1141, 0, 2, -2, 320000),
(1088, 22, 1142, 0, 1, -1, 14300),
(1089, 22, 1143, 0, 1, -1, 33598),
(1090, 22, 1144, 0, 1, -1, 123000),
(1091, 22, 1145, 0, 3, -3, 627273),
(1092, 22, 1146, 0, 1, -1, 163000),
(1093, 22, 1147, 0, 1, -1, 142000),
(1094, 22, 1148, 0, 1, -1, 163000),
(1095, 22, 1149, 0, 1, -1, 32000),
(1096, 22, 1150, 0, 11, -11, 872487),
(1097, 22, 1151, 0, 2, -2, 111834),
(1098, 22, 1152, 0, 1, -1, 27000),
(1099, 22, 1158, 0, 1, -1, 78400),
(1100, 22, 1159, 0, 1, -1, 98850),
(1101, 22, 1160, 0, 1, -1, 41000),
(1102, 22, 1163, 0, 1, -1, 15400),
(1103, 22, 1165, 0, 1, -1, 194179),
(1104, 22, 1166, 0, 1, -1, 38000),
(1105, 22, 1167, 0, 2, -2, 44000),
(1106, 22, 1173, 0, 4, -4, 160000),
(1107, 22, 1176, 0, 2, -2, 350000),
(1108, 22, 1177, 0, 0, 0, 0),
(1109, 22, 1178, 0, 1, -1, 24500),
(1110, 22, 1179, 0, 1, -1, 14700),
(1111, 22, 1180, 0, 2, -2, 11000),
(1112, 22, 1181, 0, 10, -10, 50350),
(1113, 22, 1182, 0, 0, 0, 0),
(1114, 22, 1183, 0, 120, -120, 372000),
(1115, 22, 1186, 0, 1, -1, 35000),
(1116, 22, 1187, 0, 1, -1, 16500),
(1117, 22, 1188, 0, 1, -1, 83000),
(1118, 22, 1190, 0, 1, -1, 108000),
(1119, 22, 1192, 0, 2, -2, 66150),
(1120, 22, 1193, 0, 50, -50, 228600),
(1121, 22, 1194, 0, 2, -2, 36192),
(1122, 22, 1195, 0, 1, -1, 41000),
(1123, 22, 1196, 0, 20, -20, 271400),
(1124, 22, 1197, 1, 1, 0, 50600),
(1125, 22, 1198, 0, 1, -1, 22800),
(1126, 22, 1199, 0, 1, -1, 28500),
(1127, 22, 1200, 0, 2, -2, 48728),
(1128, 22, 1201, 0, 1, -1, 5000),
(1129, 22, 1203, 0, 60, -60, 120000),
(1130, 22, 1206, 0, 10, -10, 290000),
(1131, 22, 1207, 0, 30, -30, 990000),
(1132, 22, 1208, 0, 1, -1, 390000),
(1133, 22, 1209, 0, 1, -1, 175000),
(1134, 22, 1213, 0, 2, -2, 37000),
(1135, 22, 1214, 0, 1, -1, 4500),
(1136, 22, 1217, 0, 3, -3, 169932),
(1137, 23, 49, 0, 20, -20, 212680),
(1138, 23, 104, 140, 80, 60, 16000),
(1139, 23, 105, 90, 100, -10, 42000),
(1140, 23, 107, 0, 170, -170, 144500),
(1141, 23, 108, 0, 80, -80, 34720),
(1142, 23, 109, 0, 50, -50, 125000),
(1143, 23, 110, 0, 20, -20, 80000),
(1144, 23, 113, 0, 70, -70, 53480),
(1145, 23, 114, 0, 30, -30, 19500),
(1146, 23, 115, 0, 90, -90, 207000),
(1147, 23, 116, 0, 50, -50, 150000),
(1148, 23, 117, 0, 120, -120, 34200),
(1149, 23, 119, 0, 100, -100, 43000),
(1150, 23, 121, 0, 100, -100, 500000),
(1151, 23, 122, 0, 25, -25, 15000),
(1152, 23, 124, 1, 170, -169, 1955000),
(1153, 23, 125, 0, 30, -30, 120000),
(1154, 23, 126, 0, 100, -100, 44000),
(1155, 23, 127, 0, 90, -90, 72000),
(1156, 23, 128, 0, 300, -300, 360000),
(1157, 23, 132, 0, 30, -30, 90000),
(1158, 23, 133, 0, 30, -30, 140010),
(1159, 23, 134, 0, 100, -100, 37300),
(1160, 23, 135, 0, 50, -50, 61400),
(1161, 23, 137, 0, 172, -172, 154800),
(1162, 23, 139, 0, 50, -50, 15150),
(1163, 23, 140, 0, 120, -120, 33000),
(1164, 23, 142, 0, 20, -20, 14000),
(1165, 23, 143, 0, 50, -50, 19000),
(1166, 23, 144, 0, 120, -120, 21000),
(1167, 23, 145, 0, 37, -37, 98420),
(1168, 23, 146, 0, 125, -125, 50125),
(1169, 23, 148, 0, 90, -90, 18000),
(1170, 23, 149, 0, 180, -180, 66960),
(1171, 23, 150, 0, 90, -90, 84060),
(1172, 23, 151, 0, 110, -110, 29700),
(1173, 23, 170, 0, 4, -4, 57200),
(1174, 23, 179, 4, 26, -22, 1029600),
(1175, 23, 212, 0, 20, -20, 26000),
(1176, 23, 550, 0, 20, -20, 308000),
(1177, 23, 555, 0, 30, -30, 6750),
(1178, 23, 586, 0, 21, -21, 10122),
(1179, 23, 590, 0, 100, -100, 11000),
(1180, 23, 596, 0, 20, -20, 14000),
(1181, 23, 601, 0, 30, -30, 9300),
(1182, 23, 607, 0, 20, -20, 2200),
(1183, 23, 608, 0, 200, -200, 36000),
(1184, 23, 625, 0, 115, -115, 70610),
(1185, 23, 631, 0, 20, -20, 136200),
(1186, 23, 633, 0, 67, -67, 22713),
(1187, 23, 648, 0, 100, -100, 424200),
(1188, 23, 649, 0, 10, -10, 33400),
(1189, 23, 650, 0, 48, -48, 271968),
(1190, 23, 654, 0, 100, -100, 17000),
(1191, 23, 655, 0, 100, -100, 25400),
(1192, 23, 679, 0, 30, -30, 129000),
(1193, 23, 702, 0, 30, -30, 22830),
(1194, 23, 704, 0, 10, -10, 6770),
(1195, 23, 709, 0, 100, -100, 17000),
(1196, 23, 713, 0, 20, -20, 5080),
(1197, 23, 715, 0, 30, -30, 10170),
(1198, 23, 717, 0, 30, -30, 16500),
(1199, 23, 767, 0, 435, -435, 456315),
(1200, 23, 775, 0, 447, -447, 125160),
(1201, 23, 823, 0, 80, -80, 44400),
(1202, 23, 830, 0, 50, -50, 32350),
(1203, 23, 831, 0, 50, -50, 27100),
(1204, 23, 842, 0, 95, -95, 206055),
(1205, 23, 848, 0, 8, -8, 400000),
(1206, 23, 854, 0, 120, -120, 1140000),
(1207, 23, 858, 0, 50, -50, 250000),
(1208, 23, 874, 0, 30, -30, 125010),
(1209, 23, 896, 0, 90, -90, 13500),
(1210, 23, 901, 0, 120, -120, 16560),
(1211, 23, 922, 0, 444, -444, 1110000),
(1212, 23, 923, 0, 245, -245, 367500),
(1213, 23, 961, 0, 50, -50, 43000),
(1214, 23, 975, 0, 45, -45, 105030),
(1215, 23, 992, 0, 206, -206, 298700),
(1216, 23, 999, 0, 30, -30, 120000),
(1217, 23, 1019, 0, 50, -50, 8500),
(1218, 23, 1020, 0, 117, -117, 12870),
(1219, 23, 1022, 0, 40, -40, 157080),
(1220, 23, 1055, 0, 32, -32, 9920),
(1221, 23, 1068, 0, 24, -24, 168000),
(1222, 23, 1069, 0, 30, -30, 112500),
(1223, 23, 1111, 0, 120, -120, 480000),
(1224, 23, 1138, 0, 30, -30, 165000),
(1225, 23, 1161, 0, 50, -50, 300000),
(1226, 23, 1168, 0, 30, -30, 184800),
(1227, 23, 1172, 0, 20, -20, 81000),
(1228, 23, 1175, 0, 100, -100, 450000),
(1229, 23, 1184, 0, 40, -40, 160000),
(1230, 23, 1185, 0, 40, -40, 174000),
(1231, 23, 1191, 0, 20, -20, 14000),
(1232, 23, 1202, 0, 30, -30, 174000),
(1233, 23, 1204, 0, 10, -10, 139000),
(1234, 23, 1205, 0, 60, -60, 527040),
(1235, 23, 1212, 0, 0, 0, 0),
(1236, 23, 1215, 0, 20, -20, 59520),
(2417, 29, 1, 0, 100, -100, 73700),
(2418, 29, 3, 0, 80, -80, 26480),
(2419, 29, 18, 0, 26, -26, 217152),
(2420, 29, 162, 0, 100, -100, 480000),
(2421, 29, 211, 0, 100, -100, 89500),
(2422, 29, 275, 0, 1, -1, 20000),
(2423, 29, 453, 1, 1, 0, 34027),
(2424, 29, 475, 0, 0, 0, 0),
(2425, 29, 554, 0, 0, 0, 0),
(2426, 29, 557, 0, 52, -52, 325364),
(2427, 29, 563, 0, 25, -25, 85750),
(2428, 29, 566, 0, 20, -20, 340000),
(2429, 29, 568, 0, 20, -20, 33000),
(2430, 29, 569, 0, 160, -160, 47040),
(2431, 29, 574, 0, 25, -25, 66350),
(2432, 29, 581, 0, 20, -20, 38200),
(2433, 29, 594, 0, 25, -25, 937500),
(2434, 29, 597, 0, 30, -30, 81090),
(2435, 29, 599, 0, 100, -100, 133700),
(2436, 29, 602, 0, 50, -50, 210000),
(2437, 29, 604, 0, 70, -70, 52500),
(2438, 29, 609, 0, 10, -10, 12500),
(2439, 29, 610, 0, 20, -20, 16800),
(2440, 29, 614, 0, 20, -20, 140600),
(2441, 29, 617, 0, 10, -10, 167000),
(2442, 29, 620, 0, 120, -120, 240000),
(2443, 29, 621, 0, 30, -30, 117630),
(2444, 29, 624, 0, 2, -2, 13708),
(2445, 29, 651, 0, 10, -10, 81000),
(2446, 29, 652, 0, 10, -10, 70000),
(2447, 29, 653, 0, 0, 0, 0),
(2448, 29, 656, 0, 2, -2, 16910),
(2449, 29, 657, 0, 190, -190, 48450),
(2450, 29, 664, 0, 30, -30, 10170),
(2451, 29, 665, 0, 50, -50, 10650),
(2452, 29, 666, 0, 30, -30, 7620),
(2453, 29, 667, 0, 10, -10, 69750),
(2454, 29, 668, 0, 30, -30, 57060),
(2455, 29, 672, 0, 40, -40, 225600),
(2456, 29, 675, 0, 20, -20, 38900),
(2457, 29, 678, 0, 24, -24, 136800),
(2458, 29, 680, 0, 140, -140, 195300),
(2459, 29, 681, 0, 20, -20, 22000),
(2460, 29, 682, 0, 20, -20, 22840),
(2461, 29, 683, 0, 20, -20, 370000),
(2462, 29, 686, 0, 14, -14, 111188),
(2463, 29, 687, 0, 10, -10, 81170),
(2464, 29, 688, 0, 10, -10, 5080),
(2465, 29, 689, 0, 20, -20, 52420),
(2466, 29, 690, 0, 20, -20, 84560),
(2467, 29, 691, 0, 20, -20, 96400),
(2468, 29, 692, 0, 14, -14, 221508),
(2469, 29, 693, 0, 20, -20, 32140),
(2470, 29, 694, 0, 10, -10, 9300),
(2471, 29, 695, 0, 25, -25, 19025),
(2472, 29, 697, 0, 10, -10, 106960),
(2473, 29, 698, 0, 50, -50, 18050),
(2474, 29, 701, 0, 50, -50, 65000),
(2475, 29, 703, 0, 110, -110, 374000),
(2476, 29, 707, 0, 90, -90, 404820),
(2477, 29, 708, 0, 7, -7, 168672),
(2478, 29, 710, 0, 20, -20, 53260),
(2479, 29, 719, 0, 100, -100, 25400),
(2480, 29, 726, 0, 20, -20, 355100),
(2481, 29, 727, 0, 120, -120, 22800),
(2482, 29, 729, 0, 60, -60, 53280),
(2483, 29, 730, 0, 30, -30, 157110),
(2484, 29, 733, 0, 20, -20, 42280),
(2485, 29, 735, 0, 20, -20, 71020),
(2486, 29, 736, 0, 5, -5, 51785),
(2487, 29, 745, 0, 140, -140, 59220),
(2488, 29, 746, 0, 20, -20, 47360),
(2489, 29, 747, 0, 20, -20, 103160),
(2490, 29, 748, 0, 65, -65, 105625),
(2491, 29, 750, 0, 62, -62, 30752),
(2492, 29, 751, 0, 100, -100, 23000),
(2493, 29, 754, 0, 260, -260, 858000),
(2494, 29, 755, 0, 10, -10, 70000),
(2495, 29, 757, 0, 15, -15, 54000),
(2496, 29, 759, 0, 1, -1, 138800),
(2497, 29, 760, 0, 1, -1, 138800),
(2498, 29, 761, 0, 1, -1, 138800),
(2499, 29, 762, 0, 30, -30, 45000),
(2500, 29, 768, 0, 40, -40, 20720),
(2501, 29, 769, 0, 30, -30, 11250),
(2502, 29, 770, 0, 50, -50, 28300),
(2503, 29, 800, 0, 30, -30, 78000),
(2504, 29, 827, 0, 100, -100, 125000),
(2505, 29, 832, 0, 30, -30, 210000),
(2506, 29, 835, 0, 20, -20, 125460),
(2507, 29, 850, 0, 20, -20, 54000),
(2508, 29, 853, 0, 4, -4, 300000),
(2509, 29, 866, 0, 50, -50, 275000),
(2510, 29, 868, 0, 30, -30, 458670),
(2511, 29, 872, 0, 50, -50, 600600),
(2512, 29, 883, 0, 19, -19, 80750),
(2513, 29, 886, 0, 60, -60, 210000),
(2514, 29, 887, 0, 10, -10, 54000),
(2515, 29, 888, 0, 90, -90, 108000),
(2516, 29, 889, 0, 100, -100, 133800),
(2517, 29, 907, 0, 22, -22, 132000),
(2518, 29, 924, 0, 88, -88, 96800),
(2519, 29, 928, 0, 190, -190, 427500),
(2520, 29, 929, 0, 30, -30, 360000),
(2521, 29, 930, 0, 30, -30, 420000),
(2522, 29, 936, 0, 10, -10, 55000),
(2523, 29, 954, 0, 572, -572, 1887600),
(2524, 29, 955, 0, 100, -100, 550000),
(2525, 29, 956, 0, 10, -10, 270000),
(2526, 29, 962, 0, 173, -173, 107779),
(2527, 29, 963, 0, 259, -259, 382802),
(2528, 29, 964, 0, 7, -7, 158305),
(2529, 29, 976, 0, 36, -36, 124992),
(2530, 29, 997, 0, 90, -90, 225990),
(2531, 29, 1004, 0, 80, -80, 116400),
(2532, 29, 1008, 0, 15, -15, 76260),
(2533, 29, 1009, 0, 80, -80, 15120),
(2534, 29, 1026, 0, 3, -3, 57450),
(2535, 29, 1028, 0, 40, -40, 380000),
(2536, 29, 1031, 0, 100, -100, 142400),
(2537, 29, 1033, 0, 15, -15, 120000),
(2538, 29, 1034, 0, 20, -20, 130000),
(2539, 29, 1037, 0, 50, -50, 268500),
(2540, 29, 1038, 0, 120, -120, 600000),
(2541, 29, 1039, 0, 14, -14, 236250),
(2542, 29, 1041, 0, 70, -70, 56000),
(2543, 29, 1045, 0, 1, -1, 3888),
(2544, 29, 1046, 0, 60, -60, 198000),
(2545, 29, 1047, 0, 1, -1, 75000),
(2546, 29, 1049, 0, 30, -30, 90210),
(2547, 29, 1056, 0, 10, -10, 2540),
(2548, 29, 1058, 0, 5, -5, 5000),
(2549, 29, 1061, 0, 30, -30, 730710),
(2550, 29, 1063, 0, 30, -30, 124500),
(2551, 29, 1064, 0, 100, -100, 85000),
(2552, 29, 1066, 0, 30, -30, 150000),
(2553, 29, 1067, 0, 30, -30, 345000),
(2554, 29, 1071, 0, 100, -100, 147000),
(2555, 29, 1080, 0, 142, -142, 284000),
(2556, 29, 1084, 0, 18, -18, 198450),
(2557, 29, 1091, 0, 40, -40, 479200),
(2558, 29, 1099, 0, 3, -3, 2455818),
(2559, 29, 1100, 0, 18, -18, 126000),
(2560, 29, 1126, 0, 2, -2, 37274),
(2561, 29, 1127, 0, 2, -2, 25546),
(2562, 29, 1129, 0, 3, -3, 351639),
(2563, 29, 1130, 0, 110, -110, 605000),
(2564, 29, 1132, 0, 30, -30, 78000),
(2565, 29, 1140, 0, 1, -1, 110000),
(2566, 29, 1154, 0, 10, -10, 3000),
(2567, 29, 1155, 0, 9, -9, 23400),
(2568, 29, 1156, 0, 0, 0, 0),
(2569, 29, 1161, 50, 50, 0, 300000),
(2570, 29, 1162, 0, 100, -100, 335000),
(2571, 29, 1164, 0, 60, -60, 600000),
(2572, 29, 1170, 0, 25, -25, 250000),
(2573, 29, 1171, 0, 46, -46, 70150),
(2574, 29, 1189, 0, 12, -12, 452004),
(2575, 29, 1211, 0, 10, -10, 140000),
(2576, 29, 1218, 0, 10, -10, 19800),
(2577, 29, 1219, 0, 4, -4, 38280),
(2578, 29, 1221, 0, 50, -50, 270000),
(2579, 29, 1223, 0, 1, -1, 37000),
(2580, 29, 1224, 0, 1, -1, 19000),
(2581, 29, 1225, 0, 10, -10, 270000),
(2582, 29, 1226, 0, 50, -50, 3100000),
(2583, 29, 1228, 0, 10, -10, 123000),
(2584, 29, 1229, 0, 10, -10, 173000);

--
-- Trigger `stok_opnem_detail`
--
DELIMITER $$
CREATE TRIGGER `stok_obat_update` AFTER INSERT ON `stok_opnem_detail` FOR EACH ROW UPDATE obat SET stok_obat = NEW.stok_fisik WHERE id_obat = NEW.id_obat
$$
DELIMITER ;

-- --------------------------------------------------------

--
-- Struktur dari tabel `supplier_obat`
--

CREATE TABLE `supplier_obat` (
  `id_supplier` int(11) NOT NULL,
  `nama_supplier` varchar(100) NOT NULL,
  `nomor_telepon` varchar(20) NOT NULL,
  `alamat_supplier` text NOT NULL,
  `status_delete` int(1) NOT NULL
) ENGINE=InnoDB DEFAULT CHARSET=latin1;

--
-- Dumping data untuk tabel `supplier_obat`
--

INSERT INTO `supplier_obat` (`id_supplier`, `nama_supplier`, `nomor_telepon`, `alamat_supplier`, `status_delete`) VALUES
(1, 'PT. TRIOFARMA MADIRI SEHAHTERA', '0811581188', 'JL. DRS. H. ANANG HASYIM RT.20 NO.170\r\n\r\nNPWP 81.408.699.7-722.000', 0),
(2, 'HAKA GOTAMA', '082130225489', 'JL. PERNIAGAAN', 0),
(3, 'APT. MITRA RS', '082150792129', 'RS. ANBDUL INCHE MOEIS', 0),
(4, 'PT. BUYER', '0', 'X', 1),
(5, 'PT. ENSEVAL PUTRA MEGATRADIN', '05414116060', 'JL. MAHKOTA II RT.011, SAMARINDA', 0),
(6, 'PT. FOMINDO SEJAHTERA MEDIKA', '05412523693', 'JL. KADRIOENING NO 07', 0),
(7, 'PT. MILLENNIUM PHARMACON INERNATIONAL', '0541274835', 'JL. RAPAK INDAH RT.36 (DEPAN SPBU RAPAK)', 0),
(8, 'PT. KALLISTA PRIMA', '0', 'JL. DI PANJAITAN NO.02 RT.66 SAMARINDA', 0),
(9, 'PT. FERTO MULIA', '0542878086', 'JL. M. HARYONO NO.134, BALIKPAPAN', 0),
(10, 'PT. MEPRO', '0', 'X', 1),
(11, 'PT. ANUGRAH ARGON MEDICA', '05412773377', 'JL. IR SUTAMI BLOK 0-9, SAMARINDA', 0),
(12, 'PT. ANTAR MITRA SEMBADA', '05417773666', 'JL. KADRIOENING MO.97 KEL. AIR HITAM, SAMARINDA', 0),
(13, 'PT. PARIT PADANG GLOBAL', '0', 'JL. TEUKU UMAR BLOK V NO.3, SAMARINDA', 0),
(14, 'PT. HIDUP BAHAGIA MEDICA', '05417272890', 'JL. P. HIDAYATULLAH NO.46, SAMARINDA', 0),
(15, 'PT. RAJAWALI NUSINDO', '0541250790', 'JL. AWS NO. 50 SAMARINDA', 0),
(16, 'PT. MALKA BUANA FARMA', '05427212838', 'JL. INDRAKILA START 3 GUNUNG SAMARINDA RT.52 NO.78A, BALIKPAPAN', 0),
(17, 'PT. PENTA VALENT', '085100030479', 'JL. WAHID HASYIM GG. ASALAM NO.49, SAMARINDA', 0),
(18, 'PT. MAHAKAM SEJAHTERA ABADI', '054120633420', 'JL. MERDEKA 3 NO.87 SAMARINDA', 0),
(19, 'PT. KEBAYORAN PHARMA', '0', 'JL. KARTINI 23/25A, SAMARINDA', 0),
(20, 'PT. MERAPI UTAMA', '0', 'JL. IR SUTAMI BLOK P NO.07, SAMARINDA', 0),
(21, 'PT. TRI SAPTA JAYA', '0', 'JL. DI PANJAITAN RT.017', 0),
(22, 'PT. SEJAHTERA MULIA FARMA', '0541271794', 'JL. IR SUTAMI BLOK LL NO. 2 SAMARINDA', 0),
(23, 'PT. TEMPO', '05416245176', 'JL. P. SURYANATA, SAMARINDA CENTRAL BIZPAK KAV 7-8 RT. 14, SAMARINDA', 0),
(24, 'PT. INDOFARMA GLOBAL MEDIKA', '0', 'JL. HM. KADRIOENING', 0),
(25, 'HERBAL IFA', '1', 'X', 0),
(26, 'PT. SAPTA SARI TAMA', '1', 'X', 0),
(27, 'PT. KIMIA FARMA TRADING AND DISTRIBUTION', '0541743516', 'JL. GURAMI NO. 16 SAMARINDA', 0),
(28, 'PT. DUA PUTRA JAYA MANDIRI', '081351884204', 'JL. GRAHA INDAH NO.99C', 0),
(29, 'PT. ANUGRAH PHARMINDO LESTARI', '0541272100', 'JL. TEUKU UMAR BLOK H NO.8-9, SAMARINDA', 0),
(30, 'DRC', '1', 'X', 0),
(31, 'PT. BINA SAN PRIMA', '0', 'X', 0),
(32, 'PT. MENSA BINA SUKSES', '0', 'X', 0),
(33, 'RC. SAFETY QPUIPMENT', '0', 'Jl. PEMUDA III PERUM TRANSMIGRASI', 0);

-- --------------------------------------------------------

--
-- Struktur dari tabel `transaksi_kasir`
--

CREATE TABLE `transaksi_kasir` (
  `id_transaksi` int(11) NOT NULL,
  `id_users` int(11) NOT NULL,
  `tanggal_transaksi` date NOT NULL,
  `kode_transaksi` int(21) NOT NULL,
  `total` int(11) NOT NULL,
  `bayar` int(11) NOT NULL,
  `kembali` int(11) NOT NULL,
  `id_jam_shift` int(11) NOT NULL,
  `created_at` timestamp NULL DEFAULT NULL,
  `updated_at` timestamp NULL DEFAULT NULL
) ENGINE=InnoDB DEFAULT CHARSET=latin1;

--
-- Dumping data untuk tabel `transaksi_kasir`
--

INSERT INTO `transaksi_kasir` (`id_transaksi`, `id_users`, `tanggal_transaksi`, `kode_transaksi`, `total`, `bayar`, `kembali`, `id_jam_shift`, `created_at`, `updated_at`) VALUES
(1, 1, '2021-08-27', 1630037296, 10000, 10000, 0, 1, NULL, NULL),
(2, 1, '2021-10-01', 1633055485, 166000, 200000, 34000, 1, NULL, NULL),
(3, 1, '2021-10-02', 1633144035, 407000, 407000, 0, 1, NULL, NULL),
(4, 1, '2021-10-02', 1633144035, 407000, 407000, 0, 1, NULL, NULL),
(5, 1, '2021-10-02', 1633145215, 57000, 57000, 0, 1, NULL, NULL),
(6, 1, '2021-10-02', 1633146752, 19000, 19000, 0, 1, NULL, NULL),
(7, 1, '2021-10-02', 1633147232, 40000, 40000, 0, 1, NULL, NULL),
(8, 1, '2021-10-02', 1633148438, 13000, 13000, 0, 1, NULL, NULL),
(9, 1, '2021-10-02', 1633151163, 319000, 319000, 0, 1, NULL, NULL),
(10, 1, '2021-10-03', 1633223311, 25000, 25000, 0, 1, NULL, NULL),
(11, 1, '2021-10-03', 1633223466, 456000, 456000, 0, 1, NULL, NULL),
(12, 1, '2021-10-03', 1633224135, 361000, 361000, 0, 1, NULL, NULL),
(13, 1, '2021-10-03', 1633228121, 12000, 12000, 0, 1, NULL, NULL),
(14, 1, '2021-10-03', 1633230660, 56000, 56000, 0, 1, NULL, NULL),
(15, 1, '2021-10-03', 1633230800, 17000, 17000, 0, 1, NULL, NULL),
(16, 1, '2021-10-03', 1633233031, 7000, 7000, 0, 1, NULL, NULL),
(18, 1, '2021-10-03', 1633233114, 49000, 49000, 0, 1, NULL, NULL),
(19, 1, '2021-10-03', 1633234290, 74000, 74000, 0, 1, NULL, NULL),
(20, 1, '2021-10-04', 1633308855, 27000, 27000, 0, 1, NULL, NULL),
(21, 1, '2021-10-04', 1633308897, 5000, 5000, 0, 1, NULL, NULL),
(22, 1, '2021-10-04', 1633308936, 43000, 43000, 0, 1, NULL, NULL),
(23, 1, '2021-10-04', 1633308955, 14000, 14000, 0, 1, NULL, NULL),
(24, 1, '2021-10-04', 1633308990, 7000, 7000, 0, 1, NULL, NULL),
(25, 1, '2021-10-04', 1633309086, 18000, 18000, 0, 1, NULL, NULL),
(26, 1, '2021-10-04', 1633309102, 12000, 12000, 0, 1, NULL, NULL),
(27, 1, '2021-10-04', 1633309135, 26000, 26000, 0, 1, NULL, NULL),
(28, 1, '2021-10-04', 1633309166, 35000, 35000, 0, 1, NULL, NULL),
(29, 1, '2021-10-04', 1633309186, 17000, 17000, 0, 1, NULL, NULL),
(30, 1, '2021-10-04', 1633309235, 80000, 80000, 0, 1, NULL, NULL),
(31, 1, '2021-10-04', 1633309284, 11000, 11000, 0, 1, NULL, NULL),
(32, 1, '2021-10-04', 1633312807, 9000, 9000, 0, 1, NULL, NULL),
(33, 1, '2021-10-04', 1633314742, 6000, 6000, 0, 1, NULL, NULL),
(34, 1, '2021-10-04', 1633318114, 2000, 2000, 0, 1, NULL, NULL),
(35, 1, '2021-10-04', 1633318136, 12000, 12000, 0, 1, NULL, NULL),
(36, 1, '2021-10-04', 1633318657, 17000, 17000, 0, 1, NULL, NULL),
(37, 1, '2021-10-04', 1633319304, 29000, 29000, 0, 1, NULL, NULL),
(38, 1, '2021-10-04', 1633319533, 70000, 70000, 0, 1, NULL, NULL),
(39, 1, '2021-10-04', 1633320151, 18000, 18000, 0, 1, NULL, NULL),
(41, 1, '2021-10-05', 1633398403, 25000, 25000, 0, 1, NULL, NULL),
(42, 1, '2021-10-05', 1633398783, 24000, 24000, 0, 1, NULL, NULL),
(43, 1, '2021-10-05', 1633398828, 84000, 84000, 0, 1, NULL, NULL),
(44, 1, '2021-10-05', 1633398870, 26000, 26000, 0, 1, NULL, NULL),
(45, 1, '2021-10-05', 1633398892, 44000, 44000, 0, 1, NULL, NULL),
(46, 1, '2021-10-05', 1633399908, 38000, 38000, 0, 1, NULL, NULL),
(47, 1, '2021-10-05', 1633400032, 57000, 57000, 0, 1, NULL, NULL),
(48, 1, '2021-10-05', 1633400054, 89000, 89000, 0, 1, NULL, NULL),
(49, 1, '2021-10-05', 1633400130, 22000, 22000, 0, 1, NULL, NULL),
(50, 1, '2021-10-05', 1633400143, 44000, 44000, 0, 1, NULL, NULL),
(51, 1, '2021-10-05', 1633401875, 9000, 9000, 0, 1, NULL, NULL),
(52, 1, '2021-10-05', 1633404404, 3000, 3000, 0, 1, NULL, NULL),
(53, 1, '2021-10-05', 1633406676, 95000, 95000, 0, 1, NULL, NULL),
(54, 1, '2021-10-05', 1633412144, 57000, 57000, 0, 1, NULL, NULL),
(55, 1, '2021-10-06', 1633481451, 20000, 20000, 0, 1, NULL, NULL),
(56, 1, '2021-10-06', 1633481633, 216000, 216000, 0, 1, NULL, NULL),
(57, 1, '2021-10-06', 1633481705, 55000, 55000, 0, 1, NULL, NULL),
(58, 1, '2021-10-06', 1633482155, 190000, 190000, 0, 1, NULL, NULL),
(59, 1, '2021-10-06', 1633482246, 149000, 149000, 0, 1, NULL, NULL),
(60, 1, '2021-10-06', 1633482328, 31000, 31000, 0, 1, NULL, NULL),
(61, 1, '2021-10-06', 1633482465, 14000, 14000, 0, 1, NULL, NULL),
(62, 1, '2021-10-06', 1633482514, 29000, 29000, 0, 1, NULL, NULL),
(63, 1, '2021-10-06', 1633482537, 35000, 35000, 0, 1, NULL, NULL),
(64, 1, '2021-10-06', 1633482587, 75000, 75000, 0, 1, NULL, NULL),
(65, 1, '2021-10-06', 1633482606, 8000, 8000, 0, 1, NULL, NULL),
(66, 1, '2021-10-06', 1633482628, 3000, 3000, 0, 1, NULL, NULL),
(68, 1, '2021-10-05', 1633435492, 10000, 10000, 0, 2, NULL, NULL),
(69, 1, '2021-10-05', 1633435570, 59000, 59000, 0, 2, NULL, NULL),
(70, 1, '2021-10-05', 1633436451, 16000, 16000, 0, 2, NULL, NULL),
(71, 1, '2021-10-05', 1633437086, 7000, 7000, 0, 2, NULL, NULL),
(72, 1, '2021-10-05', 1633437798, 74000, 74000, 0, 2, NULL, NULL),
(73, 1, '2021-10-05', 1633437817, 86000, 86000, 0, 2, NULL, NULL),
(74, 1, '2021-10-05', 1633439905, 40000, 40000, 0, 2, NULL, NULL),
(75, 1, '2021-10-06', 1633511721, 4000, 4000, 0, 2, NULL, NULL),
(76, 1, '2021-10-06', 1633511771, 25000, 25000, 0, 2, NULL, NULL),
(77, 1, '2021-10-06', 1633511787, 8000, 8000, 0, 2, NULL, NULL),
(78, 1, '2021-10-06', 1633511803, 17000, 17000, 0, 2, NULL, NULL),
(79, 1, '2021-10-06', 1633511817, 161000, 161000, 0, 2, NULL, NULL),
(80, 1, '2021-10-06', 1633511840, 50000, 50000, 0, 2, NULL, NULL),
(81, 1, '2021-10-06', 1633518559, 38000, 38000, 0, 2, NULL, NULL),
(82, 1, '2021-10-06', 1633521840, 94000, 94000, 0, 2, NULL, NULL);

-- --------------------------------------------------------

--
-- Struktur dari tabel `transaksi_kasir_det`
--

CREATE TABLE `transaksi_kasir_det` (
  `id_transaksi_det` int(11) NOT NULL,
  `id_transaksi` int(11) NOT NULL,
  `id_obat` int(11) NOT NULL,
  `id_supplier` int(11) NOT NULL,
  `jumlah` int(11) NOT NULL,
  `diskon` int(11) NOT NULL,
  `jenis_diskon` varchar(20) NOT NULL DEFAULT 'persen',
  `sub_total` int(11) NOT NULL,
  `tipe_transaksi` varchar(20) NOT NULL,
  `created_at` timestamp NULL DEFAULT NULL,
  `updated_at` timestamp NULL DEFAULT NULL
) ENGINE=InnoDB DEFAULT CHARSET=latin1 COMMENT='Item Kasir Detail';

--
-- Dumping data untuk tabel `transaksi_kasir_det`
--

INSERT INTO `transaksi_kasir_det` (`id_transaksi_det`, `id_transaksi`, `id_obat`, `id_supplier`, `jumlah`, `diskon`, `jenis_diskon`, `sub_total`, `tipe_transaksi`, `created_at`, `updated_at`) VALUES
(1, 1, 1, 1, 10, 0, 'persen', 10000, 'bayar-tunai', '2021-08-27 05:08:16', '2021-08-27 05:08:16'),
(2, 2, 843, 17, 50, 5, 'persen', 166000, 'bayar-tunai', '2021-10-01 17:31:25', '2021-10-01 17:31:25'),
(3, 4, 423, 2, 2, 0, 'persen', 5000, 'bayar-tunai', '2021-10-02 18:07:16', '2021-10-02 18:07:16'),
(4, 4, 408, 2, 2, 0, 'persen', 4000, 'bayar-tunai', '2021-10-02 18:07:16', '2021-10-02 18:07:16'),
(5, 4, 483, 2, 2, 0, 'persen', 5000, 'bayar-tunai', '2021-10-02 18:07:16', '2021-10-02 18:07:16'),
(6, 4, 880, 6, 1, 0, 'persen', 393000, 'bayar-tunai', '2021-10-02 18:07:16', '2021-10-02 18:07:16'),
(11, 5, 943, 30, 20, 0, 'persen', 57000, 'bayar-tunai', '2021-10-02 18:26:55', '2021-10-02 18:26:55'),
(12, 6, 81, 2, 1, 0, 'persen', 10000, 'bayar-tunai', '2021-10-02 18:52:32', '2021-10-02 18:52:32'),
(13, 6, 27, 2, 1, 0, 'persen', 9000, 'bayar-tunai', '2021-10-02 18:52:32', '2021-10-02 18:52:32'),
(14, 7, 85, 2, 12, 3, 'persen', 40000, 'bayar-tunai', '2021-10-02 19:00:32', '2021-10-02 19:00:32'),
(15, 8, 273, 9, 1, 0, 'persen', 13000, 'bayar-tunai', '2021-10-02 19:20:38', '2021-10-02 19:20:38'),
(16, 9, 692, 3, 14, 0, 'persen', 281000, 'bayar-tunai', '2021-10-02 20:06:04', '2021-10-02 20:06:04'),
(17, 9, 683, 3, 1, 0, 'persen', 24000, 'bayar-tunai', '2021-10-02 20:06:04', '2021-10-02 20:06:04'),
(18, 9, 480, 2, 1, 0, 'persen', 14000, 'bayar-tunai', '2021-10-02 20:06:04', '2021-10-02 20:06:04'),
(19, 10, 668, 3, 10, 0, 'persen', 25000, 'bayar-tunai', '2021-10-03 16:08:31', '2021-10-03 16:08:31'),
(20, 11, 402, 2, 1, 0, 'persen', 15000, 'bayar-tunai', '2021-10-03 16:11:06', '2021-10-03 16:11:06'),
(21, 11, 1223, 7, 1, 0, 'persen', 47000, 'bayar-tunai', '2021-10-03 16:11:06', '2021-10-03 16:11:06'),
(22, 11, 1176, 29, 1, 1, 'persen', 220000, 'bayar-tunai', '2021-10-03 16:11:06', '2021-10-03 16:11:06'),
(23, 11, 602, 3, 5, 0, 'persen', 27000, 'bayar-tunai', '2021-10-03 16:11:06', '2021-10-03 16:11:06'),
(24, 11, 331, 8, 1, 0, 'persen', 32000, 'bayar-tunai', '2021-10-03 16:11:06', '2021-10-03 16:11:06'),
(25, 11, 1111, 20, 10, 0, 'persen', 51000, 'bayar-tunai', '2021-10-03 16:11:06', '2021-10-03 16:11:06'),
(26, 11, 150, 5, 10, 0, 'persen', 12000, 'bayar-tunai', '2021-10-03 16:11:06', '2021-10-03 16:11:06'),
(27, 11, 494, 9, 1, 0, 'persen', 27000, 'bayar-tunai', '2021-10-03 16:11:06', '2021-10-03 16:11:06'),
(28, 11, 668, 3, 10, 0, 'persen', 25000, 'bayar-tunai', '2021-10-03 16:11:06', '2021-10-03 16:11:06'),
(29, 12, 104, 5, 40, 5, 'persen', 11000, 'bayar-tunai', '2021-10-03 16:22:15', '2021-10-03 16:22:15'),
(30, 12, 109, 5, 20, 5, 'persen', 61000, 'bayar-tunai', '2021-10-03 16:22:15', '2021-10-03 16:22:15'),
(31, 12, 679, 3, 20, 5, 'persen', 104000, 'bayar-tunai', '2021-10-03 16:22:15', '2021-10-03 16:22:15'),
(32, 12, 865, 12, 14, 5, 'persen', 85000, 'bayar-tunai', '2021-10-03 16:22:15', '2021-10-03 16:22:15'),
(33, 12, 858, 13, 10, 5, 'persen', 61000, 'bayar-tunai', '2021-10-03 16:22:15', '2021-10-03 16:22:15'),
(34, 12, 510, 2, 1, 5, 'persen', 39000, 'bayar-tunai', '2021-10-03 16:22:15', '2021-10-03 16:22:15'),
(35, 13, 1029, 5, 10, 0, 'persen', 12000, 'bayar-tunai', '2021-10-03 17:28:41', '2021-10-03 17:28:41'),
(36, 14, 512, 2, 2, 0, 'persen', 37000, 'bayar-tunai', '2021-10-03 18:11:00', '2021-10-03 18:11:00'),
(37, 14, 60, 2, 1, 0, 'persen', 14000, 'bayar-tunai', '2021-10-03 18:11:00', '2021-10-03 18:11:00'),
(38, 14, 935, 9, 1, 0, 'persen', 5000, 'bayar-tunai', '2021-10-03 18:11:00', '2021-10-03 18:11:00'),
(39, 15, 232, 2, 1, 0, 'persen', 17000, 'bayar-tunai', '2021-10-03 18:13:20', '2021-10-03 18:13:20'),
(40, 16, 226, 2, 1, 0, 'persen', 5000, 'bayar-tunai', '2021-10-03 18:50:31', '2021-10-03 18:50:31'),
(41, 16, 225, 9, 1, 0, 'persen', 2000, 'bayar-tunai', '2021-10-03 18:50:31', '2021-10-03 18:50:31'),
(43, 18, 1166, 11, 1, 0, 'persen', 49000, 'bayar-tunai', '2021-10-03 18:51:54', '2021-10-03 18:51:54'),
(44, 19, 557, 3, 10, 0, 'persen', 74000, 'bayar-tunai', '2021-10-03 19:11:30', '2021-10-03 19:11:30'),
(45, 20, 175, 6, 1, 0, 'persen', 6000, 'bayar-tunai', '2021-10-04 15:54:15', '2021-10-04 15:54:15'),
(46, 20, 500, 2, 1, 0, 'persen', 16000, 'bayar-tunai', '2021-10-04 15:54:15', '2021-10-04 15:54:15'),
(47, 20, 153, 6, 1, 0, 'persen', 5000, 'bayar-tunai', '2021-10-04 15:54:15', '2021-10-04 15:54:15'),
(48, 21, 1055, 12, 10, 0, 'persen', 4000, 'bayar-tunai', '2021-10-04 15:54:57', '2021-10-04 15:54:57'),
(49, 21, 341, 2, 1, 0, 'persen', 1000, 'bayar-tunai', '2021-10-04 15:54:57', '2021-10-04 15:54:57'),
(50, 22, 81, 2, 1, 0, 'persen', 10000, 'bayar-tunai', '2021-10-04 15:55:37', '2021-10-04 15:55:37'),
(51, 22, 274, 2, 1, 0, 'persen', 33000, 'bayar-tunai', '2021-10-04 15:55:37', '2021-10-04 15:55:37'),
(52, 23, 591, 5, 1, 0, 'persen', 14000, 'bayar-tunai', '2021-10-04 15:55:55', '2021-10-04 15:55:55'),
(53, 24, 424, 2, 2, 0, 'persen', 6000, 'bayar-tunai', '2021-10-04 15:56:30', '2021-10-04 15:56:30'),
(54, 24, 341, 2, 1, 0, 'persen', 1000, 'bayar-tunai', '2021-10-04 15:56:30', '2021-10-04 15:56:30'),
(55, 25, 408, 2, 5, 0, 'persen', 9000, 'bayar-tunai', '2021-10-04 15:58:06', '2021-10-04 15:58:06'),
(56, 25, 486, 2, 2, 0, 'persen', 5000, 'bayar-tunai', '2021-10-04 15:58:06', '2021-10-04 15:58:06'),
(57, 25, 85, 2, 1, 0, 'persen', 4000, 'bayar-tunai', '2021-10-04 15:58:06', '2021-10-04 15:58:06'),
(58, 26, 407, 2, 1, 0, 'persen', 12000, 'bayar-tunai', '2021-10-04 15:58:22', '2021-10-04 15:58:22'),
(59, 27, 395, 2, 1, 0, 'persen', 15000, 'bayar-tunai', '2021-10-04 15:58:55', '2021-10-04 15:58:55'),
(60, 27, 19, 2, 10, 0, 'persen', 11000, 'bayar-tunai', '2021-10-04 15:58:55', '2021-10-04 15:58:55'),
(61, 28, 514, 2, 1, 0, 'persen', 35000, 'bayar-tunai', '2021-10-04 15:59:26', '2021-10-04 15:59:26'),
(62, 29, 599, 3, 10, 0, 'persen', 17000, 'bayar-tunai', '2021-10-04 15:59:46', '2021-10-04 15:59:46'),
(63, 30, 1202, 8, 10, 0, 'persen', 74000, 'bayar-tunai', '2021-10-04 16:00:35', '2021-10-04 16:00:35'),
(64, 30, 86, 2, 1, 0, 'persen', 4000, 'bayar-tunai', '2021-10-04 16:00:35', '2021-10-04 16:00:35'),
(65, 30, 215, 2, 2, 0, 'persen', 2000, 'bayar-tunai', '2021-10-04 16:00:35', '2021-10-04 16:00:35'),
(66, 31, 378, 2, 2, 0, 'persen', 9000, 'bayar-tunai', '2021-10-04 16:01:24', '2021-10-04 16:01:24'),
(67, 31, 341, 2, 1, 0, 'persen', 1000, 'bayar-tunai', '2021-10-04 16:01:24', '2021-10-04 16:01:24'),
(68, 31, 190, 6, 1, 0, 'persen', 1000, 'bayar-tunai', '2021-10-04 16:01:24', '2021-10-04 16:01:24'),
(69, 32, 391, 2, 1, 0, 'persen', 9000, 'bayar-tunai', '2021-10-04 17:00:07', '2021-10-04 17:00:07'),
(70, 33, 175, 6, 1, 0, 'persen', 6000, 'bayar-tunai', '2021-10-04 17:32:23', '2021-10-04 17:32:23'),
(71, 34, 373, 2, 1, 0, 'persen', 2000, 'bayar-tunai', '2021-10-04 18:28:34', '2021-10-04 18:28:34'),
(72, 35, 204, 2, 1, 0, 'persen', 12000, 'bayar-tunai', '2021-10-04 18:28:56', '2021-10-04 18:28:56'),
(73, 36, 280, 2, 1, 0, 'persen', 2000, 'bayar-tunai', '2021-10-04 18:37:37', '2021-10-04 18:37:37'),
(74, 36, 324, 2, 1, 0, 'persen', 15000, 'bayar-tunai', '2021-10-04 18:37:37', '2021-10-04 18:37:37'),
(75, 37, 358, 2, 1, 0, 'persen', 22000, 'bayar-tunai', '2021-10-04 18:48:25', '2021-10-04 18:48:25'),
(76, 37, 86, 2, 2, 0, 'persen', 7000, 'bayar-tunai', '2021-10-04 18:48:25', '2021-10-04 18:48:25'),
(77, 38, 874, 5, 10, 0, 'persen', 53000, 'bayar-tunai', '2021-10-04 18:52:13', '2021-10-04 18:52:13'),
(78, 38, 174, 6, 2, 0, 'persen', 5000, 'bayar-tunai', '2021-10-04 18:52:13', '2021-10-04 18:52:13'),
(79, 38, 107, 5, 10, 0, 'persen', 11000, 'bayar-tunai', '2021-10-04 18:52:13', '2021-10-04 18:52:13'),
(80, 38, 341, 2, 1, 0, 'persen', 1000, 'bayar-tunai', '2021-10-04 18:52:13', '2021-10-04 18:52:13'),
(81, 39, 552, 3, 1, 0, 'persen', 18000, 'bayar-tunai', '2021-10-04 19:02:31', '2021-10-04 19:02:31'),
(84, 41, 603, 5, 1, 0, 'persen', 17000, 'bayar-tunai', '2021-10-05 16:46:43', '2021-10-05 16:46:43'),
(85, 41, 117, 5, 20, 0, 'persen', 8000, 'bayar-tunai', '2021-10-05 16:46:43', '2021-10-05 16:46:43'),
(86, 42, 1055, 12, 20, 0, 'persen', 8000, 'bayar-tunai', '2021-10-05 16:53:03', '2021-10-05 16:53:03'),
(87, 42, 309, 2, 1, 0, 'persen', 16000, 'bayar-tunai', '2021-10-05 16:53:03', '2021-10-05 16:53:03'),
(88, 43, 250, 9, 2, 5, 'persen', 84000, 'bayar-tunai', '2021-10-05 16:53:48', '2021-10-05 16:53:48'),
(89, 44, 1089, 31, 1, 5, 'persen', 26000, 'bayar-tunai', '2021-10-05 16:54:31', '2021-10-05 16:54:31'),
(90, 45, 706, 3, 1, 0, 'persen', 44000, 'bayar-tunai', '2021-10-05 16:54:52', '2021-10-05 16:54:52'),
(91, 46, 316, 2, 1, 0, 'persen', 38000, 'bayar-tunai', '2021-10-05 17:11:48', '2021-10-05 17:11:48'),
(92, 47, 745, 3, 10, 0, 'persen', 6000, 'bayar-tunai', '2021-10-05 17:13:52', '2021-10-05 17:13:52'),
(93, 47, 664, 3, 10, 0, 'persen', 5000, 'bayar-tunai', '2021-10-05 17:13:52', '2021-10-05 17:13:52'),
(94, 47, 173, 6, 10, 0, 'persen', 46000, 'bayar-tunai', '2021-10-05 17:13:52', '2021-10-05 17:13:52'),
(95, 48, 667, 3, 10, 0, 'persen', 89000, 'bayar-tunai', '2021-10-05 17:14:14', '2021-10-05 17:14:14'),
(96, 49, 371, 2, 1, 0, 'persen', 22000, 'bayar-tunai', '2021-10-05 17:15:30', '2021-10-05 17:15:30'),
(97, 50, 678, 3, 6, 0, 'persen', 44000, 'bayar-tunai', '2021-10-05 17:15:43', '2021-10-05 17:15:43'),
(98, 51, 163, 6, 5, 0, 'persen', 9000, 'bayar-tunai', '2021-10-05 17:44:36', '2021-10-05 17:44:36'),
(99, 52, 418, 9, 1, 0, 'persen', 3000, 'bayar-tunai', '2021-10-05 18:26:44', '2021-10-05 18:26:44'),
(100, 53, 1169, 18, 1, 0, 'persen', 95000, 'bayar-tunai', '2021-10-05 19:04:37', '2021-10-05 19:04:37'),
(101, 54, 1174, 5, 1, 0, 'persen', 57000, 'bayar-tunai', '2021-10-05 20:35:45', '2021-10-05 20:35:45'),
(102, 55, 770, 1, 10, 0, 'persen', 8000, 'bayar-tunai', '2021-10-06 15:50:51', '2021-10-06 15:50:51'),
(103, 55, 85, 2, 3, 0, 'persen', 11000, 'bayar-tunai', '2021-10-06 15:50:51', '2021-10-06 15:50:51'),
(104, 55, 341, 2, 1, 0, 'persen', 1000, 'bayar-tunai', '2021-10-06 15:50:51', '2021-10-06 15:50:51'),
(105, 56, 687, 3, 10, 5, 'persen', 98000, 'bayar-tunai', '2021-10-06 15:53:53', '2021-10-06 15:53:53'),
(106, 56, 1234, 31, 10, 5, 'persen', 31000, 'bayar-tunai', '2021-10-06 15:53:53', '2021-10-06 15:53:53'),
(107, 56, 631, 3, 10, 0, 'persen', 87000, 'bayar-tunai', '2021-10-06 15:53:53', '2021-10-06 15:53:53'),
(108, 57, 321, 2, 1, 0, 'persen', 20000, 'bayar-tunai', '2021-10-06 15:55:05', '2021-10-06 15:55:05'),
(109, 57, 342, 2, 1, 0, 'persen', 19000, 'bayar-tunai', '2021-10-06 15:55:05', '2021-10-06 15:55:05'),
(110, 57, 1101, 11, 1, 0, 'persen', 16000, 'bayar-tunai', '2021-10-06 15:55:05', '2021-10-06 15:55:05'),
(111, 58, 1066, 8, 30, 0, 'persen', 190000, 'bayar-tunai', '2021-10-06 16:02:35', '2021-10-06 16:02:35'),
(112, 59, 678, 3, 18, 0, 'persen', 130000, 'bayar-tunai', '2021-10-06 16:04:06', '2021-10-06 16:04:06'),
(113, 59, 428, 2, 1, 0, 'persen', 19000, 'bayar-tunai', '2021-10-06 16:04:06', '2021-10-06 16:04:06'),
(114, 60, 635, 3, 4, 0, 'persen', 31000, 'bayar-tunai', '2021-10-06 16:05:28', '2021-10-06 16:05:28'),
(115, 61, 416, 2, 1, 0, 'persen', 14000, 'bayar-tunai', '2021-10-06 16:07:45', '2021-10-06 16:07:45'),
(116, 62, 772, 9, 1, 0, 'persen', 13000, 'bayar-tunai', '2021-10-06 16:08:34', '2021-10-06 16:08:34'),
(117, 62, 1014, 2, 1, 0, 'persen', 11000, 'bayar-tunai', '2021-10-06 16:08:34', '2021-10-06 16:08:34'),
(118, 62, 373, 2, 1, 0, 'persen', 2000, 'bayar-tunai', '2021-10-06 16:08:34', '2021-10-06 16:08:34'),
(119, 62, 341, 2, 1, 0, 'persen', 1000, 'bayar-tunai', '2021-10-06 16:08:34', '2021-10-06 16:08:34'),
(120, 62, 215, 2, 2, 0, 'persen', 2000, 'bayar-tunai', '2021-10-06 16:08:34', '2021-10-06 16:08:34'),
(121, 63, 514, 7, 1, 0, 'persen', 35000, 'bayar-tunai', '2021-10-06 16:08:57', '2021-10-06 16:08:57'),
(122, 64, 107, 5, 30, 0, 'persen', 33000, 'bayar-tunai', '2021-10-06 16:09:47', '2021-10-06 16:09:47'),
(123, 64, 111, 5, 30, 0, 'persen', 42000, 'bayar-tunai', '2021-10-06 16:09:47', '2021-10-06 16:09:47'),
(124, 65, 410, 2, 1, 0, 'persen', 8000, 'bayar-tunai', '2021-10-06 16:10:06', '2021-10-06 16:10:06'),
(125, 66, 943, 30, 1, 0, 'persen', 3000, 'bayar-tunai', '2021-10-06 16:10:28', '2021-10-06 16:10:28'),
(127, 68, 39, 2, 1, 0, 'persen', 10000, 'bayar-tunai', '2021-10-06 03:04:52', '2021-10-06 03:04:52'),
(128, 69, 241, 5, 1, 0, 'persen', 20000, 'bayar-tunai', '2021-10-06 03:06:10', '2021-10-06 03:06:10'),
(129, 69, 919, 23, 1, 0, 'persen', 18000, 'bayar-tunai', '2021-10-06 03:06:10', '2021-10-06 03:06:10'),
(130, 69, 117, 5, 1, 0, 'persen', 1000, 'bayar-tunai', '2021-10-06 03:06:10', '2021-10-06 03:06:10'),
(131, 69, 64, 2, 1, 0, 'persen', 20000, 'bayar-tunai', '2021-10-06 03:06:10', '2021-10-06 03:06:10'),
(132, 70, 309, 2, 1, 0, 'persen', 16000, 'bayar-tunai', '2021-10-06 03:20:51', '2021-10-06 03:20:51'),
(133, 71, 151, 5, 20, 0, 'persen', 7000, 'bayar-tunai', '2021-10-06 03:31:26', '2021-10-06 03:31:26'),
(134, 72, 272, 2, 1, 0, 'persen', 74000, 'bayar-tunai', '2021-10-06 03:43:19', '2021-10-06 03:43:19'),
(135, 73, 611, 3, 1, 0, 'persen', 86000, 'bayar-tunai', '2021-10-06 03:43:38', '2021-10-06 03:43:38'),
(136, 74, 852, 5, 1, 0, 'persen', 40000, 'bayar-tunai', '2021-10-06 04:18:25', '2021-10-06 04:18:25'),
(137, 75, 225, 2, 2, 0, 'persen', 3000, 'bayar-tunai', '2021-10-06 09:15:21', '2021-10-06 09:15:21'),
(138, 75, 341, 2, 1, 0, 'persen', 1000, 'bayar-tunai', '2021-10-06 09:15:21', '2021-10-06 09:15:21'),
(139, 76, 454, 2, 1, 0, 'persen', 25000, 'bayar-tunai', '2021-10-06 09:16:11', '2021-10-06 09:16:11'),
(140, 77, 518, 2, 1, 0, 'persen', 8000, 'bayar-tunai', '2021-10-06 09:16:27', '2021-10-06 09:16:27'),
(141, 78, 414, 2, 1, 0, 'persen', 17000, 'bayar-tunai', '2021-10-06 09:16:43', '2021-10-06 09:16:43'),
(142, 79, 840, 22, 1, 0, 'persen', 161000, 'bayar-tunai', '2021-10-06 09:16:57', '2021-10-06 09:16:57'),
(143, 80, 592, 7, 1, 0, 'persen', 49000, 'bayar-tunai', '2021-10-06 09:17:20', '2021-10-06 09:17:20'),
(144, 80, 341, 2, 1, 0, 'persen', 1000, 'bayar-tunai', '2021-10-06 09:17:20', '2021-10-06 09:17:20'),
(145, 81, 224, 5, 1, 0, 'persen', 24000, 'bayar-tunai', '2021-10-06 11:09:19', '2021-10-06 11:09:19'),
(146, 81, 60, 2, 1, 0, 'persen', 14000, 'bayar-tunai', '2021-10-06 11:09:19', '2021-10-06 11:09:19'),
(147, 82, 652, 3, 10, 0, 'persen', 89000, 'bayar-tunai', '2021-10-06 12:04:00', '2021-10-06 12:04:00'),
(148, 82, 277, 2, 2, 0, 'persen', 3000, 'bayar-tunai', '2021-10-06 12:04:00', '2021-10-06 12:04:00'),
(149, 82, 341, 2, 2, 0, 'persen', 2000, 'bayar-tunai', '2021-10-06 12:04:00', '2021-10-06 12:04:00');

--
-- Trigger `transaksi_kasir_det`
--
DELIMITER $$
CREATE TRIGGER `kurang_stok_obat_kasir` AFTER INSERT ON `transaksi_kasir_det` FOR EACH ROW BEGIN
	IF NEW.tipe_transaksi = 'bayar-tunai' THEN
            UPDATE obat SET stok_obat = stok_obat - NEW.jumlah WHERE id_obat = NEW.id_obat;
    END IF;
END
$$
DELIMITER ;

-- --------------------------------------------------------

--
-- Struktur dari tabel `transaksi_racik_obat`
--

CREATE TABLE `transaksi_racik_obat` (
  `id_transaksi_racik_obat` int(11) NOT NULL,
  `kode_transaksi` int(11) NOT NULL,
  `id_racik_obat_data` int(11) NOT NULL,
  `tanggal_transaksi` date NOT NULL,
  `diskon` int(11) DEFAULT NULL,
  `harga_total` int(11) NOT NULL,
  `bayar` int(11) NOT NULL,
  `kembalian` int(11) NOT NULL,
  `id_jam_shift` int(11) NOT NULL,
  `created_at` timestamp NULL DEFAULT NULL,
  `updated_at` timestamp NULL DEFAULT NULL
) ENGINE=InnoDB DEFAULT CHARSET=utf8;

--
-- Dumping data untuk tabel `transaksi_racik_obat`
--

INSERT INTO `transaksi_racik_obat` (`id_transaksi_racik_obat`, `kode_transaksi`, `id_racik_obat_data`, `tanggal_transaksi`, `diskon`, `harga_total`, `bayar`, `kembalian`, `id_jam_shift`, `created_at`, `updated_at`) VALUES
(4, 1633144245, 5, '2021-10-02', 0, 270000, 270000, 0, 1, '2021-10-02 18:10:45', '2021-10-02 18:10:45'),
(5, 1633150472, 6, '2021-10-02', 0, 283000, 283000, 0, 1, '2021-10-02 19:54:32', '2021-10-02 19:54:32'),
(6, 1633309377, 7, '2021-10-04', 0, 11000, 11000, 0, 1, '2021-10-04 16:02:57', '2021-10-04 16:02:57'),
(7, 1633435664, 8, '2021-10-05', 0, 48000, 48000, 0, 2, '2021-10-06 03:07:44', '2021-10-06 03:07:44'),
(8, 1633436034, 9, '2021-10-05', 0, 270000, 270000, 0, 2, '2021-10-06 03:13:54', '2021-10-06 03:13:54'),
(9, 1633436151, 10, '2021-10-05', 0, 285000, 285000, 0, 2, '2021-10-06 03:15:51', '2021-10-06 03:15:51');

-- --------------------------------------------------------

--
-- Struktur dari tabel `users`
--

CREATE TABLE `users` (
  `id_users` int(3) NOT NULL,
  `name` varchar(70) COLLATE utf8mb4_unicode_ci NOT NULL,
  `username` varchar(70) COLLATE utf8mb4_unicode_ci NOT NULL,
  `password` varchar(100) COLLATE utf8mb4_unicode_ci NOT NULL,
  `level_user` int(1) NOT NULL COMMENT '2=admin;1=kasir;',
  `active` int(1) NOT NULL,
  `remember_token` varchar(100) COLLATE utf8mb4_unicode_ci DEFAULT NULL,
  `status_delete` int(1) NOT NULL
) ENGINE=InnoDB DEFAULT CHARSET=utf8mb4 COLLATE=utf8mb4_unicode_ci;

--
-- Dumping data untuk tabel `users`
--

INSERT INTO `users` (`id_users`, `name`, `username`, `password`, `level_user`, `active`, `remember_token`, `status_delete`) VALUES
(1, 'Administrator', 'admin', '$2y$10$ljFZgN9zLglmkiEkYtMs3.EGYC1pDIIQoxoRf9h47xdl1ecc2fcim', 2, 1, 'DiDDYu80EHSQ93u1Mca2vmYSXAmG2dnH8FeoHRAAcU0YcfY3bdDoFvOOAoWG', 0);

--
-- Indexes for dumped tables
--

--
-- Indeks untuk tabel `dokter`
--
ALTER TABLE `dokter`
  ADD PRIMARY KEY (`id_dokter`);

--
-- Indeks untuk tabel `golongan_obat`
--
ALTER TABLE `golongan_obat`
  ADD PRIMARY KEY (`id_golongan_obat`);

--
-- Indeks untuk tabel `jam_shift`
--
ALTER TABLE `jam_shift`
  ADD PRIMARY KEY (`id_jam_shift`);

--
-- Indeks untuk tabel `jenis_obat`
--
ALTER TABLE `jenis_obat`
  ADD PRIMARY KEY (`id_jenis_obat`);

--
-- Indeks untuk tabel `komposisi_obat`
--
ALTER TABLE `komposisi_obat`
  ADD PRIMARY KEY (`id_komposisi_obat`),
  ADD KEY `komposisi_obat_ibfk_1` (`id_obat`);

--
-- Indeks untuk tabel `kredit`
--
ALTER TABLE `kredit`
  ADD PRIMARY KEY (`id_kredit`);

--
-- Indeks untuk tabel `kredit_det`
--
ALTER TABLE `kredit_det`
  ADD PRIMARY KEY (`id_kredit_det`),
  ADD KEY `id_kredit` (`id_kredit`),
  ADD KEY `id_obat` (`id_obat`),
  ADD KEY `id_supplier` (`id_supplier`);

--
-- Indeks untuk tabel `margin_obat`
--
ALTER TABLE `margin_obat`
  ADD PRIMARY KEY (`id_margin_obat`);

--
-- Indeks untuk tabel `migrations`
--
ALTER TABLE `migrations`
  ADD PRIMARY KEY (`id`);

--
-- Indeks untuk tabel `obat`
--
ALTER TABLE `obat`
  ADD PRIMARY KEY (`id_obat`),
  ADD KEY `id_jenis_obat` (`id_jenis_obat`),
  ADD KEY `obat_ibfk_2` (`id_golongan_obat`),
  ADD KEY `obat_ibfk_3` (`id_pabrik_obat`);

--
-- Indeks untuk tabel `obat_detail`
--
ALTER TABLE `obat_detail`
  ADD PRIMARY KEY (`id_obat_detail`),
  ADD KEY `id_obat` (`id_obat`),
  ADD KEY `obat_detail_ibfk_1` (`id_supplier`);

--
-- Indeks untuk tabel `pabrik_obat`
--
ALTER TABLE `pabrik_obat`
  ADD PRIMARY KEY (`id_pabrik_obat`);

--
-- Indeks untuk tabel `pasien`
--
ALTER TABLE `pasien`
  ADD PRIMARY KEY (`id_pasien`);

--
-- Indeks untuk tabel `pemakaian_obat`
--
ALTER TABLE `pemakaian_obat`
  ADD PRIMARY KEY (`id_pemakaian`),
  ADD KEY `pemakaian_obat_ibfk_1` (`id_dokter`),
  ADD KEY `pemakaian_obat_ibfk_2` (`id_supplier`),
  ADD KEY `pemakaian_obat_ibfk_3` (`id_obat`);

--
-- Indeks untuk tabel `pembelian_detail`
--
ALTER TABLE `pembelian_detail`
  ADD PRIMARY KEY (`id_pembelian_detail`),
  ADD KEY `id_obat` (`id_obat`),
  ADD KEY `id_pembelian_obat` (`id_pembelian_obat`);

--
-- Indeks untuk tabel `pembelian_obat`
--
ALTER TABLE `pembelian_obat`
  ADD PRIMARY KEY (`id_pembelian_obat`),
  ADD KEY `id_supplier` (`id_supplier`);

--
-- Indeks untuk tabel `profile_instansi`
--
ALTER TABLE `profile_instansi`
  ADD PRIMARY KEY (`id_profile_instansi`);

--
-- Indeks untuk tabel `racik_obat`
--
ALTER TABLE `racik_obat`
  ADD PRIMARY KEY (`id_racik_obat`),
  ADD KEY `id_racik_obat_data` (`id_racik_obat_data`);

--
-- Indeks untuk tabel `racik_obat_data`
--
ALTER TABLE `racik_obat_data`
  ADD PRIMARY KEY (`id_racik_obat_data`),
  ADD KEY `id_pasien` (`id_pasien`),
  ADD KEY `id_dokter` (`id_dokter`);

--
-- Indeks untuk tabel `racik_obat_detail`
--
ALTER TABLE `racik_obat_detail`
  ADD PRIMARY KEY (`id_racik_obat_detail`),
  ADD KEY `id_racik_obat` (`id_racik_obat`),
  ADD KEY `id_obat` (`id_obat`),
  ADD KEY `racik_obat_detail_ibfk_3` (`id_supplier`);

--
-- Indeks untuk tabel `stok_opnem`
--
ALTER TABLE `stok_opnem`
  ADD PRIMARY KEY (`id_stok_opnem`);

--
-- Indeks untuk tabel `stok_opnem_detail`
--
ALTER TABLE `stok_opnem_detail`
  ADD PRIMARY KEY (`id_stok_opnem_detail`),
  ADD KEY `id_stok_opnem` (`id_stok_opnem`),
  ADD KEY `id_obat` (`id_obat`);

--
-- Indeks untuk tabel `supplier_obat`
--
ALTER TABLE `supplier_obat`
  ADD PRIMARY KEY (`id_supplier`);

--
-- Indeks untuk tabel `transaksi_kasir`
--
ALTER TABLE `transaksi_kasir`
  ADD PRIMARY KEY (`id_transaksi`),
  ADD KEY `id_user` (`id_users`),
  ADD KEY `id_jam_shift` (`id_jam_shift`);

--
-- Indeks untuk tabel `transaksi_kasir_det`
--
ALTER TABLE `transaksi_kasir_det`
  ADD PRIMARY KEY (`id_transaksi_det`),
  ADD KEY `id_kasir` (`id_transaksi`),
  ADD KEY `id_obat` (`id_obat`),
  ADD KEY `transaksi_kasir_det_ibfk_1` (`id_supplier`);

--
-- Indeks untuk tabel `transaksi_racik_obat`
--
ALTER TABLE `transaksi_racik_obat`
  ADD PRIMARY KEY (`id_transaksi_racik_obat`),
  ADD KEY `transaksi_racik_obat_ibfk_1` (`id_racik_obat_data`),
  ADD KEY `id_jam_shift` (`id_jam_shift`);

--
-- Indeks untuk tabel `users`
--
ALTER TABLE `users`
  ADD PRIMARY KEY (`id_users`);

--
-- AUTO_INCREMENT untuk tabel yang dibuang
--

--
-- AUTO_INCREMENT untuk tabel `dokter`
--
ALTER TABLE `dokter`
  MODIFY `id_dokter` int(11) NOT NULL AUTO_INCREMENT, AUTO_INCREMENT=3;

--
-- AUTO_INCREMENT untuk tabel `golongan_obat`
--
ALTER TABLE `golongan_obat`
  MODIFY `id_golongan_obat` int(11) NOT NULL AUTO_INCREMENT, AUTO_INCREMENT=9;

--
-- AUTO_INCREMENT untuk tabel `jam_shift`
--
ALTER TABLE `jam_shift`
  MODIFY `id_jam_shift` int(11) NOT NULL AUTO_INCREMENT, AUTO_INCREMENT=4;

--
-- AUTO_INCREMENT untuk tabel `jenis_obat`
--
ALTER TABLE `jenis_obat`
  MODIFY `id_jenis_obat` int(11) NOT NULL AUTO_INCREMENT, AUTO_INCREMENT=27;

--
-- AUTO_INCREMENT untuk tabel `komposisi_obat`
--
ALTER TABLE `komposisi_obat`
  MODIFY `id_komposisi_obat` int(11) NOT NULL AUTO_INCREMENT, AUTO_INCREMENT=1965;

--
-- AUTO_INCREMENT untuk tabel `kredit`
--
ALTER TABLE `kredit`
  MODIFY `id_kredit` int(11) NOT NULL AUTO_INCREMENT, AUTO_INCREMENT=4;

--
-- AUTO_INCREMENT untuk tabel `kredit_det`
--
ALTER TABLE `kredit_det`
  MODIFY `id_kredit_det` int(11) NOT NULL AUTO_INCREMENT, AUTO_INCREMENT=13;

--
-- AUTO_INCREMENT untuk tabel `margin_obat`
--
ALTER TABLE `margin_obat`
  MODIFY `id_margin_obat` int(1) NOT NULL AUTO_INCREMENT, AUTO_INCREMENT=2;

--
-- AUTO_INCREMENT untuk tabel `migrations`
--
ALTER TABLE `migrations`
  MODIFY `id` int(10) UNSIGNED NOT NULL AUTO_INCREMENT, AUTO_INCREMENT=2;

--
-- AUTO_INCREMENT untuk tabel `obat`
--
ALTER TABLE `obat`
  MODIFY `id_obat` int(11) NOT NULL AUTO_INCREMENT, AUTO_INCREMENT=1253;

--
-- AUTO_INCREMENT untuk tabel `obat_detail`
--
ALTER TABLE `obat_detail`
  MODIFY `id_obat_detail` int(11) NOT NULL AUTO_INCREMENT, AUTO_INCREMENT=2353;

--
-- AUTO_INCREMENT untuk tabel `pabrik_obat`
--
ALTER TABLE `pabrik_obat`
  MODIFY `id_pabrik_obat` int(11) NOT NULL AUTO_INCREMENT, AUTO_INCREMENT=152;

--
-- AUTO_INCREMENT untuk tabel `pasien`
--
ALTER TABLE `pasien`
  MODIFY `id_pasien` int(11) NOT NULL AUTO_INCREMENT, AUTO_INCREMENT=11;

--
-- AUTO_INCREMENT untuk tabel `pemakaian_obat`
--
ALTER TABLE `pemakaian_obat`
  MODIFY `id_pemakaian` int(11) NOT NULL AUTO_INCREMENT, AUTO_INCREMENT=186;

--
-- AUTO_INCREMENT untuk tabel `pembelian_detail`
--
ALTER TABLE `pembelian_detail`
  MODIFY `id_pembelian_detail` int(11) NOT NULL AUTO_INCREMENT, AUTO_INCREMENT=10;

--
-- AUTO_INCREMENT untuk tabel `pembelian_obat`
--
ALTER TABLE `pembelian_obat`
  MODIFY `id_pembelian_obat` int(11) NOT NULL AUTO_INCREMENT, AUTO_INCREMENT=8;

--
-- AUTO_INCREMENT untuk tabel `profile_instansi`
--
ALTER TABLE `profile_instansi`
  MODIFY `id_profile_instansi` int(1) NOT NULL AUTO_INCREMENT, AUTO_INCREMENT=2;

--
-- AUTO_INCREMENT untuk tabel `racik_obat`
--
ALTER TABLE `racik_obat`
  MODIFY `id_racik_obat` int(11) NOT NULL AUTO_INCREMENT, AUTO_INCREMENT=14;

--
-- AUTO_INCREMENT untuk tabel `racik_obat_data`
--
ALTER TABLE `racik_obat_data`
  MODIFY `id_racik_obat_data` int(11) NOT NULL AUTO_INCREMENT, AUTO_INCREMENT=11;

--
-- AUTO_INCREMENT untuk tabel `racik_obat_detail`
--
ALTER TABLE `racik_obat_detail`
  MODIFY `id_racik_obat_detail` int(11) NOT NULL AUTO_INCREMENT, AUTO_INCREMENT=30;

--
-- AUTO_INCREMENT untuk tabel `stok_opnem`
--
ALTER TABLE `stok_opnem`
  MODIFY `id_stok_opnem` int(11) NOT NULL AUTO_INCREMENT, AUTO_INCREMENT=30;

--
-- AUTO_INCREMENT untuk tabel `stok_opnem_detail`
--
ALTER TABLE `stok_opnem_detail`
  MODIFY `id_stok_opnem_detail` int(11) NOT NULL AUTO_INCREMENT, AUTO_INCREMENT=2585;

--
-- AUTO_INCREMENT untuk tabel `supplier_obat`
--
ALTER TABLE `supplier_obat`
  MODIFY `id_supplier` int(11) NOT NULL AUTO_INCREMENT, AUTO_INCREMENT=34;

--
-- AUTO_INCREMENT untuk tabel `transaksi_kasir`
--
ALTER TABLE `transaksi_kasir`
  MODIFY `id_transaksi` int(11) NOT NULL AUTO_INCREMENT, AUTO_INCREMENT=83;

--
-- AUTO_INCREMENT untuk tabel `transaksi_kasir_det`
--
ALTER TABLE `transaksi_kasir_det`
  MODIFY `id_transaksi_det` int(11) NOT NULL AUTO_INCREMENT, AUTO_INCREMENT=150;

--
-- AUTO_INCREMENT untuk tabel `transaksi_racik_obat`
--
ALTER TABLE `transaksi_racik_obat`
  MODIFY `id_transaksi_racik_obat` int(11) NOT NULL AUTO_INCREMENT, AUTO_INCREMENT=10;

--
-- AUTO_INCREMENT untuk tabel `users`
--
ALTER TABLE `users`
  MODIFY `id_users` int(3) NOT NULL AUTO_INCREMENT, AUTO_INCREMENT=2;

--
-- Ketidakleluasaan untuk tabel pelimpahan (Dumped Tables)
--

--
-- Ketidakleluasaan untuk tabel `komposisi_obat`
--
ALTER TABLE `komposisi_obat`
  ADD CONSTRAINT `komposisi_obat_ibfk_1` FOREIGN KEY (`id_obat`) REFERENCES `obat` (`id_obat`) ON DELETE CASCADE ON UPDATE CASCADE;

--
-- Ketidakleluasaan untuk tabel `kredit_det`
--
ALTER TABLE `kredit_det`
  ADD CONSTRAINT `kredit_det_ibfk_1` FOREIGN KEY (`id_kredit`) REFERENCES `kredit` (`id_kredit`) ON DELETE CASCADE ON UPDATE CASCADE,
  ADD CONSTRAINT `kredit_det_ibfk_2` FOREIGN KEY (`id_obat`) REFERENCES `obat` (`id_obat`) ON DELETE CASCADE ON UPDATE CASCADE,
  ADD CONSTRAINT `kredit_det_ibfk_3` FOREIGN KEY (`id_supplier`) REFERENCES `supplier_obat` (`id_supplier`) ON DELETE CASCADE ON UPDATE CASCADE;

--
-- Ketidakleluasaan untuk tabel `obat`
--
ALTER TABLE `obat`
  ADD CONSTRAINT `obat_ibfk_1` FOREIGN KEY (`id_jenis_obat`) REFERENCES `jenis_obat` (`id_jenis_obat`) ON UPDATE CASCADE,
  ADD CONSTRAINT `obat_ibfk_2` FOREIGN KEY (`id_golongan_obat`) REFERENCES `golongan_obat` (`id_golongan_obat`) ON UPDATE CASCADE,
  ADD CONSTRAINT `obat_ibfk_3` FOREIGN KEY (`id_pabrik_obat`) REFERENCES `pabrik_obat` (`id_pabrik_obat`) ON UPDATE CASCADE;

--
-- Ketidakleluasaan untuk tabel `obat_detail`
--
ALTER TABLE `obat_detail`
  ADD CONSTRAINT `obat_detail_ibfk_1` FOREIGN KEY (`id_supplier`) REFERENCES `supplier_obat` (`id_supplier`) ON UPDATE CASCADE,
  ADD CONSTRAINT `obat_detail_ibfk_2` FOREIGN KEY (`id_obat`) REFERENCES `obat` (`id_obat`) ON DELETE CASCADE ON UPDATE CASCADE;

--
-- Ketidakleluasaan untuk tabel `pemakaian_obat`
--
ALTER TABLE `pemakaian_obat`
  ADD CONSTRAINT `pemakaian_obat_ibfk_1` FOREIGN KEY (`id_dokter`) REFERENCES `dokter` (`id_dokter`) ON UPDATE CASCADE,
  ADD CONSTRAINT `pemakaian_obat_ibfk_2` FOREIGN KEY (`id_supplier`) REFERENCES `supplier_obat` (`id_supplier`) ON UPDATE CASCADE,
  ADD CONSTRAINT `pemakaian_obat_ibfk_3` FOREIGN KEY (`id_obat`) REFERENCES `obat` (`id_obat`) ON UPDATE CASCADE;

--
-- Ketidakleluasaan untuk tabel `pembelian_detail`
--
ALTER TABLE `pembelian_detail`
  ADD CONSTRAINT `pembelian_detail_ibfk_1` FOREIGN KEY (`id_obat`) REFERENCES `obat` (`id_obat`) ON UPDATE CASCADE,
  ADD CONSTRAINT `pembelian_detail_ibfk_3` FOREIGN KEY (`id_pembelian_obat`) REFERENCES `pembelian_obat` (`id_pembelian_obat`) ON DELETE CASCADE ON UPDATE CASCADE;

--
-- Ketidakleluasaan untuk tabel `pembelian_obat`
--
ALTER TABLE `pembelian_obat`
  ADD CONSTRAINT `pembelian_obat_ibfk_1` FOREIGN KEY (`id_supplier`) REFERENCES `supplier_obat` (`id_supplier`) ON UPDATE CASCADE;

--
-- Ketidakleluasaan untuk tabel `racik_obat`
--
ALTER TABLE `racik_obat`
  ADD CONSTRAINT `racik_obat_ibfk_1` FOREIGN KEY (`id_racik_obat_data`) REFERENCES `racik_obat_data` (`id_racik_obat_data`) ON DELETE CASCADE ON UPDATE CASCADE;

--
-- Ketidakleluasaan untuk tabel `racik_obat_data`
--
ALTER TABLE `racik_obat_data`
  ADD CONSTRAINT `racik_obat_data_ibfk_1` FOREIGN KEY (`id_pasien`) REFERENCES `pasien` (`id_pasien`) ON UPDATE CASCADE,
  ADD CONSTRAINT `racik_obat_data_ibfk_2` FOREIGN KEY (`id_dokter`) REFERENCES `dokter` (`id_dokter`) ON UPDATE CASCADE;

--
-- Ketidakleluasaan untuk tabel `racik_obat_detail`
--
ALTER TABLE `racik_obat_detail`
  ADD CONSTRAINT `racik_obat_detail_ibfk_1` FOREIGN KEY (`id_racik_obat`) REFERENCES `racik_obat` (`id_racik_obat`) ON DELETE CASCADE ON UPDATE CASCADE,
  ADD CONSTRAINT `racik_obat_detail_ibfk_2` FOREIGN KEY (`id_obat`) REFERENCES `obat` (`id_obat`) ON UPDATE CASCADE,
  ADD CONSTRAINT `racik_obat_detail_ibfk_3` FOREIGN KEY (`id_supplier`) REFERENCES `supplier_obat` (`id_supplier`) ON UPDATE CASCADE;

--
-- Ketidakleluasaan untuk tabel `stok_opnem_detail`
--
ALTER TABLE `stok_opnem_detail`
  ADD CONSTRAINT `stok_opnem_detail_ibfk_1` FOREIGN KEY (`id_stok_opnem`) REFERENCES `stok_opnem` (`id_stok_opnem`) ON DELETE CASCADE ON UPDATE CASCADE,
  ADD CONSTRAINT `stok_opnem_detail_ibfk_2` FOREIGN KEY (`id_obat`) REFERENCES `obat` (`id_obat`) ON UPDATE CASCADE;

--
-- Ketidakleluasaan untuk tabel `transaksi_kasir`
--
ALTER TABLE `transaksi_kasir`
  ADD CONSTRAINT `id_users` FOREIGN KEY (`id_users`) REFERENCES `users` (`id_users`) ON UPDATE CASCADE,
  ADD CONSTRAINT `transaksi_kasir_ibfk_1` FOREIGN KEY (`id_jam_shift`) REFERENCES `jam_shift` (`id_jam_shift`) ON UPDATE CASCADE;

--
-- Ketidakleluasaan untuk tabel `transaksi_kasir_det`
--
ALTER TABLE `transaksi_kasir_det`
  ADD CONSTRAINT `id_obat` FOREIGN KEY (`id_obat`) REFERENCES `obat` (`id_obat`) ON UPDATE CASCADE,
  ADD CONSTRAINT `id_transaksi` FOREIGN KEY (`id_transaksi`) REFERENCES `transaksi_kasir` (`id_transaksi`) ON DELETE CASCADE ON UPDATE CASCADE,
  ADD CONSTRAINT `transaksi_kasir_det_ibfk_1` FOREIGN KEY (`id_supplier`) REFERENCES `supplier_obat` (`id_supplier`) ON UPDATE CASCADE;

--
-- Ketidakleluasaan untuk tabel `transaksi_racik_obat`
--
ALTER TABLE `transaksi_racik_obat`
  ADD CONSTRAINT `transaksi_racik_obat_ibfk_1` FOREIGN KEY (`id_racik_obat_data`) REFERENCES `racik_obat_data` (`id_racik_obat_data`) ON DELETE CASCADE ON UPDATE CASCADE,
  ADD CONSTRAINT `transaksi_racik_obat_ibfk_2` FOREIGN KEY (`id_jam_shift`) REFERENCES `jam_shift` (`id_jam_shift`) ON UPDATE CASCADE;
COMMIT;

/*!40101 SET CHARACTER_SET_CLIENT=@OLD_CHARACTER_SET_CLIENT */;
/*!40101 SET CHARACTER_SET_RESULTS=@OLD_CHARACTER_SET_RESULTS */;
/*!40101 SET COLLATION_CONNECTION=@OLD_COLLATION_CONNECTION */;
