-- phpMyAdmin SQL Dump
-- version 4.8.3
-- https://www.phpmyadmin.net/
--
-- Host: mysql
-- Generation Time: Aug 17, 2021 at 04:27 PM
-- Server version: 8.0.13
-- PHP Version: 7.2.8

SET SQL_MODE = "NO_AUTO_VALUE_ON_ZERO";
SET AUTOCOMMIT = 0;
START TRANSACTION;
SET time_zone = "+00:00";


/*!40101 SET @OLD_CHARACTER_SET_CLIENT=@@CHARACTER_SET_CLIENT */;
/*!40101 SET @OLD_CHARACTER_SET_RESULTS=@@CHARACTER_SET_RESULTS */;
/*!40101 SET @OLD_COLLATION_CONNECTION=@@COLLATION_CONNECTION */;
/*!40101 SET NAMES utf8mb4 */;

--
-- Database: `kasir_apotek_bunda_farma`
--

-- --------------------------------------------------------

--
-- Table structure for table `jam_shift`
--

CREATE TABLE `jam_shift` (
  `id_jam_shift` int(11) NOT NULL,
  `jam_awal` varchar(10) NOT NULL,
  `jam_akhir` varchar(10) NOT NULL,
  `ket_shift` varchar(25) NOT NULL,
  `status_delete` int(1) NOT NULL
) ENGINE=InnoDB DEFAULT CHARSET=utf8;

--
-- Dumping data for table `jam_shift`
--

INSERT INTO `jam_shift` (`id_jam_shift`, `jam_awal`, `jam_akhir`, `ket_shift`, `status_delete`) VALUES
(1, '08:00', '17:00', 'Jam Pagi', 0),
(2, '18:00', '23:59', 'Jam Malam', 0);

-- --------------------------------------------------------

--
-- Table structure for table `stok_opnem`
--

CREATE TABLE `stok_opnem` (
  `id_stok_opnem` int(11) NOT NULL,
  `tanggal_stok_opnem` date NOT NULL,
  `keterangan` text CHARACTER SET utf8 COLLATE utf8_general_ci NOT NULL,
  `created_at` timestamp NULL DEFAULT NULL,
  `updated_at` timestamp NULL DEFAULT NULL
) ENGINE=InnoDB DEFAULT CHARSET=utf8;

--
-- Dumping data for table `stok_opnem`
--

INSERT INTO `stok_opnem` (`id_stok_opnem`, `tanggal_stok_opnem`, `keterangan`, `created_at`, `updated_at`) VALUES
(1, '2021-08-17', '-', '2021-08-17 21:13:33', '2021-08-17 21:13:33'),
(2, '2021-08-17', '-', '2021-08-17 21:13:51', '2021-08-17 21:13:51'),
(3, '2021-08-17', '-', '2021-08-17 21:14:35', '2021-08-17 21:14:35'),
(4, '2021-08-17', '-', '2021-08-17 21:14:57', '2021-08-17 21:14:57'),
(5, '2021-08-17', '-', '2021-08-17 21:15:13', '2021-08-17 21:15:13'),
(6, '2021-08-17', '-', '2021-08-17 21:15:47', '2021-08-17 21:15:47'),
(7, '2021-08-17', '-', '2021-08-17 21:15:59', '2021-08-17 21:15:59'),
(8, '2021-08-17', '-', '2021-08-17 21:18:10', '2021-08-17 21:18:10'),
(9, '2021-08-17', '-', '2021-08-17 21:18:28', '2021-08-17 21:18:28'),
(10, '2021-08-17', '-', '2021-08-17 21:18:48', '2021-08-17 21:18:48'),
(11, '2021-08-17', '-', '2021-08-17 21:19:36', '2021-08-17 21:19:36'),
(12, '2021-08-17', '-', '2021-08-17 21:19:47', '2021-08-17 21:19:47'),
(13, '2021-08-17', '-', '2021-08-17 21:20:05', '2021-08-17 21:20:05'),
(14, '2021-08-17', '-', '2021-08-17 21:20:13', '2021-08-17 21:20:13'),
(15, '2021-08-17', '-', '2021-08-17 21:20:30', '2021-08-17 21:20:30'),
(16, '2021-08-17', '-', '2021-08-17 21:21:28', '2021-08-17 21:21:28'),
(17, '2021-08-17', '-', '2021-08-17 21:21:34', '2021-08-17 21:21:34');

-- --------------------------------------------------------

--
-- Table structure for table `stok_opnem_detail`
--

CREATE TABLE `stok_opnem_detail` (
  `id_stok_opnem_detail` int(11) NOT NULL,
  `id_stok_opnem` int(11) NOT NULL,
  `id_obat` int(11) NOT NULL,
  `stok_fisik` varchar(100) NOT NULL,
  `stok_selisih` varchar(100) NOT NULL,
  `sub_nilai` int(11) NOT NULL
) ENGINE=InnoDB DEFAULT CHARSET=utf8;

--
-- Dumping data for table `stok_opnem_detail`
--

INSERT INTO `stok_opnem_detail` (`id_stok_opnem_detail`, `id_stok_opnem`, `id_obat`, `stok_fisik`, `stok_selisih`, `sub_nilai`) VALUES
(1, 4, 4, '10', '479', 20000),
(2, 4, 5, '10', '288', 20000),
(3, 4, 7, '10', '268', 20000),
(4, 4, 9, '10', '39', 20000),
(5, 4, 18, '10', '40', 200000),
(6, 4, 24, '10', '163', 200000),
(7, 4, 29, '10', '0', 100000),
(8, 4, 30, '10', '90', 100000),
(9, 4, 32, '10', '205', 200000),
(10, 4, 39, '10', '107', 1353000),
(11, 4, 40, '10', '-10', 40000),
(12, 4, 41, '10', '100', 20000),
(13, 4, 43, '10', '190', 20000),
(14, 5, 4, '10', '479', 20000),
(15, 5, 5, '10', '288', 20000),
(16, 5, 7, '10', '268', 20000),
(17, 5, 9, '10', '39', 20000),
(18, 5, 18, '10', '40', 200000),
(19, 5, 24, '10', '163', 200000),
(20, 5, 29, '10', '0', 100000),
(21, 5, 30, '10', '90', 100000),
(22, 5, 32, '10', '205', 200000),
(23, 5, 39, '10', '107', 1353000),
(24, 5, 40, '10', '-10', 40000),
(25, 5, 41, '10', '100', 20000),
(26, 5, 43, '10', '190', 20000),
(27, 6, 4, '10', '479', 20000),
(28, 6, 5, '10', '288', 20000),
(29, 6, 7, '10', '268', 20000),
(30, 6, 9, '10', '39', 20000),
(31, 6, 18, '10', '40', 200000),
(32, 6, 24, '10', '163', 200000),
(33, 6, 29, '10', '0', 100000),
(34, 6, 30, '10', '90', 100000),
(35, 6, 32, '10', '205', 200000),
(36, 6, 39, '10', '107', 1353000),
(37, 6, 40, '10', '-10', 40000),
(38, 6, 41, '10', '100', 20000),
(39, 6, 43, '10', '190', 20000),
(40, 7, 4, '10', '479', 20000),
(41, 7, 5, '10', '288', 20000),
(42, 7, 7, '10', '268', 20000),
(43, 7, 9, '10', '39', 20000),
(44, 7, 18, '10', '40', 200000),
(45, 7, 24, '10', '163', 200000),
(46, 7, 29, '10', '0', 100000),
(47, 7, 30, '10', '90', 100000),
(48, 7, 32, '10', '205', 200000),
(49, 7, 39, '10', '107', 1353000),
(50, 7, 40, '10', '-10', 40000),
(51, 7, 41, '10', '100', 20000),
(52, 7, 43, '10', '190', 20000),
(53, 8, 4, '10', '479', 20000),
(54, 8, 5, '10', '288', 20000),
(55, 8, 7, '10', '268', 20000),
(56, 8, 9, '10', '39', 20000),
(57, 8, 18, '10', '40', 200000),
(58, 8, 24, '10', '163', 200000),
(59, 8, 29, '10', '0', 100000),
(60, 8, 30, '10', '90', 100000),
(61, 8, 32, '10', '205', 200000),
(62, 8, 39, '10', '107', 1353000),
(63, 8, 40, '10', '-10', 40000),
(64, 8, 41, '10', '100', 20000),
(65, 8, 43, '10', '190', 20000),
(66, 9, 4, '10', '479', 20000),
(67, 9, 5, '10', '288', 20000),
(68, 9, 7, '10', '268', 20000),
(69, 9, 9, '10', '39', 20000),
(70, 9, 18, '10', '40', 200000),
(71, 9, 24, '10', '163', 200000),
(72, 9, 29, '10', '0', 100000),
(73, 9, 30, '10', '90', 100000),
(74, 9, 32, '10', '205', 200000),
(75, 9, 39, '10', '107', 1353000),
(76, 9, 40, '10', '-10', 40000),
(77, 9, 41, '10', '100', 20000),
(78, 9, 43, '10', '190', 20000),
(79, 10, 4, '10', '479', 20000),
(80, 10, 5, '10', '288', 20000),
(81, 10, 7, '10', '268', 20000),
(82, 10, 9, '10', '39', 20000),
(83, 10, 18, '10', '40', 200000),
(84, 10, 24, '10', '163', 200000),
(85, 10, 29, '10', '0', 100000),
(86, 10, 30, '10', '90', 100000),
(87, 10, 32, '10', '205', 200000),
(88, 10, 39, '10', '107', 1353000),
(89, 10, 40, '10', '-10', 40000),
(90, 10, 41, '10', '100', 20000),
(91, 10, 43, '10', '190', 20000),
(92, 11, 4, '10', '479', 20000),
(93, 11, 5, '10', '288', 20000),
(94, 11, 7, '10', '268', 20000),
(95, 11, 9, '10', '39', 20000),
(96, 11, 18, '10', '40', 200000),
(97, 11, 24, '10', '163', 200000),
(98, 11, 29, '10', '0', 100000),
(99, 11, 30, '10', '90', 100000),
(100, 11, 32, '10', '205', 200000),
(101, 11, 39, '10', '107', 1353000),
(102, 11, 40, '10', '-10', 40000),
(103, 11, 41, '10', '100', 20000),
(104, 11, 43, '10', '190', 20000),
(105, 12, 4, '10', '479', 20000),
(106, 12, 5, '10', '288', 20000),
(107, 12, 7, '10', '268', 20000),
(108, 12, 9, '10', '39', 20000),
(109, 12, 18, '10', '40', 200000),
(110, 12, 24, '10', '163', 200000),
(111, 12, 29, '10', '0', 100000),
(112, 12, 30, '10', '90', 100000),
(113, 12, 32, '10', '205', 200000),
(114, 12, 39, '10', '107', 1353000),
(115, 12, 40, '10', '-10', 40000),
(116, 12, 41, '10', '100', 20000),
(117, 12, 43, '10', '190', 20000),
(118, 13, 4, '10', '479', 20000),
(119, 13, 5, '10', '288', 20000),
(120, 13, 7, '10', '268', 20000),
(121, 13, 9, '10', '39', 20000),
(122, 13, 18, '10', '40', 200000),
(123, 13, 24, '10', '163', 200000),
(124, 13, 29, '10', '0', 100000),
(125, 13, 30, '10', '90', 100000),
(126, 13, 32, '10', '205', 200000),
(127, 13, 39, '10', '107', 1353000),
(128, 13, 40, '10', '-10', 40000),
(129, 13, 41, '10', '100', 20000),
(130, 13, 43, '10', '190', 20000),
(131, 14, 4, '10', '479', 20000),
(132, 14, 5, '10', '288', 20000),
(133, 14, 7, '10', '268', 20000),
(134, 14, 9, '10', '39', 20000),
(135, 14, 18, '10', '40', 200000),
(136, 14, 24, '10', '163', 200000),
(137, 14, 29, '10', '0', 100000),
(138, 14, 30, '10', '90', 100000),
(139, 14, 32, '10', '205', 200000),
(140, 14, 39, '10', '107', 1353000),
(141, 14, 40, '10', '-10', 40000),
(142, 14, 41, '10', '100', 20000),
(143, 14, 43, '10', '190', 20000),
(144, 15, 4, '10', '479', 20000),
(145, 15, 5, '10', '288', 20000),
(146, 15, 7, '10', '268', 20000),
(147, 15, 9, '10', '39', 20000),
(148, 15, 18, '10', '40', 200000),
(149, 15, 24, '10', '163', 200000),
(150, 15, 29, '10', '0', 100000),
(151, 15, 30, '10', '90', 100000),
(152, 15, 32, '10', '205', 200000),
(153, 15, 39, '10', '107', 1353000),
(154, 15, 40, '10', '-10', 40000),
(155, 15, 41, '10', '100', 20000),
(156, 15, 43, '10', '190', 20000),
(157, 16, 4, '10', '479', 20000),
(158, 16, 5, '10', '288', 20000),
(159, 16, 7, '10', '268', 20000),
(160, 16, 9, '10', '39', 20000),
(161, 16, 18, '10', '40', 200000),
(162, 16, 24, '10', '163', 200000),
(163, 16, 29, '10', '0', 100000),
(164, 16, 30, '10', '90', 100000),
(165, 16, 32, '10', '205', 200000),
(166, 16, 39, '10', '107', 1353000),
(167, 16, 40, '10', '-10', 40000),
(168, 16, 41, '10', '100', 20000),
(169, 16, 43, '10', '190', 20000),
(170, 17, 4, '10', '479', 20000),
(171, 17, 5, '10', '288', 20000),
(172, 17, 7, '10', '268', 20000),
(173, 17, 9, '10', '39', 20000),
(174, 17, 18, '10', '40', 200000),
(175, 17, 24, '10', '163', 200000),
(176, 17, 29, '10', '0', 100000),
(177, 17, 30, '10', '90', 100000),
(178, 17, 32, '10', '205', 200000),
(179, 17, 39, '10', '107', 1353000),
(180, 17, 40, '10', '-10', 40000),
(181, 17, 41, '10', '100', 20000),
(182, 17, 43, '10', '190', 20000);

--
-- Indexes for dumped tables
--

--
-- Indexes for table `jam_shift`
--
ALTER TABLE `jam_shift`
  ADD PRIMARY KEY (`id_jam_shift`);

--
-- Indexes for table `stok_opnem`
--
ALTER TABLE `stok_opnem`
  ADD PRIMARY KEY (`id_stok_opnem`);

--
-- Indexes for table `stok_opnem_detail`
--
ALTER TABLE `stok_opnem_detail`
  ADD PRIMARY KEY (`id_stok_opnem_detail`),
  ADD KEY `id_stok_opnem` (`id_stok_opnem`),
  ADD KEY `id_obat` (`id_obat`);

--
-- AUTO_INCREMENT for dumped tables
--

--
-- AUTO_INCREMENT for table `jam_shift`
--
ALTER TABLE `jam_shift`
  MODIFY `id_jam_shift` int(11) NOT NULL AUTO_INCREMENT, AUTO_INCREMENT=4;

--
-- AUTO_INCREMENT for table `stok_opnem`
--
ALTER TABLE `stok_opnem`
  MODIFY `id_stok_opnem` int(11) NOT NULL AUTO_INCREMENT, AUTO_INCREMENT=18;

--
-- AUTO_INCREMENT for table `stok_opnem_detail`
--
ALTER TABLE `stok_opnem_detail`
  MODIFY `id_stok_opnem_detail` int(11) NOT NULL AUTO_INCREMENT, AUTO_INCREMENT=183;

--
-- Constraints for dumped tables
--

--
-- Constraints for table `stok_opnem_detail`
--
ALTER TABLE `stok_opnem_detail`
  ADD CONSTRAINT `stok_opnem_detail_ibfk_1` FOREIGN KEY (`id_stok_opnem`) REFERENCES `stok_opnem` (`id_stok_opnem`) ON DELETE CASCADE ON UPDATE CASCADE,
  ADD CONSTRAINT `stok_opnem_detail_ibfk_2` FOREIGN KEY (`id_obat`) REFERENCES `obat` (`id_obat`) ON DELETE RESTRICT ON UPDATE CASCADE;
COMMIT;

/*!40101 SET CHARACTER_SET_CLIENT=@OLD_CHARACTER_SET_CLIENT */;
/*!40101 SET CHARACTER_SET_RESULTS=@OLD_CHARACTER_SET_RESULTS */;
/*!40101 SET COLLATION_CONNECTION=@OLD_COLLATION_CONNECTION */;
